nohup: ignoring input

==================================================
🔥 SYSTEM CHECK: Raw Args -> ['main.py', '--model', 'deit_small', '--strategy', 'vit_pdt', '--epochs', '200', '--start_epoch', '30', '--prune_every', '20', '--channel_keep_ratio', '0.4', '--batch_size', '64', '--lr', '0.0003']
==================================================

🔥 DEBUG: Final Batch Size fixed to -> 64
>>> [System] ViT detected. Input size forced to 224 for dataloader.
📝 Logging started: deit_small_patch16_224_vit_pdt_20260326_080744.log
>>> [System] ViT detected. Input size forced to 224 for dataloader.
[*] Train classes: 100
✅ imagenet100 loaded: Train(130000), Val(5000)
   Val dir: /home/stella/data/imagenet100/val.X
Experimental Mode: pdt
Target Model: deit_small_patch16_224 | Dataset: imagenet100
>>> [Model] Loading Vision Transformer: deit_small_patch16_224
>>> [System] ViT head replaced: 384 → 100
>>> [System] Head warmup 시작 (5 epochs, head only)...
  [Head Warmup] Epoch 1/5 | Val Acc: 88.46%
  [Head Warmup] Epoch 2/5 | Val Acc: 88.40%
  [Head Warmup] Epoch 3/5 | Val Acc: 88.42%
  [Head Warmup] Epoch 4/5 | Val Acc: 88.24%
  [Head Warmup] Epoch 5/5 | Val Acc: 87.76%
>>> [System] Head warmup 완료. 전체 fine-tuning 시작.
[*] ViT Topology: 12 blocks → 24 groups (num_heads=6, head_dim=64)
>>> [System] Flash Attention disabled for Hessian computation.

[Pruner Init] Identified 24 groups for pruning.
[*] Applied Min Survival Guarantee: 10.0%
[System] Initializing ViTPDTPruner for deit_small_patch16_224

>>> Strategy: VIT_PDT | Total Epochs: 200
>>> Pruning starts at Epoch 30, every 20 epochs.
 [Normal step time] batch 0: 0.2233s
 [Normal step time] batch 100: 0.0521s
 [Normal step time] batch 200: 0.0521s
 [Normal step time] batch 300: 0.0521s
 [Normal step time] batch 400: 0.0518s
 [Normal step time] batch 500: 0.0522s
 [Normal step time] batch 600: 0.0519s
 [Normal step time] batch 700: 0.0520s
 [Normal step time] batch 800: 0.0525s
 [Normal step time] batch 900: 0.0561s
 [Normal step time] batch 1000: 0.0520s
 [Normal step time] batch 1100: 0.0521s
 [Normal step time] batch 1200: 0.0518s
 [Normal step time] batch 1300: 0.0520s
 [Normal step time] batch 1400: 0.0520s
 [Normal step time] batch 1500: 0.0526s
 [Normal step time] batch 1600: 0.0519s
 [Normal step time] batch 1700: 0.0519s
 [Normal step time] batch 1800: 0.0587s
 [Normal step time] batch 1900: 0.0513s
 [Normal step time] batch 2000: 0.0520s
Epoch 1/200 | Loss: 0.8477 | Val Acc: 77.86% | Peak VRAM: 4686.89 MB
 [Normal step time] batch 0: 0.0588s
 [Normal step time] batch 100: 0.0520s
 [Normal step time] batch 200: 0.0519s
 [Normal step time] batch 300: 0.0519s
 [Normal step time] batch 400: 0.0520s
 [Normal step time] batch 500: 0.0518s
 [Normal step time] batch 600: 0.0519s
 [Normal step time] batch 700: 0.0522s
 [Normal step time] batch 800: 0.0519s
 [Normal step time] batch 900: 0.0519s
 [Normal step time] batch 1000: 0.0520s
 [Normal step time] batch 1100: 0.0519s
 [Normal step time] batch 1200: 0.0518s
 [Normal step time] batch 1300: 0.0521s
 [Normal step time] batch 1400: 0.0520s
 [Normal step time] batch 1500: 0.0521s
 [Normal step time] batch 1600: 0.0520s
 [Normal step time] batch 1700: 0.0524s
 [Normal step time] batch 1800: 0.0516s
 [Normal step time] batch 1900: 0.0519s
 [Normal step time] batch 2000: 0.0519s
Epoch 2/200 | Loss: 0.8090 | Val Acc: 78.46% | Peak VRAM: 4687.07 MB
 [Normal step time] batch 0: 0.0526s
 [Normal step time] batch 100: 0.0525s
 [Normal step time] batch 200: 0.0571s
 [Normal step time] batch 300: 0.0521s
 [Normal step time] batch 400: 0.0520s
 [Normal step time] batch 500: 0.0519s
 [Normal step time] batch 600: 0.0546s
 [Normal step time] batch 700: 0.0515s
 [Normal step time] batch 800: 0.0521s
 [Normal step time] batch 900: 0.0521s
 [Normal step time] batch 1000: 0.0520s
 [Normal step time] batch 1100: 0.0517s
 [Normal step time] batch 1200: 0.0519s
 [Normal step time] batch 1300: 0.0518s
 [Normal step time] batch 1400: 0.0517s
 [Normal step time] batch 1500: 0.0518s
 [Normal step time] batch 1600: 0.0520s
 [Normal step time] batch 1700: 0.0523s
 [Normal step time] batch 1800: 0.0520s
 [Normal step time] batch 1900: 0.0515s
 [Normal step time] batch 2000: 0.0520s
Epoch 3/200 | Loss: 0.7659 | Val Acc: 78.38% | Peak VRAM: 4687.07 MB
 [Normal step time] batch 0: 0.0597s
 [Normal step time] batch 100: 0.0519s
 [Normal step time] batch 200: 0.0520s
 [Normal step time] batch 300: 0.0518s
 [Normal step time] batch 400: 0.0521s
 [Normal step time] batch 500: 0.0519s
 [Normal step time] batch 600: 0.0520s
 [Normal step time] batch 700: 0.0584s
 [Normal step time] batch 800: 0.0519s
 [Normal step time] batch 900: 0.0518s
 [Normal step time] batch 1000: 0.0519s
 [Normal step time] batch 1100: 0.0518s
 [Normal step time] batch 1200: 0.0520s
 [Normal step time] batch 1300: 0.0521s
 [Normal step time] batch 1400: 0.0518s
 [Normal step time] batch 1500: 0.0520s
 [Normal step time] batch 1600: 0.0518s
 [Normal step time] batch 1700: 0.0520s
 [Normal step time] batch 1800: 0.0519s
 [Normal step time] batch 1900: 0.0520s
 [Normal step time] batch 2000: 0.0520s
Epoch 4/200 | Loss: 0.7385 | Val Acc: 79.12% | Peak VRAM: 4687.07 MB
 [Normal step time] batch 0: 0.0532s
 [Normal step time] batch 100: 0.0588s
 [Normal step time] batch 200: 0.0518s
 [Normal step time] batch 300: 0.0521s
 [Normal step time] batch 400: 0.0522s
 [Normal step time] batch 500: 0.0521s
 [Normal step time] batch 600: 0.0523s
 [Normal step time] batch 700: 0.0520s
 [Normal step time] batch 800: 0.0518s
 [Normal step time] batch 900: 0.0520s
 [Normal step time] batch 1000: 0.0522s
 [Normal step time] batch 1100: 0.0522s
 [Normal step time] batch 1200: 0.0522s
 [Normal step time] batch 1300: 0.0521s
 [Normal step time] batch 1400: 0.0522s
 [Normal step time] batch 1500: 0.0521s
 [Normal step time] batch 1600: 0.0522s
 [Normal step time] batch 1700: 0.0520s
 [Normal step time] batch 1800: 0.0526s
 [Normal step time] batch 1900: 0.0519s
 [Normal step time] batch 2000: 0.0519s
Epoch 5/200 | Loss: 0.7093 | Val Acc: 78.50% | Peak VRAM: 4687.07 MB
 [Normal step time] batch 0: 0.0527s
 [Normal step time] batch 100: 0.0524s
 [Normal step time] batch 200: 0.0518s
 [Normal step time] batch 300: 0.0521s
 [Normal step time] batch 400: 0.0521s
 [Normal step time] batch 500: 0.0526s
 [Normal step time] batch 600: 0.0516s
 [Normal step time] batch 700: 0.0545s
 [Normal step time] batch 800: 0.0519s
 [Normal step time] batch 900: 0.0576s
 [Normal step time] batch 1000: 0.0520s
 [Normal step time] batch 1100: 0.0517s
 [Normal step time] batch 1200: 0.0585s
 [Normal step time] batch 1300: 0.0520s
 [Normal step time] batch 1400: 0.0520s
 [Normal step time] batch 1500: 0.0584s
 [Normal step time] batch 1600: 0.0576s
 [Normal step time] batch 1700: 0.0519s
 [Normal step time] batch 1800: 0.0519s
 [Normal step time] batch 1900: 0.0519s
 [Normal step time] batch 2000: 0.0520s
Epoch 6/200 | Loss: 0.6822 | Val Acc: 78.46% | Peak VRAM: 4687.07 MB
 [Normal step time] batch 0: 0.0591s
 [Normal step time] batch 100: 0.0519s
 [Normal step time] batch 200: 0.0519s
 [Normal step time] batch 300: 0.0519s
 [Normal step time] batch 400: 0.0555s
 [Normal step time] batch 500: 0.0519s
 [Normal step time] batch 600: 0.0550s
 [Normal step time] batch 700: 0.0519s
 [Normal step time] batch 800: 0.0520s
 [Normal step time] batch 900: 0.0520s
 [Normal step time] batch 1000: 0.0521s
 [Normal step time] batch 1100: 0.0520s
 [Normal step time] batch 1200: 0.0518s
 [Normal step time] batch 1300: 0.0521s
 [Normal step time] batch 1400: 0.0519s
 [Normal step time] batch 1500: 0.0523s
 [Normal step time] batch 1600: 0.0522s
 [Normal step time] batch 1700: 0.0521s
 [Normal step time] batch 1800: 0.0519s
 [Normal step time] batch 1900: 0.0521s
 [Normal step time] batch 2000: 0.0522s
Epoch 7/200 | Loss: 0.6654 | Val Acc: 78.36% | Peak VRAM: 4687.07 MB
 [Normal step time] batch 0: 0.0534s
 [Normal step time] batch 100: 0.0528s
 [Normal step time] batch 200: 0.0520s
 [Normal step time] batch 300: 0.0518s
 [Normal step time] batch 400: 0.0521s
 [Normal step time] batch 500: 0.0517s
 [Normal step time] batch 600: 0.0521s
 [Normal step time] batch 700: 0.0522s
 [Normal step time] batch 800: 0.0520s
 [Normal step time] batch 900: 0.0521s
 [Normal step time] batch 1000: 0.0522s
 [Normal step time] batch 1100: 0.0521s
 [Normal step time] batch 1200: 0.0519s
 [Normal step time] batch 1300: 0.0521s
 [Normal step time] batch 1400: 0.0519s
 [Normal step time] batch 1500: 0.0521s
 [Normal step time] batch 1600: 0.0522s
 [Normal step time] batch 1700: 0.0521s
 [Normal step time] batch 1800: 0.0521s
 [Normal step time] batch 1900: 0.0520s
 [Normal step time] batch 2000: 0.0521s
Epoch 8/200 | Loss: 0.6481 | Val Acc: 78.44% | Peak VRAM: 4687.07 MB
 [Normal step time] batch 0: 0.0552s
 [Normal step time] batch 100: 0.0520s
 [Normal step time] batch 200: 0.0520s
 [Normal step time] batch 300: 0.0521s
 [Normal step time] batch 400: 0.0522s
 [Normal step time] batch 500: 0.0518s
 [Normal step time] batch 600: 0.0521s
 [Normal step time] batch 700: 0.0521s
 [Normal step time] batch 800: 0.0522s
 [Normal step time] batch 900: 0.0521s
 [Normal step time] batch 1000: 0.0520s
 [Normal step time] batch 1100: 0.0519s
 [Normal step time] batch 1200: 0.0520s
 [Normal step time] batch 1300: 0.0520s
 [Normal step time] batch 1400: 0.0520s
 [Normal step time] batch 1500: 0.0517s
 [Normal step time] batch 1600: 0.0523s
 [Normal step time] batch 1700: 0.0518s
 [Normal step time] batch 1800: 0.0523s
 [Normal step time] batch 1900: 0.0520s
 [Normal step time] batch 2000: 0.0520s
Epoch 9/200 | Loss: 0.6332 | Val Acc: 79.74% | Peak VRAM: 4687.07 MB
 [Normal step time] batch 0: 0.0535s
 [Normal step time] batch 100: 0.0521s
 [Normal step time] batch 200: 0.0520s
 [Normal step time] batch 300: 0.0519s
 [Normal step time] batch 400: 0.0520s
 [Normal step time] batch 500: 0.0517s
 [Normal step time] batch 600: 0.0526s
 [Normal step time] batch 700: 0.0521s
 [Normal step time] batch 800: 0.0520s
 [Normal step time] batch 900: 0.0520s
 [Normal step time] batch 1000: 0.0519s
 [Normal step time] batch 1100: 0.0519s
 [Normal step time] batch 1200: 0.0523s
 [Normal step time] batch 1300: 0.0521s
 [Normal step time] batch 1400: 0.0520s
 [Normal step time] batch 1500: 0.0520s
 [Normal step time] batch 1600: 0.0520s
 [Normal step time] batch 1700: 0.0520s
 [Normal step time] batch 1800: 0.0585s
 [Normal step time] batch 1900: 0.0524s
 [Normal step time] batch 2000: 0.0521s
Epoch 10/200 | Loss: 0.6182 | Val Acc: 78.84% | Peak VRAM: 4687.07 MB
 [Normal step time] batch 0: 0.0539s
 [Normal step time] batch 100: 0.0519s
 [Normal step time] batch 200: 0.0519s
 [Normal step time] batch 300: 0.0539s
 [Normal step time] batch 400: 0.0517s
 [Normal step time] batch 500: 0.0519s
 [Normal step time] batch 600: 0.0516s
 [Normal step time] batch 700: 0.0519s
 [Normal step time] batch 800: 0.0528s
 [Normal step time] batch 900: 0.0518s
 [Normal step time] batch 1000: 0.1239s
 [Normal step time] batch 1100: 0.1307s
 [Normal step time] batch 1200: 0.1336s
 [Normal step time] batch 1300: 0.1903s
 [Normal step time] batch 1400: 0.0520s
 [Normal step time] batch 1500: 0.0519s
 [Normal step time] batch 1600: 0.1332s
 [Normal step time] batch 1700: 0.0520s
 [Normal step time] batch 1800: 0.0518s
 [Normal step time] batch 1900: 0.0527s
 [Normal step time] batch 2000: 0.0517s
Epoch 11/200 | Loss: 0.6046 | Val Acc: 79.38% | Peak VRAM: 4687.07 MB
 [Normal step time] batch 0: 0.0569s
 [Normal step time] batch 100: 0.0514s
 [Normal step time] batch 200: 0.0516s
 [Normal step time] batch 300: 0.0520s
 [Normal step time] batch 400: 0.0517s
 [Normal step time] batch 500: 0.0545s
 [Normal step time] batch 600: 0.0514s
 [Normal step time] batch 700: 0.0520s
 [Normal step time] batch 800: 0.0517s
 [Normal step time] batch 900: 0.0518s
 [Normal step time] batch 1000: 0.0588s
 [Normal step time] batch 1100: 0.0520s
 [Normal step time] batch 1200: 0.0518s
 [Normal step time] batch 1300: 0.0522s
 [Normal step time] batch 1400: 0.0516s
 [Normal step time] batch 1500: 0.0520s
 [Normal step time] batch 1600: 0.0517s
 [Normal step time] batch 1700: 0.0520s
 [Normal step time] batch 1800: 0.0518s
 [Normal step time] batch 1900: 0.0520s
 [Normal step time] batch 2000: 0.0521s
Epoch 12/200 | Loss: 0.5888 | Val Acc: 79.78% | Peak VRAM: 4687.07 MB
 [Normal step time] batch 0: 0.0527s
 [Normal step time] batch 100: 0.0517s
 [Normal step time] batch 200: 0.0537s
 [Normal step time] batch 300: 0.0519s
 [Normal step time] batch 400: 0.0555s
 [Normal step time] batch 500: 0.0519s
 [Normal step time] batch 600: 0.0519s
 [Normal step time] batch 700: 0.0520s
 [Normal step time] batch 800: 0.0518s
 [Normal step time] batch 900: 0.0514s
 [Normal step time] batch 1000: 0.0515s
 [Normal step time] batch 1100: 0.0559s
 [Normal step time] batch 1200: 0.0519s
 [Normal step time] batch 1300: 0.0518s
 [Normal step time] batch 1400: 0.0520s
 [Normal step time] batch 1500: 0.0567s
 [Normal step time] batch 1600: 0.0521s
 [Normal step time] batch 1700: 0.0591s
 [Normal step time] batch 1800: 0.0522s
 [Normal step time] batch 1900: 0.0518s
 [Normal step time] batch 2000: 0.0518s
Epoch 13/200 | Loss: 0.5761 | Val Acc: 78.96% | Peak VRAM: 4687.07 MB
 [Normal step time] batch 0: 0.0525s
 [Normal step time] batch 100: 0.0519s
 [Normal step time] batch 200: 0.0520s
 [Normal step time] batch 300: 0.0519s
 [Normal step time] batch 400: 0.0517s
 [Normal step time] batch 500: 0.0525s
 [Normal step time] batch 600: 0.0521s
 [Normal step time] batch 700: 0.0521s
 [Normal step time] batch 800: 0.0521s
 [Normal step time] batch 900: 0.0521s
 [Normal step time] batch 1000: 0.0519s
 [Normal step time] batch 1100: 0.0519s
 [Normal step time] batch 1200: 0.0522s
 [Normal step time] batch 1300: 0.0521s
 [Normal step time] batch 1400: 0.0521s
 [Normal step time] batch 1500: 0.1085s
 [Normal step time] batch 1600: 0.1332s
 [Normal step time] batch 1700: 0.0520s
 [Normal step time] batch 1800: 0.0521s
 [Normal step time] batch 1900: 0.0522s
 [Normal step time] batch 2000: 0.1084s
Epoch 14/200 | Loss: 0.5641 | Val Acc: 78.08% | Peak VRAM: 4687.07 MB
 [Normal step time] batch 0: 0.0530s
 [Normal step time] batch 100: 0.0524s
 [Normal step time] batch 200: 0.0537s
 [Normal step time] batch 300: 0.0520s
 [Normal step time] batch 400: 0.1151s
 [Normal step time] batch 500: 0.0521s
 [Normal step time] batch 600: 0.0525s
 [Normal step time] batch 700: 0.1171s
 [Normal step time] batch 800: 0.1150s
 [Normal step time] batch 900: 0.0519s
 [Normal step time] batch 1000: 0.0521s
 [Normal step time] batch 1100: 0.0524s
 [Normal step time] batch 1200: 0.0527s
 [Normal step time] batch 1300: 0.0519s
 [Normal step time] batch 1400: 0.1311s
 [Normal step time] batch 1500: 0.0526s
 [Normal step time] batch 1600: 0.0780s
 [Normal step time] batch 1700: 0.1308s
 [Normal step time] batch 1800: 0.0520s
 [Normal step time] batch 1900: 0.1307s
 [Normal step time] batch 2000: 0.0516s
Epoch 15/200 | Loss: 0.5606 | Val Acc: 79.20% | Peak VRAM: 4687.07 MB
 [Normal step time] batch 0: 0.1314s
 [Normal step time] batch 100: 0.0523s
 [Normal step time] batch 200: 0.0520s
 [Normal step time] batch 300: 0.1325s
 [Normal step time] batch 400: 0.0519s
 [Normal step time] batch 500: 0.0518s
 [Normal step time] batch 600: 0.1306s
 [Normal step time] batch 700: 0.0530s
 [Normal step time] batch 800: 0.0520s
 [Normal step time] batch 900: 0.0519s
 [Normal step time] batch 1000: 0.1301s
 [Normal step time] batch 1100: 0.0521s
 [Normal step time] batch 1200: 0.1302s
 [Normal step time] batch 1300: 0.0522s
 [Normal step time] batch 1400: 0.0520s
 [Normal step time] batch 1500: 0.1301s
 [Normal step time] batch 1600: 0.0528s
 [Normal step time] batch 1700: 0.1307s
 [Normal step time] batch 1800: 0.0518s
 [Normal step time] batch 1900: 0.1303s
 [Normal step time] batch 2000: 0.0518s
Epoch 16/200 | Loss: 0.5433 | Val Acc: 79.44% | Peak VRAM: 4687.07 MB
 [Normal step time] batch 0: 0.1223s
 [Normal step time] batch 100: 0.1390s
 [Normal step time] batch 200: 0.0519s
 [Normal step time] batch 300: 0.1302s
 [Normal step time] batch 400: 0.0524s
 [Normal step time] batch 500: 0.1303s
 [Normal step time] batch 600: 0.0521s
 [Normal step time] batch 700: 0.1303s
 [Normal step time] batch 800: 0.0523s
 [Normal step time] batch 900: 0.1343s
 [Normal step time] batch 1000: 0.0521s
 [Normal step time] batch 1100: 0.0517s
 [Normal step time] batch 1200: 0.1303s
 [Normal step time] batch 1300: 0.0520s
 [Normal step time] batch 1400: 0.1303s
 [Normal step time] batch 1500: 0.0514s
 [Normal step time] batch 1600: 0.0522s
 [Normal step time] batch 1700: 0.1010s
 [Normal step time] batch 1800: 0.0521s
 [Normal step time] batch 1900: 0.0518s
 [Normal step time] batch 2000: 0.0529s
Epoch 17/200 | Loss: 0.5378 | Val Acc: 78.68% | Peak VRAM: 4687.07 MB
 [Normal step time] batch 0: 0.0580s
 [Normal step time] batch 100: 0.0704s
 [Normal step time] batch 200: 0.0520s
 [Normal step time] batch 300: 0.1261s
 [Normal step time] batch 400: 0.0518s
 [Normal step time] batch 500: 0.1242s
 [Normal step time] batch 600: 0.1207s
 [Normal step time] batch 700: 0.1002s
 [Normal step time] batch 800: 0.1330s
 [Normal step time] batch 900: 0.1308s
 [Normal step time] batch 1000: 0.0519s
 [Normal step time] batch 1100: 0.0522s
 [Normal step time] batch 1200: 0.1306s
 [Normal step time] batch 1300: 0.0521s
 [Normal step time] batch 1400: 0.0520s
 [Normal step time] batch 1500: 0.0519s
 [Normal step time] batch 1600: 0.0517s
 [Normal step time] batch 1700: 0.1342s
 [Normal step time] batch 1800: 0.0519s
 [Normal step time] batch 1900: 0.0519s
 [Normal step time] batch 2000: 0.0606s
Epoch 18/200 | Loss: 0.5300 | Val Acc: 78.82% | Peak VRAM: 4687.07 MB
 [Normal step time] batch 0: 0.1314s
 [Normal step time] batch 100: 0.0517s
 [Normal step time] batch 200: 0.0521s
 [Normal step time] batch 300: 0.0606s
 [Normal step time] batch 400: 0.0517s
 [Normal step time] batch 500: 0.0532s
 [Normal step time] batch 600: 0.1135s
 [Normal step time] batch 700: 0.0526s
 [Normal step time] batch 800: 0.0591s
 [Normal step time] batch 900: 0.0531s
 [Normal step time] batch 1000: 0.1343s
 [Normal step time] batch 1100: 0.0522s
 [Normal step time] batch 1200: 0.0524s
 [Normal step time] batch 1300: 0.1308s
 [Normal step time] batch 1400: 0.0521s
 [Normal step time] batch 1500: 0.0520s
 [Normal step time] batch 1600: 0.0520s
 [Normal step time] batch 1700: 0.1317s
 [Normal step time] batch 1800: 0.0522s
 [Normal step time] batch 1900: 0.0522s
 [Normal step time] batch 2000: 0.0521s
Epoch 19/200 | Loss: 0.5264 | Val Acc: 79.32% | Peak VRAM: 4687.07 MB
 [Normal step time] batch 0: 0.0532s
 [Normal step time] batch 100: 0.0526s
 [Normal step time] batch 200: 0.0520s
 [Normal step time] batch 300: 0.0522s
 [Normal step time] batch 400: 0.0520s
 [Normal step time] batch 500: 0.0518s
 [Normal step time] batch 600: 0.0521s
 [Normal step time] batch 700: 0.0522s
 [Normal step time] batch 800: 0.0520s
 [Normal step time] batch 900: 0.0521s
 [Normal step time] batch 1000: 0.0522s
 [Normal step time] batch 1100: 0.0520s
 [Normal step time] batch 1200: 0.0520s
 [Normal step time] batch 1300: 0.0523s
 [Normal step time] batch 1400: 0.0520s
 [Normal step time] batch 1500: 0.0521s
 [Normal step time] batch 1600: 0.0521s
 [Normal step time] batch 1700: 0.0520s
 [Normal step time] batch 1800: 0.0520s
 [Normal step time] batch 1900: 0.0520s
 [Normal step time] batch 2000: 0.0524s
Epoch 20/200 | Loss: 0.5113 | Val Acc: 80.18% | Peak VRAM: 4687.07 MB
 [Normal step time] batch 0: 0.0540s
 [Normal step time] batch 100: 0.0518s
 [Normal step time] batch 200: 0.0544s
 [Normal step time] batch 300: 0.0521s
 [Normal step time] batch 400: 0.0518s
 [Normal step time] batch 500: 0.0521s
 [Normal step time] batch 600: 0.0521s
 [Normal step time] batch 700: 0.0520s
 [Normal step time] batch 800: 0.0520s
 [Normal step time] batch 900: 0.0520s
 [Normal step time] batch 1000: 0.0585s
 [Normal step time] batch 1100: 0.0520s
 [Normal step time] batch 1200: 0.0520s
 [Normal step time] batch 1300: 0.0519s
 [Normal step time] batch 1400: 0.0519s
 [Normal step time] batch 1500: 0.0536s
 [Normal step time] batch 1600: 0.0519s
 [Normal step time] batch 1700: 0.0517s
 [Normal step time] batch 1800: 0.0568s
 [Normal step time] batch 1900: 0.0521s
 [Normal step time] batch 2000: 0.0516s
Epoch 21/200 | Loss: 0.5104 | Val Acc: 77.98% | Peak VRAM: 4687.07 MB
 [Normal step time] batch 0: 0.0531s
 [Normal step time] batch 100: 0.0519s
 [Normal step time] batch 200: 0.0521s
 [Normal step time] batch 300: 0.0519s
 [Normal step time] batch 400: 0.0524s
 [Normal step time] batch 500: 0.0522s
 [Normal step time] batch 600: 0.0518s
 [Normal step time] batch 700: 0.0583s
 [Normal step time] batch 800: 0.0519s
 [Normal step time] batch 900: 0.0523s
 [Normal step time] batch 1000: 0.0519s
 [Normal step time] batch 1100: 0.0529s
 [Normal step time] batch 1200: 0.0520s
 [Normal step time] batch 1300: 0.0527s
 [Normal step time] batch 1400: 0.0518s
 [Normal step time] batch 1500: 0.0521s
 [Normal step time] batch 1600: 0.0521s
 [Normal step time] batch 1700: 0.0518s
 [Normal step time] batch 1800: 0.0522s
 [Normal step time] batch 1900: 0.0519s
 [Normal step time] batch 2000: 0.0521s
Epoch 22/200 | Loss: 0.5034 | Val Acc: 79.06% | Peak VRAM: 4687.07 MB
 [Normal step time] batch 0: 0.0534s
 [Normal step time] batch 100: 0.0520s
 [Normal step time] batch 200: 0.0517s
 [Normal step time] batch 300: 0.0521s
 [Normal step time] batch 400: 0.0579s
 [Normal step time] batch 500: 0.0518s
 [Normal step time] batch 600: 0.0516s
 [Normal step time] batch 700: 0.0517s
 [Normal step time] batch 800: 0.0518s
 [Normal step time] batch 900: 0.0519s
 [Normal step time] batch 1000: 0.0519s
 [Normal step time] batch 1100: 0.0520s
 [Normal step time] batch 1200: 0.0524s
 [Normal step time] batch 1300: 0.0520s
 [Normal step time] batch 1400: 0.0520s
 [Normal step time] batch 1500: 0.0518s
 [Normal step time] batch 1600: 0.0519s
 [Normal step time] batch 1700: 0.0519s
 [Normal step time] batch 1800: 0.0517s
 [Normal step time] batch 1900: 0.0520s
 [Normal step time] batch 2000: 0.0519s
Epoch 23/200 | Loss: 0.4907 | Val Acc: 79.50% | Peak VRAM: 4687.07 MB
 [Normal step time] batch 0: 0.0547s
 [Normal step time] batch 100: 0.0520s
 [Normal step time] batch 200: 0.0517s
 [Normal step time] batch 300: 0.0520s
 [Normal step time] batch 400: 0.0519s
 [Normal step time] batch 500: 0.0521s
 [Normal step time] batch 600: 0.0517s
 [Normal step time] batch 700: 0.0520s
 [Normal step time] batch 800: 0.0518s
 [Normal step time] batch 900: 0.0517s
 [Normal step time] batch 1000: 0.0518s
 [Normal step time] batch 1100: 0.0519s
 [Normal step time] batch 1200: 0.0541s
 [Normal step time] batch 1300: 0.0519s
 [Normal step time] batch 1400: 0.0519s
 [Normal step time] batch 1500: 0.0518s
 [Normal step time] batch 1600: 0.0519s
 [Normal step time] batch 1700: 0.0518s
 [Normal step time] batch 1800: 0.0519s
 [Normal step time] batch 1900: 0.0519s
 [Normal step time] batch 2000: 0.0514s
Epoch 24/200 | Loss: 0.4892 | Val Acc: 78.84% | Peak VRAM: 4687.07 MB
 [Normal step time] batch 0: 0.0574s
 [Normal step time] batch 100: 0.0521s
 [Normal step time] batch 200: 0.0521s
 [Normal step time] batch 300: 0.0524s
 [Normal step time] batch 400: 0.0519s
 [Normal step time] batch 500: 0.0519s
 [Normal step time] batch 600: 0.0518s
 [Normal step time] batch 700: 0.0521s
 [Normal step time] batch 800: 0.0520s
 [Normal step time] batch 900: 0.0583s
 [Normal step time] batch 1000: 0.0519s
 [Normal step time] batch 1100: 0.0519s
 [Normal step time] batch 1200: 0.0519s
 [Normal step time] batch 1300: 0.0518s
 [Normal step time] batch 1400: 0.0538s
 [Normal step time] batch 1500: 0.0524s
 [Normal step time] batch 1600: 0.0522s
 [Normal step time] batch 1700: 0.0546s
 [Normal step time] batch 1800: 0.0519s
 [Normal step time] batch 1900: 0.0517s
 [Normal step time] batch 2000: 0.0519s
Epoch 25/200 | Loss: 0.4828 | Val Acc: 78.52% | Peak VRAM: 4687.07 MB
 [Normal step time] batch 0: 0.0538s
 [Normal step time] batch 100: 0.0519s
 [Normal step time] batch 200: 0.0521s
 [Normal step time] batch 300: 0.0521s
 [Normal step time] batch 400: 0.0519s
 [Normal step time] batch 500: 0.0522s
 [Normal step time] batch 600: 0.0519s
 [Normal step time] batch 700: 0.0519s
 [Normal step time] batch 800: 0.0520s
 [Normal step time] batch 900: 0.0521s
 [Normal step time] batch 1000: 0.0520s
 [Normal step time] batch 1100: 0.0521s
 [Normal step time] batch 1200: 0.0520s
 [Normal step time] batch 1300: 0.0519s
 [Normal step time] batch 1400: 0.0519s
 [Normal step time] batch 1500: 0.0522s
 [Normal step time] batch 1600: 0.0519s
 [Normal step time] batch 1700: 0.0520s
 [Normal step time] batch 1800: 0.0520s
 [Normal step time] batch 1900: 0.0521s
 [Normal step time] batch 2000: 0.0521s
Epoch 26/200 | Loss: 0.4748 | Val Acc: 79.00% | Peak VRAM: 4687.07 MB
 [Normal step time] batch 0: 0.0596s
 [Normal step time] batch 100: 0.0520s
 [Normal step time] batch 200: 0.0537s
 [Normal step time] batch 300: 0.0521s
 [Normal step time] batch 400: 0.0515s
 [Normal step time] batch 500: 0.0514s
 [Normal step time] batch 600: 0.0516s
 [Normal step time] batch 700: 0.0522s
 [Normal step time] batch 800: 0.0520s
 [Normal step time] batch 900: 0.0519s
 [Normal step time] batch 1000: 0.0515s
 [Normal step time] batch 1100: 0.0521s
 [Normal step time] batch 1200: 0.0519s
 [Normal step time] batch 1300: 0.0520s
 [Normal step time] batch 1400: 0.0522s
 [Normal step time] batch 1500: 0.0523s
 [Normal step time] batch 1600: 0.0520s
 [Normal step time] batch 1700: 0.0521s
 [Normal step time] batch 1800: 0.0518s
 [Normal step time] batch 1900: 0.0514s
 [Normal step time] batch 2000: 0.0520s
Epoch 27/200 | Loss: 0.4743 | Val Acc: 78.58% | Peak VRAM: 4687.07 MB
 [Normal step time] batch 0: 0.0529s
 [Normal step time] batch 100: 0.0559s
 [Normal step time] batch 200: 0.0582s
 [Normal step time] batch 300: 0.0523s
 [Normal step time] batch 400: 0.0520s
 [Normal step time] batch 500: 0.0521s
 [Normal step time] batch 600: 0.0520s
 [Normal step time] batch 700: 0.0519s
 [Normal step time] batch 800: 0.0520s
 [Normal step time] batch 900: 0.0520s
 [Normal step time] batch 1000: 0.0517s
 [Normal step time] batch 1100: 0.0521s
 [Normal step time] batch 1200: 0.0521s
 [Normal step time] batch 1300: 0.0524s
 [Normal step time] batch 1400: 0.0581s
 [Normal step time] batch 1500: 0.0526s
 [Normal step time] batch 1600: 0.0520s
 [Normal step time] batch 1700: 0.0520s
 [Normal step time] batch 1800: 0.0519s
 [Normal step time] batch 1900: 0.0517s
 [Normal step time] batch 2000: 0.0519s
Epoch 28/200 | Loss: 0.4742 | Val Acc: 77.84% | Peak VRAM: 4687.07 MB
 [Normal step time] batch 0: 0.0575s
 [Normal step time] batch 100: 0.0522s
 [Normal step time] batch 200: 0.0522s
 [Normal step time] batch 300: 0.0519s
 [Normal step time] batch 400: 0.0518s
 [Normal step time] batch 500: 0.0518s
 [Normal step time] batch 600: 0.0519s
 [Normal step time] batch 700: 0.0519s
 [Normal step time] batch 800: 0.0520s
 [Normal step time] batch 900: 0.0518s
 [Normal step time] batch 1000: 0.0516s
 [Normal step time] batch 1100: 0.0519s
 [Normal step time] batch 1200: 0.0523s
 [Normal step time] batch 1300: 0.0520s
 [Normal step time] batch 1400: 0.0519s
 [Normal step time] batch 1500: 0.0521s
 [Normal step time] batch 1600: 0.0521s
 [Normal step time] batch 1700: 0.0520s
 [Normal step time] batch 1800: 0.0518s
 [Normal step time] batch 1900: 0.0519s
 [Normal step time] batch 2000: 0.0519s
Epoch 29/200 | Loss: 0.4641 | Val Acc: 78.28% | Peak VRAM: 4687.07 MB

[DEBUG] >>> PRUNING @ Epoch 30

[DEBUG] === ViT PDT Pruning (k-horizon=5): Epoch 30 ===
 [k-horizon time]: 13.42s

============================== ViT PDT k-horizon Pruning Report ==============================
 k_horizon=5 | Pruned: 2780 units | Overhead: 13.75s
 [ATTN] blocks.0.attn.qkv                        |    5/   6 |  16.7% pruned
 [FFN] blocks.0.mlp.fc1                         | 1521/1536 |   1.0% pruned
 [ATTN] blocks.1.attn.qkv                        |    5/   6 |  16.7% pruned
 [FFN] blocks.1.mlp.fc1                         | 1533/1536 |   0.2% pruned
 [ATTN] blocks.2.attn.qkv                        |    5/   6 |  16.7% pruned
 [FFN] blocks.2.mlp.fc1                         | 1481/1536 |   3.6% pruned
 [ATTN] blocks.3.attn.qkv                        |    5/   6 |  16.7% pruned
 [FFN] blocks.3.mlp.fc1                         | 1407/1536 |   8.4% pruned
 [ATTN] blocks.4.attn.qkv                        |    5/   6 |  16.7% pruned
 [FFN] blocks.4.mlp.fc1                         | 1429/1536 |   7.0% pruned
 [ATTN] blocks.5.attn.qkv                        |    5/   6 |  16.7% pruned
 [FFN] blocks.5.mlp.fc1                         | 1503/1536 |   2.1% pruned
 [ATTN] blocks.6.attn.qkv                        |    5/   6 |  16.7% pruned
 [FFN] blocks.6.mlp.fc1                         | 1516/1536 |   1.3% pruned
 [ATTN] blocks.7.attn.qkv                        |    5/   6 |  16.7% pruned
 [FFN] blocks.7.mlp.fc1                         | 1504/1536 |   2.1% pruned
 [ATTN] blocks.8.attn.qkv                        |    5/   6 |  16.7% pruned
 [FFN] blocks.8.mlp.fc1                         | 1522/1536 |   0.9% pruned
 [ATTN] blocks.9.attn.qkv                        |    5/   6 |  16.7% pruned
 [FFN] blocks.9.mlp.fc1                         | 1505/1536 |   2.0% pruned
 [ATTN] blocks.10.attn.qkv                       |    5/   6 |  16.7% pruned
 [FFN] blocks.10.mlp.fc1                        | 1383/1536 |  10.0% pruned
 [ATTN] blocks.11.attn.qkv                       |    5/   6 |  16.7% pruned
 [FFN] blocks.11.mlp.fc1                        |  750/1536 |  51.2% pruned

 Size: 72.46MB | Sparsity(weight): 10.54% | Speedup: 1.12x
===================================================================
🧹 Post-Pruning Memory Cleared & Graph Destroyed.

[Scientific Metrics - Epoch 30]
 🟢 Model Size: 81.00 MB -> 72.46 MB
 🔵 Sparsity: 7.51 %
 🟡 Speedup: 1.12x
💾 Checkpoint saved: deit_small_patch16_224_vit_pdt_ep30_sp7.51.pth
 [Normal step time] batch 100: 0.0518s
 [Normal step time] batch 200: 0.0519s
 [Normal step time] batch 300: 0.0518s
 [Normal step time] batch 400: 0.0521s
 [Normal step time] batch 500: 0.0518s
 [Normal step time] batch 600: 0.0517s
 [Normal step time] batch 700: 0.0532s
 [Normal step time] batch 800: 0.0519s
 [Normal step time] batch 900: 0.0518s
 [Normal step time] batch 1000: 0.0518s
 [Normal step time] batch 1100: 0.0523s
 [Normal step time] batch 1200: 0.0523s
 [Normal step time] batch 1300: 0.0519s
 [Normal step time] batch 1400: 0.0518s
 [Normal step time] batch 1500: 0.0522s
 [Normal step time] batch 1600: 0.0519s
 [Normal step time] batch 1700: 0.0519s
 [Normal step time] batch 1800: 0.0519s
 [Normal step time] batch 1900: 0.0519s
 [Normal step time] batch 2000: 0.0519s
Epoch 30/200 | Loss: 0.5043 | Val Acc: 77.42% | Peak VRAM: 21707.97 MB
 [Normal step time] batch 0: 0.0583s
 [Normal step time] batch 100: 0.0518s
 [Normal step time] batch 200: 0.0519s
 [Normal step time] batch 300: 0.0519s
 [Normal step time] batch 400: 0.0573s
 [Normal step time] batch 500: 0.0518s
 [Normal step time] batch 600: 0.0522s
 [Normal step time] batch 700: 0.0520s
 [Normal step time] batch 800: 0.0518s
 [Normal step time] batch 900: 0.0519s
 [Normal step time] batch 1000: 0.0519s
 [Normal step time] batch 1100: 0.0519s
 [Normal step time] batch 1200: 0.0522s
 [Normal step time] batch 1300: 0.0519s
 [Normal step time] batch 1400: 0.0518s
 [Normal step time] batch 1500: 0.0518s
 [Normal step time] batch 1600: 0.0519s
 [Normal step time] batch 1700: 0.0517s
 [Normal step time] batch 1800: 0.0518s
 [Normal step time] batch 1900: 0.0519s
 [Normal step time] batch 2000: 0.0520s
Epoch 31/200 | Loss: 0.4910 | Val Acc: 78.26% | Peak VRAM: 4692.23 MB
 [Normal step time] batch 0: 0.0592s
 [Normal step time] batch 100: 0.0531s
 [Normal step time] batch 200: 0.0520s
 [Normal step time] batch 300: 0.0520s
 [Normal step time] batch 400: 0.0519s
 [Normal step time] batch 500: 0.0521s
 [Normal step time] batch 600: 0.0519s
 [Normal step time] batch 700: 0.0524s
 [Normal step time] batch 800: 0.0518s
 [Normal step time] batch 900: 0.0520s
 [Normal step time] batch 1000: 0.0519s
 [Normal step time] batch 1100: 0.0522s
 [Normal step time] batch 1200: 0.0519s
 [Normal step time] batch 1300: 0.0521s
 [Normal step time] batch 1400: 0.0520s
 [Normal step time] batch 1500: 0.0521s
 [Normal step time] batch 1600: 0.0519s
 [Normal step time] batch 1700: 0.0520s
 [Normal step time] batch 1800: 0.0518s
 [Normal step time] batch 1900: 0.0523s
 [Normal step time] batch 2000: 0.0519s
Epoch 32/200 | Loss: 0.4833 | Val Acc: 77.46% | Peak VRAM: 4692.23 MB
 [Normal step time] batch 0: 0.0570s
 [Normal step time] batch 100: 0.0532s
 [Normal step time] batch 200: 0.0519s
 [Normal step time] batch 300: 0.0517s
 [Normal step time] batch 400: 0.0518s
 [Normal step time] batch 500: 0.0518s
 [Normal step time] batch 600: 0.0517s
 [Normal step time] batch 700: 0.0518s
 [Normal step time] batch 800: 0.0522s
 [Normal step time] batch 900: 0.0519s
 [Normal step time] batch 1000: 0.0525s
 [Normal step time] batch 1100: 0.0518s
 [Normal step time] batch 1200: 0.0519s
 [Normal step time] batch 1300: 0.0519s
 [Normal step time] batch 1400: 0.0517s
 [Normal step time] batch 1500: 0.0517s
 [Normal step time] batch 1600: 0.0526s
 [Normal step time] batch 1700: 0.0568s
 [Normal step time] batch 1800: 0.0519s
 [Normal step time] batch 1900: 0.0518s
 [Normal step time] batch 2000: 0.0520s
Epoch 33/200 | Loss: 0.4780 | Val Acc: 77.66% | Peak VRAM: 4692.23 MB
 [Normal step time] batch 0: 0.0545s
 [Normal step time] batch 100: 0.0556s
 [Normal step time] batch 200: 0.0519s
 [Normal step time] batch 300: 0.0519s
 [Normal step time] batch 400: 0.0520s
 [Normal step time] batch 500: 0.0519s
 [Normal step time] batch 600: 0.0519s
 [Normal step time] batch 700: 0.0519s
 [Normal step time] batch 800: 0.0521s
 [Normal step time] batch 900: 0.0518s
 [Normal step time] batch 1000: 0.0521s
 [Normal step time] batch 1100: 0.0518s
 [Normal step time] batch 1200: 0.0520s
 [Normal step time] batch 1300: 0.0518s
 [Normal step time] batch 1400: 0.0523s
 [Normal step time] batch 1500: 0.0520s
 [Normal step time] batch 1600: 0.0518s
 [Normal step time] batch 1700: 0.0519s
 [Normal step time] batch 1800: 0.0519s
 [Normal step time] batch 1900: 0.0519s
 [Normal step time] batch 2000: 0.0524s
Epoch 34/200 | Loss: 0.4692 | Val Acc: 77.60% | Peak VRAM: 4692.23 MB
 [Normal step time] batch 0: 0.0583s
 [Normal step time] batch 100: 0.0520s
 [Normal step time] batch 200: 0.0519s
 [Normal step time] batch 300: 0.0521s
 [Normal step time] batch 400: 0.0518s
 [Normal step time] batch 500: 0.0521s
 [Normal step time] batch 600: 0.0520s
 [Normal step time] batch 700: 0.0518s
 [Normal step time] batch 800: 0.0518s
 [Normal step time] batch 900: 0.0521s
 [Normal step time] batch 1000: 0.0519s
 [Normal step time] batch 1100: 0.0526s
 [Normal step time] batch 1200: 0.0520s
 [Normal step time] batch 1300: 0.0519s
 [Normal step time] batch 1400: 0.0566s
 [Normal step time] batch 1500: 0.0520s
 [Normal step time] batch 1600: 0.0518s
 [Normal step time] batch 1700: 0.0521s
 [Normal step time] batch 1800: 0.0517s
 [Normal step time] batch 1900: 0.0522s
 [Normal step time] batch 2000: 0.0519s
Epoch 35/200 | Loss: 0.4657 | Val Acc: 78.74% | Peak VRAM: 4692.23 MB
 [Normal step time] batch 0: 0.0564s
 [Normal step time] batch 100: 0.0547s
 [Normal step time] batch 200: 0.0523s
 [Normal step time] batch 300: 0.0519s
 [Normal step time] batch 400: 0.0520s
 [Normal step time] batch 500: 0.0520s
 [Normal step time] batch 600: 0.0519s
 [Normal step time] batch 700: 0.0540s
 [Normal step time] batch 800: 0.0520s
 [Normal step time] batch 900: 0.0520s
 [Normal step time] batch 1000: 0.0519s
 [Normal step time] batch 1100: 0.0519s
 [Normal step time] batch 1200: 0.0520s
 [Normal step time] batch 1300: 0.0519s
 [Normal step time] batch 1400: 0.0519s
 [Normal step time] batch 1500: 0.0520s
 [Normal step time] batch 1600: 0.0529s
 [Normal step time] batch 1700: 0.0520s
 [Normal step time] batch 1800: 0.0547s
 [Normal step time] batch 1900: 0.0522s
 [Normal step time] batch 2000: 0.0520s
Epoch 36/200 | Loss: 0.4587 | Val Acc: 78.74% | Peak VRAM: 4692.23 MB
 [Normal step time] batch 0: 0.0553s
 [Normal step time] batch 100: 0.0517s
 [Normal step time] batch 200: 0.0519s
 [Normal step time] batch 300: 0.0526s
 [Normal step time] batch 400: 0.0518s
 [Normal step time] batch 500: 0.0519s
 [Normal step time] batch 600: 0.0518s
 [Normal step time] batch 700: 0.0519s
 [Normal step time] batch 800: 0.0519s
 [Normal step time] batch 900: 0.0519s
 [Normal step time] batch 1000: 0.0518s
 [Normal step time] batch 1100: 0.0518s
 [Normal step time] batch 1200: 0.0518s
 [Normal step time] batch 1300: 0.0518s
 [Normal step time] batch 1400: 0.0569s
 [Normal step time] batch 1500: 0.0517s
 [Normal step time] batch 1600: 0.0518s
 [Normal step time] batch 1700: 0.0519s
 [Normal step time] batch 1800: 0.0518s
 [Normal step time] batch 1900: 0.0521s
 [Normal step time] batch 2000: 0.0580s
Epoch 37/200 | Loss: 0.4565 | Val Acc: 78.36% | Peak VRAM: 4692.23 MB
 [Normal step time] batch 0: 0.0578s
 [Normal step time] batch 100: 0.0527s
 [Normal step time] batch 200: 0.0572s
 [Normal step time] batch 300: 0.0519s
 [Normal step time] batch 400: 0.0565s
 [Normal step time] batch 500: 0.0519s
 [Normal step time] batch 600: 0.0518s
 [Normal step time] batch 700: 0.0521s
 [Normal step time] batch 800: 0.0519s
 [Normal step time] batch 900: 0.0521s
 [Normal step time] batch 1000: 0.0527s
 [Normal step time] batch 1100: 0.0526s
 [Normal step time] batch 1200: 0.0519s
 [Normal step time] batch 1300: 0.0520s
 [Normal step time] batch 1400: 0.0519s
 [Normal step time] batch 1500: 0.0520s
 [Normal step time] batch 1600: 0.0519s
 [Normal step time] batch 1700: 0.0520s
 [Normal step time] batch 1800: 0.0519s
 [Normal step time] batch 1900: 0.0517s
 [Normal step time] batch 2000: 0.0519s
Epoch 38/200 | Loss: 0.4496 | Val Acc: 77.52% | Peak VRAM: 4692.23 MB
 [Normal step time] batch 0: 0.0604s
 [Normal step time] batch 100: 0.0603s
 [Normal step time] batch 200: 0.0522s
 [Normal step time] batch 300: 0.0518s
 [Normal step time] batch 400: 0.0536s
 [Normal step time] batch 500: 0.0517s
 [Normal step time] batch 600: 0.0529s
 [Normal step time] batch 700: 0.0523s
 [Normal step time] batch 800: 0.0522s
 [Normal step time] batch 900: 0.0519s
 [Normal step time] batch 1000: 0.0518s
 [Normal step time] batch 1100: 0.0560s
 [Normal step time] batch 1200: 0.0519s
 [Normal step time] batch 1300: 0.0576s
 [Normal step time] batch 1400: 0.0519s
 [Normal step time] batch 1500: 0.0594s
 [Normal step time] batch 1600: 0.0519s
 [Normal step time] batch 1700: 0.0552s
 [Normal step time] batch 1800: 0.0568s
 [Normal step time] batch 1900: 0.0518s
 [Normal step time] batch 2000: 0.0518s
Epoch 39/200 | Loss: 0.4490 | Val Acc: 77.80% | Peak VRAM: 4692.23 MB
 [Normal step time] batch 0: 0.0573s
 [Normal step time] batch 100: 0.0520s
 [Normal step time] batch 200: 0.0518s
 [Normal step time] batch 300: 0.0525s
 [Normal step time] batch 400: 0.0520s
 [Normal step time] batch 500: 0.0562s
 [Normal step time] batch 600: 0.0525s
 [Normal step time] batch 700: 0.0521s
 [Normal step time] batch 800: 0.0519s
 [Normal step time] batch 900: 0.0519s
 [Normal step time] batch 1000: 0.0529s
 [Normal step time] batch 1100: 0.0518s
 [Normal step time] batch 1200: 0.0518s
 [Normal step time] batch 1300: 0.0521s
 [Normal step time] batch 1400: 0.0519s
 [Normal step time] batch 1500: 0.0522s
 [Normal step time] batch 1600: 0.0519s
 [Normal step time] batch 1700: 0.0523s
 [Normal step time] batch 1800: 0.0519s
 [Normal step time] batch 1900: 0.0522s
 [Normal step time] batch 2000: 0.0519s
Epoch 40/200 | Loss: 0.4451 | Val Acc: 78.32% | Peak VRAM: 4692.23 MB
 [Normal step time] batch 0: 0.0607s
 [Normal step time] batch 100: 0.0520s
 [Normal step time] batch 200: 0.0546s
 [Normal step time] batch 300: 0.0523s
 [Normal step time] batch 400: 0.0520s
 [Normal step time] batch 500: 0.0522s
 [Normal step time] batch 600: 0.0520s
 [Normal step time] batch 700: 0.0520s
 [Normal step time] batch 800: 0.0519s
 [Normal step time] batch 900: 0.0521s
 [Normal step time] batch 1000: 0.0519s
 [Normal step time] batch 1100: 0.0520s
 [Normal step time] batch 1200: 0.0521s
 [Normal step time] batch 1300: 0.0521s
 [Normal step time] batch 1400: 0.0521s
 [Normal step time] batch 1500: 0.0522s
 [Normal step time] batch 1600: 0.0521s
 [Normal step time] batch 1700: 0.0529s
 [Normal step time] batch 1800: 0.0523s
 [Normal step time] batch 1900: 0.0522s
 [Normal step time] batch 2000: 0.0520s
Epoch 41/200 | Loss: 0.4461 | Val Acc: 78.44% | Peak VRAM: 4692.23 MB
 [Normal step time] batch 0: 0.0536s
 [Normal step time] batch 100: 0.0518s
 [Normal step time] batch 200: 0.0520s
 [Normal step time] batch 300: 0.0523s
 [Normal step time] batch 400: 0.0524s
 [Normal step time] batch 500: 0.0552s
 [Normal step time] batch 600: 0.0526s
 [Normal step time] batch 700: 0.0524s
 [Normal step time] batch 800: 0.0524s
 [Normal step time] batch 900: 0.0521s
 [Normal step time] batch 1000: 0.0521s
 [Normal step time] batch 1100: 0.0520s
 [Normal step time] batch 1200: 0.0521s
 [Normal step time] batch 1300: 0.0521s
 [Normal step time] batch 1400: 0.0522s
 [Normal step time] batch 1500: 0.0541s
 [Normal step time] batch 1600: 0.0522s
 [Normal step time] batch 1700: 0.0520s
 [Normal step time] batch 1800: 0.0522s
 [Normal step time] batch 1900: 0.0519s
 [Normal step time] batch 2000: 0.0523s
Epoch 42/200 | Loss: 0.4383 | Val Acc: 76.78% | Peak VRAM: 4692.23 MB
 [Normal step time] batch 0: 0.0622s
 [Normal step time] batch 100: 0.0518s
 [Normal step time] batch 200: 0.0523s
 [Normal step time] batch 300: 0.0518s
 [Normal step time] batch 400: 0.0519s
 [Normal step time] batch 500: 0.0522s
 [Normal step time] batch 600: 0.0519s
 [Normal step time] batch 700: 0.0521s
 [Normal step time] batch 800: 0.0517s
 [Normal step time] batch 900: 0.0516s
 [Normal step time] batch 1000: 0.0519s
 [Normal step time] batch 1100: 0.0517s
 [Normal step time] batch 1200: 0.0521s
 [Normal step time] batch 1300: 0.0523s
 [Normal step time] batch 1400: 0.0520s
 [Normal step time] batch 1500: 0.0534s
 [Normal step time] batch 1600: 0.0520s
 [Normal step time] batch 1700: 0.0518s
 [Normal step time] batch 1800: 0.0518s
 [Normal step time] batch 1900: 0.0517s
 [Normal step time] batch 2000: 0.0517s
Epoch 43/200 | Loss: 0.4389 | Val Acc: 77.84% | Peak VRAM: 4692.23 MB
 [Normal step time] batch 0: 0.0531s
 [Normal step time] batch 100: 0.0519s
 [Normal step time] batch 200: 0.0523s
 [Normal step time] batch 300: 0.0524s
 [Normal step time] batch 400: 0.0519s
 [Normal step time] batch 500: 0.0522s
 [Normal step time] batch 600: 0.0536s
 [Normal step time] batch 700: 0.0547s
 [Normal step time] batch 800: 0.0588s
 [Normal step time] batch 900: 0.0522s
 [Normal step time] batch 1000: 0.0519s
 [Normal step time] batch 1100: 0.0537s
 [Normal step time] batch 1200: 0.0519s
 [Normal step time] batch 1300: 0.0519s
 [Normal step time] batch 1400: 0.0520s
 [Normal step time] batch 1500: 0.0519s
 [Normal step time] batch 1600: 0.0518s
 [Normal step time] batch 1700: 0.0518s
 [Normal step time] batch 1800: 0.0519s
 [Normal step time] batch 1900: 0.0519s
 [Normal step time] batch 2000: 0.0520s
Epoch 44/200 | Loss: 0.4348 | Val Acc: 77.60% | Peak VRAM: 4692.23 MB
 [Normal step time] batch 0: 0.0534s
 [Normal step time] batch 100: 0.0518s
 [Normal step time] batch 200: 0.0595s
 [Normal step time] batch 300: 0.0518s
 [Normal step time] batch 400: 0.0517s
 [Normal step time] batch 500: 0.0519s
 [Normal step time] batch 600: 0.0525s
 [Normal step time] batch 700: 0.0518s
 [Normal step time] batch 800: 0.0521s
 [Normal step time] batch 900: 0.0540s
 [Normal step time] batch 1000: 0.0520s
 [Normal step time] batch 1100: 0.0518s
 [Normal step time] batch 1200: 0.0556s
 [Normal step time] batch 1300: 0.0518s
 [Normal step time] batch 1400: 0.0555s
 [Normal step time] batch 1500: 0.0519s
 [Normal step time] batch 1600: 0.0518s
 [Normal step time] batch 1700: 0.0519s
 [Normal step time] batch 1800: 0.0519s
 [Normal step time] batch 1900: 0.0523s
 [Normal step time] batch 2000: 0.0531s
Epoch 45/200 | Loss: 0.4310 | Val Acc: 77.48% | Peak VRAM: 4692.23 MB
 [Normal step time] batch 0: 0.0547s
 [Normal step time] batch 100: 0.0521s
 [Normal step time] batch 200: 0.0519s
 [Normal step time] batch 300: 0.0521s
 [Normal step time] batch 400: 0.0519s
 [Normal step time] batch 500: 0.0521s
 [Normal step time] batch 600: 0.0530s
 [Normal step time] batch 700: 0.0521s
 [Normal step time] batch 800: 0.0518s
 [Normal step time] batch 900: 0.0522s
 [Normal step time] batch 1000: 0.0537s
 [Normal step time] batch 1100: 0.0523s
 [Normal step time] batch 1200: 0.0520s
 [Normal step time] batch 1300: 0.0521s
 [Normal step time] batch 1400: 0.0519s
 [Normal step time] batch 1500: 0.0521s
 [Normal step time] batch 1600: 0.0519s
 [Normal step time] batch 1700: 0.0520s
 [Normal step time] batch 1800: 0.0519s
 [Normal step time] batch 1900: 0.0526s
 [Normal step time] batch 2000: 0.0518s
Epoch 46/200 | Loss: 0.4325 | Val Acc: 77.28% | Peak VRAM: 4692.23 MB
 [Normal step time] batch 0: 0.0542s
 [Normal step time] batch 100: 0.0524s
 [Normal step time] batch 200: 0.0578s
 [Normal step time] batch 300: 0.0521s
 [Normal step time] batch 400: 0.0519s
 [Normal step time] batch 500: 0.0524s
 [Normal step time] batch 600: 0.0519s
 [Normal step time] batch 700: 0.0520s
 [Normal step time] batch 800: 0.0517s
 [Normal step time] batch 900: 0.0520s
 [Normal step time] batch 1000: 0.0518s
 [Normal step time] batch 1100: 0.0517s
 [Normal step time] batch 1200: 0.0517s
 [Normal step time] batch 1300: 0.0516s
 [Normal step time] batch 1400: 0.0517s
 [Normal step time] batch 1500: 0.0518s
 [Normal step time] batch 1600: 0.0518s
 [Normal step time] batch 1700: 0.0519s
 [Normal step time] batch 1800: 0.0518s
 [Normal step time] batch 1900: 0.0518s
 [Normal step time] batch 2000: 0.0517s
Epoch 47/200 | Loss: 0.4301 | Val Acc: 77.58% | Peak VRAM: 4692.23 MB
 [Normal step time] batch 0: 0.0593s
 [Normal step time] batch 100: 0.0520s
 [Normal step time] batch 200: 0.0531s
 [Normal step time] batch 300: 0.0542s
 [Normal step time] batch 400: 0.0520s
 [Normal step time] batch 500: 0.0538s
 [Normal step time] batch 600: 0.0519s
 [Normal step time] batch 700: 0.0522s
 [Normal step time] batch 800: 0.0522s
 [Normal step time] batch 900: 0.0523s
 [Normal step time] batch 1000: 0.0519s
 [Normal step time] batch 1100: 0.0522s
 [Normal step time] batch 1200: 0.0520s
 [Normal step time] batch 1300: 0.0521s
 [Normal step time] batch 1400: 0.0519s
 [Normal step time] batch 1500: 0.0522s
 [Normal step time] batch 1600: 0.0520s
 [Normal step time] batch 1700: 0.0521s
 [Normal step time] batch 1800: 0.0520s
 [Normal step time] batch 1900: 0.0533s
 [Normal step time] batch 2000: 0.0525s
Epoch 48/200 | Loss: 0.4246 | Val Acc: 76.82% | Peak VRAM: 4692.23 MB
 [Normal step time] batch 0: 0.0540s
 [Normal step time] batch 100: 0.0521s
 [Normal step time] batch 200: 0.0546s
 [Normal step time] batch 300: 0.0527s
 [Normal step time] batch 400: 0.0519s
 [Normal step time] batch 500: 0.0521s
 [Normal step time] batch 600: 0.0519s
 [Normal step time] batch 700: 0.0521s
 [Normal step time] batch 800: 0.0520s
 [Normal step time] batch 900: 0.0521s
 [Normal step time] batch 1000: 0.0521s
 [Normal step time] batch 1100: 0.0520s
 [Normal step time] batch 1200: 0.0537s
 [Normal step time] batch 1300: 0.0518s
 [Normal step time] batch 1400: 0.0517s
 [Normal step time] batch 1500: 0.0522s
 [Normal step time] batch 1600: 0.0520s
 [Normal step time] batch 1700: 0.0519s
 [Normal step time] batch 1800: 0.0522s
 [Normal step time] batch 1900: 0.0518s
 [Normal step time] batch 2000: 0.0517s
Epoch 49/200 | Loss: 0.4227 | Val Acc: 77.78% | Peak VRAM: 4692.23 MB

[DEBUG] >>> PRUNING @ Epoch 50

[DEBUG] === ViT PDT Pruning (k-horizon=5): Epoch 50 ===
 [k-horizon time]: 12.99s

============================== ViT PDT k-horizon Pruning Report ==============================
 k_horizon=5 | Pruned: 2356 units | Overhead: 13.30s
 [ATTN] blocks.0.attn.qkv                        |    5/   6 |  16.7% pruned
 [FFN] blocks.0.mlp.fc1                         | 1466/1536 |   4.6% pruned
 [ATTN] blocks.1.attn.qkv                        |    4/   6 |  33.3% pruned
 [FFN] blocks.1.mlp.fc1                         | 1501/1536 |   2.3% pruned
 [ATTN] blocks.2.attn.qkv                        |    4/   6 |  33.3% pruned
 [FFN] blocks.2.mlp.fc1                         | 1370/1536 |  10.8% pruned
 [ATTN] blocks.3.attn.qkv                        |    4/   6 |  33.3% pruned
 [FFN] blocks.3.mlp.fc1                         | 1320/1536 |  14.1% pruned
 [ATTN] blocks.4.attn.qkv                        |    4/   6 |  33.3% pruned
 [FFN] blocks.4.mlp.fc1                         | 1373/1536 |  10.6% pruned
 [ATTN] blocks.5.attn.qkv                        |    4/   6 |  33.3% pruned
 [FFN] blocks.5.mlp.fc1                         | 1478/1536 |   3.8% pruned
 [ATTN] blocks.6.attn.qkv                        |    5/   6 |  16.7% pruned
 [FFN] blocks.6.mlp.fc1                         | 1490/1536 |   3.0% pruned
 [ATTN] blocks.7.attn.qkv                        |    4/   6 |  33.3% pruned
 [FFN] blocks.7.mlp.fc1                         | 1469/1536 |   4.4% pruned
 [ATTN] blocks.8.attn.qkv                        |    5/   6 |  16.7% pruned
 [FFN] blocks.8.mlp.fc1                         | 1499/1536 |   2.4% pruned
 [ATTN] blocks.9.attn.qkv                        |    4/   6 |  33.3% pruned
 [FFN] blocks.9.mlp.fc1                         | 1403/1536 |   8.7% pruned
 [ATTN] blocks.10.attn.qkv                       |    3/   6 |  50.0% pruned
 [FFN] blocks.10.mlp.fc1                        | 1035/1536 |  32.6% pruned
 [ATTN] blocks.11.attn.qkv                       |    5/   6 |  16.7% pruned
 [FFN] blocks.11.mlp.fc1                        |  481/1536 |  68.7% pruned

 Size: 65.66MB | Sparsity(weight): 18.93% | Speedup: 1.23x
===================================================================
🧹 Post-Pruning Memory Cleared & Graph Destroyed.

[Scientific Metrics - Epoch 50]
 🟢 Model Size: 81.00 MB -> 65.66 MB
 🔵 Sparsity: 13.88 %
 🟡 Speedup: 1.23x
💾 Checkpoint saved: deit_small_patch16_224_vit_pdt_ep50_sp13.88.pth
 [Normal step time] batch 100: 0.0522s
 [Normal step time] batch 200: 0.0544s
 [Normal step time] batch 300: 0.0536s
 [Normal step time] batch 400: 0.0519s
 [Normal step time] batch 500: 0.0520s
 [Normal step time] batch 600: 0.0520s
 [Normal step time] batch 700: 0.0519s
 [Normal step time] batch 800: 0.0519s
 [Normal step time] batch 900: 0.0520s
 [Normal step time] batch 1000: 0.0519s
 [Normal step time] batch 1100: 0.0520s
 [Normal step time] batch 1200: 0.0519s
 [Normal step time] batch 1300: 0.0520s
 [Normal step time] batch 1400: 0.0520s
 [Normal step time] batch 1500: 0.0520s
 [Normal step time] batch 1600: 0.0519s
 [Normal step time] batch 1700: 0.0519s
 [Normal step time] batch 1800: 0.0600s
 [Normal step time] batch 1900: 0.0520s
 [Normal step time] batch 2000: 0.0522s
Epoch 50/200 | Loss: 0.4833 | Val Acc: 76.24% | Peak VRAM: 21706.69 MB
 [Normal step time] batch 0: 0.0577s
 [Normal step time] batch 100: 0.0523s
 [Normal step time] batch 200: 0.0520s
 [Normal step time] batch 300: 0.0520s
 [Normal step time] batch 400: 0.0519s
 [Normal step time] batch 500: 0.0520s
 [Normal step time] batch 600: 0.0519s
 [Normal step time] batch 700: 0.0519s
 [Normal step time] batch 800: 0.0519s
 [Normal step time] batch 900: 0.0520s
 [Normal step time] batch 1000: 0.0585s
 [Normal step time] batch 1100: 0.0520s
 [Normal step time] batch 1200: 0.0519s
 [Normal step time] batch 1300: 0.0525s
 [Normal step time] batch 1400: 0.0522s
 [Normal step time] batch 1500: 0.0521s
 [Normal step time] batch 1600: 0.0539s
 [Normal step time] batch 1700: 0.0523s
 [Normal step time] batch 1800: 0.0521s
 [Normal step time] batch 1900: 0.0521s
 [Normal step time] batch 2000: 0.0520s
Epoch 51/200 | Loss: 0.4594 | Val Acc: 77.04% | Peak VRAM: 4686.10 MB
 [Normal step time] batch 0: 0.0625s
 [Normal step time] batch 100: 0.0520s
 [Normal step time] batch 200: 0.0522s
 [Normal step time] batch 300: 0.0520s
 [Normal step time] batch 400: 0.0527s
 [Normal step time] batch 500: 0.0522s
 [Normal step time] batch 600: 0.0521s
 [Normal step time] batch 700: 0.0522s
 [Normal step time] batch 800: 0.0526s
 [Normal step time] batch 900: 0.0523s
 [Normal step time] batch 1000: 0.0520s
 [Normal step time] batch 1100: 0.0522s
 [Normal step time] batch 1200: 0.0544s
 [Normal step time] batch 1300: 0.0522s
 [Normal step time] batch 1400: 0.0520s
 [Normal step time] batch 1500: 0.0522s
 [Normal step time] batch 1600: 0.0520s
 [Normal step time] batch 1700: 0.0521s
 [Normal step time] batch 1800: 0.0518s
 [Normal step time] batch 1900: 0.0521s
 [Normal step time] batch 2000: 0.0518s
Epoch 52/200 | Loss: 0.4449 | Val Acc: 76.72% | Peak VRAM: 4686.10 MB
 [Normal step time] batch 0: 0.0591s
 [Normal step time] batch 100: 0.0520s
 [Normal step time] batch 200: 0.0519s
 [Normal step time] batch 300: 0.0519s
 [Normal step time] batch 400: 0.0547s
 [Normal step time] batch 500: 0.0520s
 [Normal step time] batch 600: 0.0547s
 [Normal step time] batch 700: 0.0575s
 [Normal step time] batch 800: 0.0519s
 [Normal step time] batch 900: 0.0520s
 [Normal step time] batch 1000: 0.0519s
 [Normal step time] batch 1100: 0.0519s
 [Normal step time] batch 1200: 0.0522s
 [Normal step time] batch 1300: 0.0521s
 [Normal step time] batch 1400: 0.0530s
 [Normal step time] batch 1500: 0.0519s
 [Normal step time] batch 1600: 0.0523s
 [Normal step time] batch 1700: 0.0520s
 [Normal step time] batch 1800: 0.0594s
 [Normal step time] batch 1900: 0.0520s
 [Normal step time] batch 2000: 0.0520s
Epoch 53/200 | Loss: 0.4447 | Val Acc: 76.50% | Peak VRAM: 4686.10 MB
 [Normal step time] batch 0: 0.0533s
 [Normal step time] batch 100: 0.0525s
 [Normal step time] batch 200: 0.0520s
 [Normal step time] batch 300: 0.0522s
 [Normal step time] batch 400: 0.0520s
 [Normal step time] batch 500: 0.0521s
 [Normal step time] batch 600: 0.0558s
 [Normal step time] batch 700: 0.0521s
 [Normal step time] batch 800: 0.0575s
 [Normal step time] batch 900: 0.0539s
 [Normal step time] batch 1000: 0.0542s
 [Normal step time] batch 1100: 0.0581s
 [Normal step time] batch 1200: 0.0520s
 [Normal step time] batch 1300: 0.0521s
 [Normal step time] batch 1400: 0.0520s
 [Normal step time] batch 1500: 0.0522s
 [Normal step time] batch 1600: 0.0521s
 [Normal step time] batch 1700: 0.0522s
 [Normal step time] batch 1800: 0.0526s
 [Normal step time] batch 1900: 0.0521s
 [Normal step time] batch 2000: 0.0521s
Epoch 54/200 | Loss: 0.4340 | Val Acc: 76.54% | Peak VRAM: 4686.10 MB
 [Normal step time] batch 0: 0.0557s
 [Normal step time] batch 100: 0.0526s
 [Normal step time] batch 200: 0.0598s
 [Normal step time] batch 300: 0.0526s
 [Normal step time] batch 400: 0.0532s
 [Normal step time] batch 500: 0.0522s
 [Normal step time] batch 600: 0.0557s
 [Normal step time] batch 700: 0.0568s
 [Normal step time] batch 800: 0.0523s
 [Normal step time] batch 900: 0.0519s
 [Normal step time] batch 1000: 0.0593s
 [Normal step time] batch 1100: 0.0520s
 [Normal step time] batch 1200: 0.0521s
 [Normal step time] batch 1300: 0.0520s
 [Normal step time] batch 1400: 0.0519s
 [Normal step time] batch 1500: 0.0522s
 [Normal step time] batch 1600: 0.0586s
 [Normal step time] batch 1700: 0.0528s
 [Normal step time] batch 1800: 0.0519s
 [Normal step time] batch 1900: 0.0522s
 [Normal step time] batch 2000: 0.0519s
Epoch 55/200 | Loss: 0.4404 | Val Acc: 76.96% | Peak VRAM: 4686.10 MB
 [Normal step time] batch 0: 0.0570s
 [Normal step time] batch 100: 0.0524s
 [Normal step time] batch 200: 0.0523s
 [Normal step time] batch 300: 0.0521s
 [Normal step time] batch 400: 0.0522s
 [Normal step time] batch 500: 0.0523s
 [Normal step time] batch 600: 0.0522s
 [Normal step time] batch 700: 0.0522s
 [Normal step time] batch 800: 0.0524s
 [Normal step time] batch 900: 0.0523s
 [Normal step time] batch 1000: 0.0521s
 [Normal step time] batch 1100: 0.0519s
 [Normal step time] batch 1200: 0.0523s
 [Normal step time] batch 1300: 0.0558s
 [Normal step time] batch 1400: 0.0525s
 [Normal step time] batch 1500: 0.0557s
 [Normal step time] batch 1600: 0.0520s
 [Normal step time] batch 1700: 0.0527s
 [Normal step time] batch 1800: 0.0565s
 [Normal step time] batch 1900: 0.0520s
 [Normal step time] batch 2000: 0.0520s
Epoch 56/200 | Loss: 0.4323 | Val Acc: 77.06% | Peak VRAM: 4686.10 MB
 [Normal step time] batch 0: 0.0633s
 [Normal step time] batch 100: 0.0522s
 [Normal step time] batch 200: 0.0520s
 [Normal step time] batch 300: 0.0522s
 [Normal step time] batch 400: 0.0590s
 [Normal step time] batch 500: 0.0522s
 [Normal step time] batch 600: 0.0520s
 [Normal step time] batch 700: 0.0523s
 [Normal step time] batch 800: 0.0522s
 [Normal step time] batch 900: 0.0522s
 [Normal step time] batch 1000: 0.0521s
 [Normal step time] batch 1100: 0.0523s
 [Normal step time] batch 1200: 0.0520s
 [Normal step time] batch 1300: 0.0522s
 [Normal step time] batch 1400: 0.0547s
 [Normal step time] batch 1500: 0.0523s
 [Normal step time] batch 1600: 0.0523s
 [Normal step time] batch 1700: 0.0521s
 [Normal step time] batch 1800: 0.0522s
 [Normal step time] batch 1900: 0.0521s
 [Normal step time] batch 2000: 0.0528s
Epoch 57/200 | Loss: 0.4277 | Val Acc: 76.98% | Peak VRAM: 4686.10 MB
 [Normal step time] batch 0: 0.0561s
 [Normal step time] batch 100: 0.0521s
 [Normal step time] batch 200: 0.0522s
 [Normal step time] batch 300: 0.0521s
 [Normal step time] batch 400: 0.0521s
 [Normal step time] batch 500: 0.0521s
 [Normal step time] batch 600: 0.0521s
 [Normal step time] batch 700: 0.0522s
 [Normal step time] batch 800: 0.0521s
 [Normal step time] batch 900: 0.0521s
 [Normal step time] batch 1000: 0.0527s
 [Normal step time] batch 1100: 0.0523s
 [Normal step time] batch 1200: 0.0526s
 [Normal step time] batch 1300: 0.0523s
 [Normal step time] batch 1400: 0.0520s
 [Normal step time] batch 1500: 0.0522s
 [Normal step time] batch 1600: 0.0520s
 [Normal step time] batch 1700: 0.0524s
 [Normal step time] batch 1800: 0.0521s
 [Normal step time] batch 1900: 0.0523s
 [Normal step time] batch 2000: 0.0527s
Epoch 58/200 | Loss: 0.4258 | Val Acc: 77.46% | Peak VRAM: 4686.10 MB
 [Normal step time] batch 0: 0.0530s
 [Normal step time] batch 100: 0.0524s
 [Normal step time] batch 200: 0.0522s
 [Normal step time] batch 300: 0.0522s
 [Normal step time] batch 400: 0.0522s
 [Normal step time] batch 500: 0.0521s
 [Normal step time] batch 600: 0.0521s
 [Normal step time] batch 700: 0.0521s
 [Normal step time] batch 800: 0.0522s
 [Normal step time] batch 900: 0.0523s
 [Normal step time] batch 1000: 0.0522s
 [Normal step time] batch 1100: 0.0521s
 [Normal step time] batch 1200: 0.0553s
 [Normal step time] batch 1300: 0.0520s
 [Normal step time] batch 1400: 0.0519s
 [Normal step time] batch 1500: 0.0519s
 [Normal step time] batch 1600: 0.0524s
 [Normal step time] batch 1700: 0.0565s
 [Normal step time] batch 1800: 0.0520s
 [Normal step time] batch 1900: 0.0520s
 [Normal step time] batch 2000: 0.0521s
Epoch 59/200 | Loss: 0.4241 | Val Acc: 76.54% | Peak VRAM: 4686.10 MB
 [Normal step time] batch 0: 0.0553s
 [Normal step time] batch 100: 0.0519s
 [Normal step time] batch 200: 0.0522s
 [Normal step time] batch 300: 0.0521s
 [Normal step time] batch 400: 0.0529s
 [Normal step time] batch 500: 0.0520s
 [Normal step time] batch 600: 0.0525s
 [Normal step time] batch 700: 0.0521s
 [Normal step time] batch 800: 0.0524s
 [Normal step time] batch 900: 0.0559s
 [Normal step time] batch 1000: 0.0525s
 [Normal step time] batch 1100: 0.0521s
 [Normal step time] batch 1200: 0.0525s
 [Normal step time] batch 1300: 0.0581s
 [Normal step time] batch 1400: 0.0520s
 [Normal step time] batch 1500: 0.0519s
 [Normal step time] batch 1600: 0.0519s
 [Normal step time] batch 1700: 0.0520s
 [Normal step time] batch 1800: 0.0520s
 [Normal step time] batch 1900: 0.0520s
 [Normal step time] batch 2000: 0.0521s
Epoch 60/200 | Loss: 0.4221 | Val Acc: 76.68% | Peak VRAM: 4686.10 MB
 [Normal step time] batch 0: 0.0586s
 [Normal step time] batch 100: 0.0520s
 [Normal step time] batch 200: 0.0527s
 [Normal step time] batch 300: 0.0551s
 [Normal step time] batch 400: 0.0524s
 [Normal step time] batch 500: 0.0523s
 [Normal step time] batch 600: 0.0520s
 [Normal step time] batch 700: 0.0523s
 [Normal step time] batch 800: 0.0520s
 [Normal step time] batch 900: 0.0551s
 [Normal step time] batch 1000: 0.0589s
 [Normal step time] batch 1100: 0.0526s
 [Normal step time] batch 1200: 0.0522s
 [Normal step time] batch 1300: 0.0521s
 [Normal step time] batch 1400: 0.0520s
 [Normal step time] batch 1500: 0.0521s
 [Normal step time] batch 1600: 0.0521s
 [Normal step time] batch 1700: 0.0521s
 [Normal step time] batch 1800: 0.0521s
 [Normal step time] batch 1900: 0.0532s
 [Normal step time] batch 2000: 0.0527s
Epoch 61/200 | Loss: 0.4177 | Val Acc: 77.38% | Peak VRAM: 4686.10 MB
 [Normal step time] batch 0: 0.0546s
 [Normal step time] batch 100: 0.0584s
 [Normal step time] batch 200: 0.0524s
 [Normal step time] batch 300: 0.0539s
 [Normal step time] batch 400: 0.0522s
 [Normal step time] batch 500: 0.0522s
 [Normal step time] batch 600: 0.0522s
 [Normal step time] batch 700: 0.0569s
 [Normal step time] batch 800: 0.0522s
 [Normal step time] batch 900: 0.0519s
 [Normal step time] batch 1000: 0.0520s
 [Normal step time] batch 1100: 0.0521s
 [Normal step time] batch 1200: 0.0529s
 [Normal step time] batch 1300: 0.0534s
 [Normal step time] batch 1400: 0.0522s
 [Normal step time] batch 1500: 0.0521s
 [Normal step time] batch 1600: 0.0532s
 [Normal step time] batch 1700: 0.0567s
 [Normal step time] batch 1800: 0.0527s
 [Normal step time] batch 1900: 0.0521s
 [Normal step time] batch 2000: 0.0524s
Epoch 62/200 | Loss: 0.4177 | Val Acc: 77.02% | Peak VRAM: 4686.10 MB
 [Normal step time] batch 0: 0.0557s
 [Normal step time] batch 100: 0.0524s
 [Normal step time] batch 200: 0.0529s
 [Normal step time] batch 300: 0.0522s
 [Normal step time] batch 400: 0.0523s
 [Normal step time] batch 500: 0.0521s
 [Normal step time] batch 600: 0.0522s
 [Normal step time] batch 700: 0.0523s
 [Normal step time] batch 800: 0.0528s
 [Normal step time] batch 900: 0.0525s
 [Normal step time] batch 1000: 0.0561s
 [Normal step time] batch 1100: 0.0522s
 [Normal step time] batch 1200: 0.0522s
 [Normal step time] batch 1300: 0.0558s
 [Normal step time] batch 1400: 0.0522s
 [Normal step time] batch 1500: 0.0521s
 [Normal step time] batch 1600: 0.0523s
 [Normal step time] batch 1700: 0.0522s
 [Normal step time] batch 1800: 0.0523s
 [Normal step time] batch 1900: 0.0523s
 [Normal step time] batch 2000: 0.0522s
Epoch 63/200 | Loss: 0.4171 | Val Acc: 76.14% | Peak VRAM: 4686.10 MB
 [Normal step time] batch 0: 0.0550s
 [Normal step time] batch 100: 0.0522s
 [Normal step time] batch 200: 0.0520s
 [Normal step time] batch 300: 0.0522s
 [Normal step time] batch 400: 0.0520s
 [Normal step time] batch 500: 0.0527s
 [Normal step time] batch 600: 0.0562s
 [Normal step time] batch 700: 0.0522s
 [Normal step time] batch 800: 0.0519s
 [Normal step time] batch 900: 0.0525s
 [Normal step time] batch 1000: 0.0520s
 [Normal step time] batch 1100: 0.0524s
 [Normal step time] batch 1200: 0.0519s
 [Normal step time] batch 1300: 0.0523s
 [Normal step time] batch 1400: 0.0592s
 [Normal step time] batch 1500: 0.0522s
 [Normal step time] batch 1600: 0.0521s
 [Normal step time] batch 1700: 0.0522s
 [Normal step time] batch 1800: 0.0520s
 [Normal step time] batch 1900: 0.0537s
 [Normal step time] batch 2000: 0.0521s
Epoch 64/200 | Loss: 0.4115 | Val Acc: 77.36% | Peak VRAM: 4686.10 MB
 [Normal step time] batch 0: 0.0598s
 [Normal step time] batch 100: 0.0521s
 [Normal step time] batch 200: 0.0525s
 [Normal step time] batch 300: 0.0521s
 [Normal step time] batch 400: 0.0522s
 [Normal step time] batch 500: 0.0521s
 [Normal step time] batch 600: 0.0523s
 [Normal step time] batch 700: 0.0521s
 [Normal step time] batch 800: 0.0522s
 [Normal step time] batch 900: 0.0520s
 [Normal step time] batch 1000: 0.0524s
 [Normal step time] batch 1100: 0.0520s
 [Normal step time] batch 1200: 0.0542s
 [Normal step time] batch 1300: 0.0521s
 [Normal step time] batch 1400: 0.0522s
 [Normal step time] batch 1500: 0.0521s
 [Normal step time] batch 1600: 0.0523s
 [Normal step time] batch 1700: 0.0520s
 [Normal step time] batch 1800: 0.0599s
 [Normal step time] batch 1900: 0.0521s
 [Normal step time] batch 2000: 0.0521s
Epoch 65/200 | Loss: 0.4141 | Val Acc: 76.40% | Peak VRAM: 4686.10 MB
 [Normal step time] batch 0: 0.0584s
 [Normal step time] batch 100: 0.0527s
 [Normal step time] batch 200: 0.0521s
 [Normal step time] batch 300: 0.0522s
 [Normal step time] batch 400: 0.0518s
 [Normal step time] batch 500: 0.0522s
 [Normal step time] batch 600: 0.0519s
 [Normal step time] batch 700: 0.0604s
 [Normal step time] batch 800: 0.0521s
 [Normal step time] batch 900: 0.0536s
 [Normal step time] batch 1000: 0.0525s
 [Normal step time] batch 1100: 0.0520s
 [Normal step time] batch 1200: 0.0521s
 [Normal step time] batch 1300: 0.0520s
 [Normal step time] batch 1400: 0.0531s
 [Normal step time] batch 1500: 0.0522s
 [Normal step time] batch 1600: 0.0521s
 [Normal step time] batch 1700: 0.0522s
 [Normal step time] batch 1800: 0.0520s
 [Normal step time] batch 1900: 0.0521s
 [Normal step time] batch 2000: 0.0523s
Epoch 66/200 | Loss: 0.4086 | Val Acc: 76.58% | Peak VRAM: 4686.10 MB
 [Normal step time] batch 0: 0.0583s
 [Normal step time] batch 100: 0.0521s
 [Normal step time] batch 200: 0.0526s
 [Normal step time] batch 300: 0.0521s
 [Normal step time] batch 400: 0.0521s
 [Normal step time] batch 500: 0.0522s
 [Normal step time] batch 600: 0.0524s
 [Normal step time] batch 700: 0.0521s
 [Normal step time] batch 800: 0.0523s
 [Normal step time] batch 900: 0.0523s
 [Normal step time] batch 1000: 0.0521s
 [Normal step time] batch 1100: 0.0522s
 [Normal step time] batch 1200: 0.0521s
 [Normal step time] batch 1300: 0.0526s
 [Normal step time] batch 1400: 0.0521s
 [Normal step time] batch 1500: 0.0522s
 [Normal step time] batch 1600: 0.0521s
 [Normal step time] batch 1700: 0.0522s
 [Normal step time] batch 1800: 0.0522s
 [Normal step time] batch 1900: 0.0521s
 [Normal step time] batch 2000: 0.0521s
Epoch 67/200 | Loss: 0.4081 | Val Acc: 76.46% | Peak VRAM: 4686.10 MB
 [Normal step time] batch 0: 0.0602s
 [Normal step time] batch 100: 0.0524s
 [Normal step time] batch 200: 0.0520s
 [Normal step time] batch 300: 0.0583s
 [Normal step time] batch 400: 0.0531s
 [Normal step time] batch 500: 0.0520s
 [Normal step time] batch 600: 0.0521s
 [Normal step time] batch 700: 0.0521s
 [Normal step time] batch 800: 0.0520s
 [Normal step time] batch 900: 0.0521s
 [Normal step time] batch 1000: 0.0520s
 [Normal step time] batch 1100: 0.0598s
 [Normal step time] batch 1200: 0.0522s
 [Normal step time] batch 1300: 0.0520s
 [Normal step time] batch 1400: 0.0558s
 [Normal step time] batch 1500: 0.0529s
 [Normal step time] batch 1600: 0.0525s
 [Normal step time] batch 1700: 0.0527s
 [Normal step time] batch 1800: 0.0522s
 [Normal step time] batch 1900: 0.0522s
 [Normal step time] batch 2000: 0.0521s
Epoch 68/200 | Loss: 0.4105 | Val Acc: 77.36% | Peak VRAM: 4686.10 MB
 [Normal step time] batch 0: 0.0550s
 [Normal step time] batch 100: 0.0522s
 [Normal step time] batch 200: 0.0521s
 [Normal step time] batch 300: 0.0524s
 [Normal step time] batch 400: 0.0521s
 [Normal step time] batch 500: 0.0521s
 [Normal step time] batch 600: 0.0522s
 [Normal step time] batch 700: 0.0523s
 [Normal step time] batch 800: 0.0521s
 [Normal step time] batch 900: 0.0522s
 [Normal step time] batch 1000: 0.0520s
 [Normal step time] batch 1100: 0.0521s
 [Normal step time] batch 1200: 0.0521s
 [Normal step time] batch 1300: 0.0521s
 [Normal step time] batch 1400: 0.0521s
 [Normal step time] batch 1500: 0.0521s
 [Normal step time] batch 1600: 0.0569s
 [Normal step time] batch 1700: 0.0527s
 [Normal step time] batch 1800: 0.0524s
 [Normal step time] batch 1900: 0.0521s
 [Normal step time] batch 2000: 0.0521s
Epoch 69/200 | Loss: 0.4031 | Val Acc: 76.88% | Peak VRAM: 4686.10 MB

[DEBUG] >>> PRUNING @ Epoch 70

[DEBUG] === ViT PDT Pruning (k-horizon=5): Epoch 70 ===
 [k-horizon time]: 12.65s

============================== ViT PDT k-horizon Pruning Report ==============================
 k_horizon=5 | Pruned: 1264 units | Overhead: 12.93s
 [ATTN] blocks.0.attn.qkv                        |    4/   6 |  33.3% pruned
 [FFN] blocks.0.mlp.fc1                         | 1411/1536 |   8.1% pruned
 [ATTN] blocks.1.attn.qkv                        |    3/   6 |  50.0% pruned
 [FFN] blocks.1.mlp.fc1                         | 1460/1536 |   4.9% pruned
 [ATTN] blocks.2.attn.qkv                        |    3/   6 |  50.0% pruned
 [FFN] blocks.2.mlp.fc1                         | 1348/1536 |  12.2% pruned
 [ATTN] blocks.3.attn.qkv                        |    3/   6 |  50.0% pruned
 [FFN] blocks.3.mlp.fc1                         | 1279/1536 |  16.7% pruned
 [ATTN] blocks.4.attn.qkv                        |    3/   6 |  50.0% pruned
 [FFN] blocks.4.mlp.fc1                         | 1338/1536 |  12.9% pruned
 [ATTN] blocks.5.attn.qkv                        |    3/   6 |  50.0% pruned
 [FFN] blocks.5.mlp.fc1                         | 1396/1536 |   9.1% pruned
 [ATTN] blocks.6.attn.qkv                        |    4/   6 |  33.3% pruned
 [FFN] blocks.6.mlp.fc1                         | 1463/1536 |   4.8% pruned
 [ATTN] blocks.7.attn.qkv                        |    3/   6 |  50.0% pruned
 [FFN] blocks.7.mlp.fc1                         | 1448/1536 |   5.7% pruned
 [ATTN] blocks.8.attn.qkv                        |    3/   6 |  50.0% pruned
 [FFN] blocks.8.mlp.fc1                         | 1442/1536 |   6.1% pruned
 [ATTN] blocks.9.attn.qkv                        |    1/   6 |  83.3% pruned
 [FFN] blocks.9.mlp.fc1                         | 1309/1536 |  14.8% pruned
 [ATTN] blocks.10.attn.qkv                       |    2/   6 |  66.7% pruned
 [FFN] blocks.10.mlp.fc1                        |  957/1536 |  37.7% pruned
 [ATTN] blocks.11.attn.qkv                       |    1/   6 |  83.3% pruned
 [FFN] blocks.11.mlp.fc1                        |  420/1536 |  72.7% pruned

 Size: 57.11MB | Sparsity(weight): 29.49% | Speedup: 1.42x
===================================================================
🧹 Post-Pruning Memory Cleared & Graph Destroyed.

[Scientific Metrics - Epoch 70]
 🟢 Model Size: 81.00 MB -> 57.11 MB
 🔵 Sparsity: 17.29 %
 🟡 Speedup: 1.42x
💾 Checkpoint saved: deit_small_patch16_224_vit_pdt_ep70_sp17.29.pth
 [Normal step time] batch 100: 0.0531s
 [Normal step time] batch 200: 0.0524s
 [Normal step time] batch 300: 0.0528s
 [Normal step time] batch 400: 0.0527s
 [Normal step time] batch 500: 0.0529s
 [Normal step time] batch 600: 0.0530s
 [Normal step time] batch 700: 0.0525s
 [Normal step time] batch 800: 0.0530s
 [Normal step time] batch 900: 0.0526s
 [Normal step time] batch 1000: 0.0528s
 [Normal step time] batch 1100: 0.0554s
 [Normal step time] batch 1200: 0.0527s
 [Normal step time] batch 1300: 0.0526s
 [Normal step time] batch 1400: 0.0531s
 [Normal step time] batch 1500: 0.0524s
 [Normal step time] batch 1600: 0.0526s
 [Normal step time] batch 1700: 0.0528s
 [Normal step time] batch 1800: 0.0527s
 [Normal step time] batch 1900: 0.0527s
 [Normal step time] batch 2000: 0.0527s
Epoch 70/200 | Loss: 0.5488 | Val Acc: 74.72% | Peak VRAM: 21700.69 MB
 [Normal step time] batch 0: 0.0648s
 [Normal step time] batch 100: 0.0525s
 [Normal step time] batch 200: 0.0526s
 [Normal step time] batch 300: 0.0524s
 [Normal step time] batch 400: 0.0525s
 [Normal step time] batch 500: 0.0524s
 [Normal step time] batch 600: 0.0525s
 [Normal step time] batch 700: 0.0540s
 [Normal step time] batch 800: 0.0528s
 [Normal step time] batch 900: 0.0524s
 [Normal step time] batch 1000: 0.0524s
 [Normal step time] batch 1100: 0.0524s
 [Normal step time] batch 1200: 0.0528s
 [Normal step time] batch 1300: 0.0524s
 [Normal step time] batch 1400: 0.0525s
 [Normal step time] batch 1500: 0.0524s
 [Normal step time] batch 1600: 0.0524s
 [Normal step time] batch 1700: 0.0525s
 [Normal step time] batch 1800: 0.0524s
 [Normal step time] batch 1900: 0.0525s
 [Normal step time] batch 2000: 0.0524s
Epoch 71/200 | Loss: 0.4957 | Val Acc: 74.28% | Peak VRAM: 4682.54 MB
 [Normal step time] batch 0: 0.0565s
 [Normal step time] batch 100: 0.0524s
 [Normal step time] batch 200: 0.0530s
 [Normal step time] batch 300: 0.0548s
 [Normal step time] batch 400: 0.0549s
 [Normal step time] batch 500: 0.0528s
 [Normal step time] batch 600: 0.0532s
 [Normal step time] batch 700: 0.0524s
 [Normal step time] batch 800: 0.0525s
 [Normal step time] batch 900: 0.0525s
 [Normal step time] batch 1000: 0.0525s
 [Normal step time] batch 1100: 0.0526s
 [Normal step time] batch 1200: 0.0557s
 [Normal step time] batch 1300: 0.0526s
 [Normal step time] batch 1400: 0.0526s
 [Normal step time] batch 1500: 0.0525s
 [Normal step time] batch 1600: 0.0526s
 [Normal step time] batch 1700: 0.0525s
 [Normal step time] batch 1800: 0.0526s
 [Normal step time] batch 1900: 0.0526s
 [Normal step time] batch 2000: 0.0530s
Epoch 72/200 | Loss: 0.4706 | Val Acc: 75.58% | Peak VRAM: 4682.54 MB
 [Normal step time] batch 0: 0.0561s
 [Normal step time] batch 100: 0.0526s
 [Normal step time] batch 200: 0.0524s
 [Normal step time] batch 300: 0.0526s
 [Normal step time] batch 400: 0.0526s
 [Normal step time] batch 500: 0.0525s
 [Normal step time] batch 600: 0.0526s
 [Normal step time] batch 700: 0.0528s
 [Normal step time] batch 800: 0.0526s
 [Normal step time] batch 900: 0.0527s
 [Normal step time] batch 1000: 0.0526s
 [Normal step time] batch 1100: 0.0526s
 [Normal step time] batch 1200: 0.0526s
 [Normal step time] batch 1300: 0.0603s
 [Normal step time] batch 1400: 0.0530s
 [Normal step time] batch 1500: 0.0526s
 [Normal step time] batch 1600: 0.0526s
 [Normal step time] batch 1700: 0.0602s
 [Normal step time] batch 1800: 0.0532s
 [Normal step time] batch 1900: 0.0527s
 [Normal step time] batch 2000: 0.0530s
Epoch 73/200 | Loss: 0.4575 | Val Acc: 76.32% | Peak VRAM: 4682.54 MB
 [Normal step time] batch 0: 0.0608s
 [Normal step time] batch 100: 0.0526s
 [Normal step time] batch 200: 0.0522s
 [Normal step time] batch 300: 0.0528s
 [Normal step time] batch 400: 0.0524s
 [Normal step time] batch 500: 0.0524s
 [Normal step time] batch 600: 0.0523s
 [Normal step time] batch 700: 0.0524s
 [Normal step time] batch 800: 0.0526s
 [Normal step time] batch 900: 0.0524s
 [Normal step time] batch 1000: 0.0524s
 [Normal step time] batch 1100: 0.0525s
 [Normal step time] batch 1200: 0.0524s
 [Normal step time] batch 1300: 0.0597s
 [Normal step time] batch 1400: 0.0527s
 [Normal step time] batch 1500: 0.0524s
 [Normal step time] batch 1600: 0.0524s
 [Normal step time] batch 1700: 0.0525s
 [Normal step time] batch 1800: 0.0530s
 [Normal step time] batch 1900: 0.0524s
 [Normal step time] batch 2000: 0.0523s
Epoch 74/200 | Loss: 0.4522 | Val Acc: 75.16% | Peak VRAM: 4682.54 MB
 [Normal step time] batch 0: 0.0602s
 [Normal step time] batch 100: 0.0528s
 [Normal step time] batch 200: 0.0527s
 [Normal step time] batch 300: 0.0573s
 [Normal step time] batch 400: 0.0525s
 [Normal step time] batch 500: 0.0526s
 [Normal step time] batch 600: 0.0525s
 [Normal step time] batch 700: 0.0538s
 [Normal step time] batch 800: 0.0526s
 [Normal step time] batch 900: 0.0526s
 [Normal step time] batch 1000: 0.0525s
 [Normal step time] batch 1100: 0.0562s
 [Normal step time] batch 1200: 0.0594s
 [Normal step time] batch 1300: 0.0526s
 [Normal step time] batch 1400: 0.0526s
 [Normal step time] batch 1500: 0.0527s
 [Normal step time] batch 1600: 0.0530s
 [Normal step time] batch 1700: 0.0525s
 [Normal step time] batch 1800: 0.0524s
 [Normal step time] batch 1900: 0.0524s
 [Normal step time] batch 2000: 0.0524s
Epoch 75/200 | Loss: 0.4484 | Val Acc: 75.92% | Peak VRAM: 4682.54 MB
 [Normal step time] batch 0: 0.0573s
 [Normal step time] batch 100: 0.0528s
 [Normal step time] batch 200: 0.0558s
 [Normal step time] batch 300: 0.0527s
 [Normal step time] batch 400: 0.0542s
 [Normal step time] batch 500: 0.0528s
 [Normal step time] batch 600: 0.0535s
 [Normal step time] batch 700: 0.0528s
 [Normal step time] batch 800: 0.0525s
 [Normal step time] batch 900: 0.0564s
 [Normal step time] batch 1000: 0.0525s
 [Normal step time] batch 1100: 0.0533s
 [Normal step time] batch 1200: 0.0527s
 [Normal step time] batch 1300: 0.0527s
 [Normal step time] batch 1400: 0.0525s
 [Normal step time] batch 1500: 0.0529s
 [Normal step time] batch 1600: 0.0526s
 [Normal step time] batch 1700: 0.0528s
 [Normal step time] batch 1800: 0.0526s
 [Normal step time] batch 1900: 0.0528s
 [Normal step time] batch 2000: 0.0528s
Epoch 76/200 | Loss: 0.4457 | Val Acc: 75.78% | Peak VRAM: 4682.54 MB
 [Normal step time] batch 0: 0.0675s
 [Normal step time] batch 100: 0.0527s
 [Normal step time] batch 200: 0.0529s
 [Normal step time] batch 300: 0.0524s
 [Normal step time] batch 400: 0.0525s
 [Normal step time] batch 500: 0.0524s
 [Normal step time] batch 600: 0.0525s
 [Normal step time] batch 700: 0.0524s
 [Normal step time] batch 800: 0.0539s
 [Normal step time] batch 900: 0.0524s
 [Normal step time] batch 1000: 0.0525s
 [Normal step time] batch 1100: 0.0525s
 [Normal step time] batch 1200: 0.0526s
 [Normal step time] batch 1300: 0.0524s
 [Normal step time] batch 1400: 0.0525s
 [Normal step time] batch 1500: 0.0526s
 [Normal step time] batch 1600: 0.0527s
 [Normal step time] batch 1700: 0.0526s
 [Normal step time] batch 1800: 0.0526s
 [Normal step time] batch 1900: 0.0526s
 [Normal step time] batch 2000: 0.0526s
Epoch 77/200 | Loss: 0.4404 | Val Acc: 75.28% | Peak VRAM: 4682.54 MB
 [Normal step time] batch 0: 0.0548s
 [Normal step time] batch 100: 0.0583s
 [Normal step time] batch 200: 0.0530s
 [Normal step time] batch 300: 0.0528s
 [Normal step time] batch 400: 0.0526s
 [Normal step time] batch 500: 0.0525s
 [Normal step time] batch 600: 0.0526s
 [Normal step time] batch 700: 0.0524s
 [Normal step time] batch 800: 0.0526s
 [Normal step time] batch 900: 0.0528s
 [Normal step time] batch 1000: 0.0526s
 [Normal step time] batch 1100: 0.0524s
 [Normal step time] batch 1200: 0.0526s
 [Normal step time] batch 1300: 0.0526s
 [Normal step time] batch 1400: 0.0524s
 [Normal step time] batch 1500: 0.0524s
 [Normal step time] batch 1600: 0.0524s
 [Normal step time] batch 1700: 0.0524s
 [Normal step time] batch 1800: 0.0524s
 [Normal step time] batch 1900: 0.0524s
 [Normal step time] batch 2000: 0.0524s
Epoch 78/200 | Loss: 0.4401 | Val Acc: 75.16% | Peak VRAM: 4682.54 MB
 [Normal step time] batch 0: 0.0548s
 [Normal step time] batch 100: 0.0555s
 [Normal step time] batch 200: 0.0550s
 [Normal step time] batch 300: 0.0541s
 [Normal step time] batch 400: 0.0524s
 [Normal step time] batch 500: 0.0540s
 [Normal step time] batch 600: 0.0526s
 [Normal step time] batch 700: 0.0525s
 [Normal step time] batch 800: 0.0524s
 [Normal step time] batch 900: 0.0525s
 [Normal step time] batch 1000: 0.0530s
 [Normal step time] batch 1100: 0.0526s
 [Normal step time] batch 1200: 0.0524s
 [Normal step time] batch 1300: 0.0530s
 [Normal step time] batch 1400: 0.0569s
 [Normal step time] batch 1500: 0.0529s
 [Normal step time] batch 1600: 0.0526s
 [Normal step time] batch 1700: 0.0526s
 [Normal step time] batch 1800: 0.0525s
 [Normal step time] batch 1900: 0.0532s
 [Normal step time] batch 2000: 0.0601s
Epoch 79/200 | Loss: 0.4370 | Val Acc: 75.82% | Peak VRAM: 4682.54 MB
 [Normal step time] batch 0: 0.0552s
 [Normal step time] batch 100: 0.0528s
 [Normal step time] batch 200: 0.0527s
 [Normal step time] batch 300: 0.0525s
 [Normal step time] batch 400: 0.0529s
 [Normal step time] batch 500: 0.0524s
 [Normal step time] batch 600: 0.0524s
 [Normal step time] batch 700: 0.0524s
 [Normal step time] batch 800: 0.0528s
 [Normal step time] batch 900: 0.0527s
 [Normal step time] batch 1000: 0.0525s
 [Normal step time] batch 1100: 0.0525s
 [Normal step time] batch 1200: 0.0530s
 [Normal step time] batch 1300: 0.0526s
 [Normal step time] batch 1400: 0.0528s
 [Normal step time] batch 1500: 0.0526s
 [Normal step time] batch 1600: 0.0527s
 [Normal step time] batch 1700: 0.0561s
 [Normal step time] batch 1800: 0.0525s
 [Normal step time] batch 1900: 0.0554s
 [Normal step time] batch 2000: 0.0526s
Epoch 80/200 | Loss: 0.4308 | Val Acc: 75.64% | Peak VRAM: 4682.54 MB
 [Normal step time] batch 0: 0.0544s
 [Normal step time] batch 100: 0.0527s
 [Normal step time] batch 200: 0.0524s
 [Normal step time] batch 300: 0.0534s
 [Normal step time] batch 400: 0.0527s
 [Normal step time] batch 500: 0.0528s
 [Normal step time] batch 600: 0.0526s
 [Normal step time] batch 700: 0.0532s
 [Normal step time] batch 800: 0.0526s
 [Normal step time] batch 900: 0.0530s
 [Normal step time] batch 1000: 0.0525s
 [Normal step time] batch 1100: 0.0528s
 [Normal step time] batch 1200: 0.0526s
 [Normal step time] batch 1300: 0.0530s
 [Normal step time] batch 1400: 0.0529s
 [Normal step time] batch 1500: 0.0530s
 [Normal step time] batch 1600: 0.0597s
 [Normal step time] batch 1700: 0.0527s
 [Normal step time] batch 1800: 0.0526s
 [Normal step time] batch 1900: 0.0527s
 [Normal step time] batch 2000: 0.0579s
Epoch 81/200 | Loss: 0.4338 | Val Acc: 75.82% | Peak VRAM: 4682.54 MB
 [Normal step time] batch 0: 0.0653s
 [Normal step time] batch 100: 0.0527s
 [Normal step time] batch 200: 0.0525s
 [Normal step time] batch 300: 0.0529s
 [Normal step time] batch 400: 0.0543s
 [Normal step time] batch 500: 0.0525s
 [Normal step time] batch 600: 0.0597s
 [Normal step time] batch 700: 0.0528s
 [Normal step time] batch 800: 0.0526s
 [Normal step time] batch 900: 0.0534s
 [Normal step time] batch 1000: 0.0526s
 [Normal step time] batch 1100: 0.0526s
 [Normal step time] batch 1200: 0.0526s
 [Normal step time] batch 1300: 0.0528s
 [Normal step time] batch 1400: 0.0526s
 [Normal step time] batch 1500: 0.0527s
 [Normal step time] batch 1600: 0.0540s
 [Normal step time] batch 1700: 0.0526s
 [Normal step time] batch 1800: 0.0529s
 [Normal step time] batch 1900: 0.0562s
 [Normal step time] batch 2000: 0.0526s
Epoch 82/200 | Loss: 0.4328 | Val Acc: 76.10% | Peak VRAM: 4682.54 MB
 [Normal step time] batch 0: 0.0627s
 [Normal step time] batch 100: 0.0545s
 [Normal step time] batch 200: 0.0533s
 [Normal step time] batch 300: 0.0529s
 [Normal step time] batch 400: 0.0572s
 [Normal step time] batch 500: 0.0526s
 [Normal step time] batch 600: 0.0545s
 [Normal step time] batch 700: 0.0529s
 [Normal step time] batch 800: 0.0525s
 [Normal step time] batch 900: 0.0530s
 [Normal step time] batch 1000: 0.0526s
 [Normal step time] batch 1100: 0.0532s
 [Normal step time] batch 1200: 0.0525s
 [Normal step time] batch 1300: 0.0529s
 [Normal step time] batch 1400: 0.0526s
 [Normal step time] batch 1500: 0.0541s
 [Normal step time] batch 1600: 0.0526s
 [Normal step time] batch 1700: 0.0530s
 [Normal step time] batch 1800: 0.0526s
 [Normal step time] batch 1900: 0.0531s
 [Normal step time] batch 2000: 0.0526s
Epoch 83/200 | Loss: 0.4259 | Val Acc: 74.94% | Peak VRAM: 4682.54 MB
 [Normal step time] batch 0: 0.0624s
 [Normal step time] batch 100: 0.0528s
 [Normal step time] batch 200: 0.0524s
 [Normal step time] batch 300: 0.0526s
 [Normal step time] batch 400: 0.0525s
 [Normal step time] batch 500: 0.0525s
 [Normal step time] batch 600: 0.0528s
 [Normal step time] batch 700: 0.0526s
 [Normal step time] batch 800: 0.0527s
 [Normal step time] batch 900: 0.0536s
 [Normal step time] batch 1000: 0.0526s
 [Normal step time] batch 1100: 0.0528s
 [Normal step time] batch 1200: 0.0527s
 [Normal step time] batch 1300: 0.0526s
 [Normal step time] batch 1400: 0.0526s
 [Normal step time] batch 1500: 0.0529s
 [Normal step time] batch 1600: 0.0532s
 [Normal step time] batch 1700: 0.0526s
 [Normal step time] batch 1800: 0.0525s
 [Normal step time] batch 1900: 0.0540s
 [Normal step time] batch 2000: 0.0527s
Epoch 84/200 | Loss: 0.4230 | Val Acc: 74.98% | Peak VRAM: 4682.54 MB
 [Normal step time] batch 0: 0.0549s
 [Normal step time] batch 100: 0.0525s
 [Normal step time] batch 200: 0.0526s
 [Normal step time] batch 300: 0.0528s
 [Normal step time] batch 400: 0.0529s
 [Normal step time] batch 500: 0.0528s
 [Normal step time] batch 600: 0.0539s
 [Normal step time] batch 700: 0.0581s
 [Normal step time] batch 800: 0.0527s
 [Normal step time] batch 900: 0.0573s
 [Normal step time] batch 1000: 0.0527s
 [Normal step time] batch 1100: 0.0528s
 [Normal step time] batch 1200: 0.0525s
 [Normal step time] batch 1300: 0.0527s
 [Normal step time] batch 1400: 0.0527s
 [Normal step time] batch 1500: 0.0527s
 [Normal step time] batch 1600: 0.0529s
 [Normal step time] batch 1700: 0.0526s
 [Normal step time] batch 1800: 0.0590s
 [Normal step time] batch 1900: 0.0526s
 [Normal step time] batch 2000: 0.0527s
Epoch 85/200 | Loss: 0.4231 | Val Acc: 75.60% | Peak VRAM: 4682.54 MB
 [Normal step time] batch 0: 0.0586s
 [Normal step time] batch 100: 0.0527s
 [Normal step time] batch 200: 0.0525s
 [Normal step time] batch 300: 0.0531s
 [Normal step time] batch 400: 0.0552s
 [Normal step time] batch 500: 0.0525s
 [Normal step time] batch 600: 0.0525s
 [Normal step time] batch 700: 0.0525s
 [Normal step time] batch 800: 0.0527s
 [Normal step time] batch 900: 0.0526s
 [Normal step time] batch 1000: 0.0533s
 [Normal step time] batch 1100: 0.0526s
 [Normal step time] batch 1200: 0.0526s
 [Normal step time] batch 1300: 0.0525s
 [Normal step time] batch 1400: 0.0589s
 [Normal step time] batch 1500: 0.0524s
 [Normal step time] batch 1600: 0.0525s
 [Normal step time] batch 1700: 0.0525s
 [Normal step time] batch 1800: 0.0524s
 [Normal step time] batch 1900: 0.0524s
 [Normal step time] batch 2000: 0.0524s
Epoch 86/200 | Loss: 0.4278 | Val Acc: 75.46% | Peak VRAM: 4682.54 MB
 [Normal step time] batch 0: 0.0599s
 [Normal step time] batch 100: 0.0525s
 [Normal step time] batch 200: 0.0591s
 [Normal step time] batch 300: 0.0612s
 [Normal step time] batch 400: 0.0533s
 [Normal step time] batch 500: 0.0526s
 [Normal step time] batch 600: 0.0523s
 [Normal step time] batch 700: 0.0526s
 [Normal step time] batch 800: 0.0524s
 [Normal step time] batch 900: 0.0527s
 [Normal step time] batch 1000: 0.0526s
 [Normal step time] batch 1100: 0.0525s
 [Normal step time] batch 1200: 0.0524s
 [Normal step time] batch 1300: 0.0527s
 [Normal step time] batch 1400: 0.0524s
 [Normal step time] batch 1500: 0.0525s
 [Normal step time] batch 1600: 0.0526s
 [Normal step time] batch 1700: 0.0526s
 [Normal step time] batch 1800: 0.0525s
 [Normal step time] batch 1900: 0.0526s
 [Normal step time] batch 2000: 0.0524s
Epoch 87/200 | Loss: 0.4237 | Val Acc: 75.88% | Peak VRAM: 4682.54 MB
 [Normal step time] batch 0: 0.0545s
 [Normal step time] batch 100: 0.0526s
 [Normal step time] batch 200: 0.0526s
 [Normal step time] batch 300: 0.0526s
 [Normal step time] batch 400: 0.0544s
 [Normal step time] batch 500: 0.0529s
 [Normal step time] batch 600: 0.0527s
 [Normal step time] batch 700: 0.0523s
 [Normal step time] batch 800: 0.0523s
 [Normal step time] batch 900: 0.0525s
 [Normal step time] batch 1000: 0.0523s
 [Normal step time] batch 1100: 0.0524s
 [Normal step time] batch 1200: 0.0523s
 [Normal step time] batch 1300: 0.0524s
 [Normal step time] batch 1400: 0.0524s
 [Normal step time] batch 1500: 0.0525s
 [Normal step time] batch 1600: 0.0523s
 [Normal step time] batch 1700: 0.0531s
 [Normal step time] batch 1800: 0.0523s
 [Normal step time] batch 1900: 0.0557s
 [Normal step time] batch 2000: 0.0525s
Epoch 88/200 | Loss: 0.4170 | Val Acc: 76.16% | Peak VRAM: 4682.54 MB
 [Normal step time] batch 0: 0.0608s
 [Normal step time] batch 100: 0.0528s
 [Normal step time] batch 200: 0.0525s
 [Normal step time] batch 300: 0.0569s
 [Normal step time] batch 400: 0.0525s
 [Normal step time] batch 500: 0.0530s
 [Normal step time] batch 600: 0.0589s
 [Normal step time] batch 700: 0.0542s
 [Normal step time] batch 800: 0.0526s
 [Normal step time] batch 900: 0.0526s
 [Normal step time] batch 1000: 0.0525s
 [Normal step time] batch 1100: 0.0527s
 [Normal step time] batch 1200: 0.0525s
 [Normal step time] batch 1300: 0.0527s
 [Normal step time] batch 1400: 0.0539s
 [Normal step time] batch 1500: 0.0530s
 [Normal step time] batch 1600: 0.0525s
 [Normal step time] batch 1700: 0.0524s
 [Normal step time] batch 1800: 0.0524s
 [Normal step time] batch 1900: 0.0527s
 [Normal step time] batch 2000: 0.0532s
Epoch 89/200 | Loss: 0.4125 | Val Acc: 75.48% | Peak VRAM: 4682.54 MB

[DEBUG] >>> PRUNING @ Epoch 90

[DEBUG] === ViT PDT Pruning (k-horizon=5): Epoch 90 ===
 [k-horizon time]: 13.43s

============================== ViT PDT k-horizon Pruning Report ==============================
 k_horizon=5 | Pruned: 2246 units | Overhead: 13.70s
 [ATTN] blocks.0.attn.qkv                        |    2/   6 |  66.7% pruned
 [FFN] blocks.0.mlp.fc1                         | 1361/1536 |  11.4% pruned
 [ATTN] blocks.1.attn.qkv                        |    1/   6 |  83.3% pruned
 [FFN] blocks.1.mlp.fc1                         | 1422/1536 |   7.4% pruned
 [ATTN] blocks.2.attn.qkv                        |    3/   6 |  50.0% pruned
 [FFN] blocks.2.mlp.fc1                         | 1294/1536 |  15.8% pruned
 [ATTN] blocks.3.attn.qkv                        |    3/   6 |  50.0% pruned
 [FFN] blocks.3.mlp.fc1                         | 1225/1536 |  20.2% pruned
 [ATTN] blocks.4.attn.qkv                        |    2/   6 |  66.7% pruned
 [FFN] blocks.4.mlp.fc1                         | 1274/1536 |  17.1% pruned
 [ATTN] blocks.5.attn.qkv                        |    2/   6 |  66.7% pruned
 [FFN] blocks.5.mlp.fc1                         | 1365/1536 |  11.1% pruned
 [ATTN] blocks.6.attn.qkv                        |    2/   6 |  66.7% pruned
 [FFN] blocks.6.mlp.fc1                         | 1392/1536 |   9.4% pruned
 [ATTN] blocks.7.attn.qkv                        |    2/   6 |  66.7% pruned
 [FFN] blocks.7.mlp.fc1                         | 1203/1536 |  21.7% pruned
 [ATTN] blocks.8.attn.qkv                        |    1/   6 |  83.3% pruned
 [FFN] blocks.8.mlp.fc1                         | 1331/1536 |  13.3% pruned
 [ATTN] blocks.9.attn.qkv                        |    0/   6 | 100.0% pruned
 [FFN] blocks.9.mlp.fc1                         | 1269/1536 |  17.4% pruned
 [ATTN] blocks.10.attn.qkv                       |    1/   6 |  83.3% pruned
 [FFN] blocks.10.mlp.fc1                        |  684/1536 |  55.5% pruned
 [ATTN] blocks.11.attn.qkv                       |    1/   6 |  83.3% pruned
 [FFN] blocks.11.mlp.fc1                        |  341/1536 |  77.8% pruned

 Size: 48.99MB | Sparsity(weight): 39.52% | Speedup: 1.65x
===================================================================
🧹 Post-Pruning Memory Cleared & Graph Destroyed.

[Scientific Metrics - Epoch 90]
 🟢 Model Size: 81.00 MB -> 48.99 MB
 🔵 Sparsity: 23.36 %
 🟡 Speedup: 1.65x
💾 Checkpoint saved: deit_small_patch16_224_vit_pdt_ep90_sp23.36.pth
 [Normal step time] batch 100: 0.0532s
 [Normal step time] batch 200: 0.0527s
 [Normal step time] batch 300: 0.0603s
 [Normal step time] batch 400: 0.0527s
 [Normal step time] batch 500: 0.0527s
 [Normal step time] batch 600: 0.0527s
 [Normal step time] batch 700: 0.0527s
 [Normal step time] batch 800: 0.0527s
 [Normal step time] batch 900: 0.0533s
 [Normal step time] batch 1000: 0.0527s
 [Normal step time] batch 1100: 0.0527s
 [Normal step time] batch 1200: 0.0527s
 [Normal step time] batch 1300: 0.0528s
 [Normal step time] batch 1400: 0.0527s
 [Normal step time] batch 1500: 0.0527s
 [Normal step time] batch 1600: 0.0529s
 [Normal step time] batch 1700: 0.0529s
 [Normal step time] batch 1800: 0.0529s
 [Normal step time] batch 1900: 0.0529s
 [Normal step time] batch 2000: 0.0528s
Epoch 90/200 | Loss: 0.6392 | Val Acc: 71.54% | Peak VRAM: 21697.44 MB
 [Normal step time] batch 0: 0.0542s
 [Normal step time] batch 100: 0.0530s
 [Normal step time] batch 200: 0.0529s
 [Normal step time] batch 300: 0.0529s
 [Normal step time] batch 400: 0.0527s
 [Normal step time] batch 500: 0.0536s
 [Normal step time] batch 600: 0.0527s
 [Normal step time] batch 700: 0.0527s
 [Normal step time] batch 800: 0.0527s
 [Normal step time] batch 900: 0.0529s
 [Normal step time] batch 1000: 0.0589s
 [Normal step time] batch 1100: 0.0527s
 [Normal step time] batch 1200: 0.0527s
 [Normal step time] batch 1300: 0.0529s
 [Normal step time] batch 1400: 0.0528s
 [Normal step time] batch 1500: 0.0531s
 [Normal step time] batch 1600: 0.0529s
 [Normal step time] batch 1700: 0.0572s
 [Normal step time] batch 1800: 0.0527s
 [Normal step time] batch 1900: 0.0527s
 [Normal step time] batch 2000: 0.0527s
Epoch 91/200 | Loss: 0.5480 | Val Acc: 72.04% | Peak VRAM: 4680.76 MB
 [Normal step time] batch 0: 0.0554s
 [Normal step time] batch 100: 0.0539s
 [Normal step time] batch 200: 0.0527s
 [Normal step time] batch 300: 0.0566s
 [Normal step time] batch 400: 0.0526s
 [Normal step time] batch 500: 0.0527s
 [Normal step time] batch 600: 0.0528s
 [Normal step time] batch 700: 0.0562s
 [Normal step time] batch 800: 0.0527s
 [Normal step time] batch 900: 0.0527s
 [Normal step time] batch 1000: 0.0527s
 [Normal step time] batch 1100: 0.0587s
 [Normal step time] batch 1200: 0.0527s
 [Normal step time] batch 1300: 0.0528s
 [Normal step time] batch 1400: 0.0527s
 [Normal step time] batch 1500: 0.0527s
 [Normal step time] batch 1600: 0.0527s
 [Normal step time] batch 1700: 0.0527s
 [Normal step time] batch 1800: 0.0528s
 [Normal step time] batch 1900: 0.0529s
 [Normal step time] batch 2000: 0.0527s
Epoch 92/200 | Loss: 0.5240 | Val Acc: 72.60% | Peak VRAM: 4680.76 MB
 [Normal step time] batch 0: 0.0604s
 [Normal step time] batch 100: 0.0528s
 [Normal step time] batch 200: 0.0529s
 [Normal step time] batch 300: 0.0528s
 [Normal step time] batch 400: 0.0529s
 [Normal step time] batch 500: 0.0527s
 [Normal step time] batch 600: 0.0528s
 [Normal step time] batch 700: 0.0535s
 [Normal step time] batch 800: 0.0529s
 [Normal step time] batch 900: 0.0530s
 [Normal step time] batch 1000: 0.0528s
 [Normal step time] batch 1100: 0.0537s
 [Normal step time] batch 1200: 0.0528s
 [Normal step time] batch 1300: 0.0532s
 [Normal step time] batch 1400: 0.0530s
 [Normal step time] batch 1500: 0.0607s
 [Normal step time] batch 1600: 0.0529s
 [Normal step time] batch 1700: 0.0531s
 [Normal step time] batch 1800: 0.0530s
 [Normal step time] batch 1900: 0.0610s
 [Normal step time] batch 2000: 0.0532s
Epoch 93/200 | Loss: 0.5071 | Val Acc: 72.48% | Peak VRAM: 4680.76 MB
 [Normal step time] batch 0: 0.0609s
 [Normal step time] batch 100: 0.0528s
 [Normal step time] batch 200: 0.0580s
 [Normal step time] batch 300: 0.0584s
 [Normal step time] batch 400: 0.0530s
 [Normal step time] batch 500: 0.0553s
 [Normal step time] batch 600: 0.0530s
 [Normal step time] batch 700: 0.0529s
 [Normal step time] batch 800: 0.0532s
 [Normal step time] batch 900: 0.0543s
 [Normal step time] batch 1000: 0.0529s
 [Normal step time] batch 1100: 0.0530s
 [Normal step time] batch 1200: 0.0530s
 [Normal step time] batch 1300: 0.0528s
 [Normal step time] batch 1400: 0.0531s
 [Normal step time] batch 1500: 0.0534s
 [Normal step time] batch 1600: 0.0529s
 [Normal step time] batch 1700: 0.0535s
 [Normal step time] batch 1800: 0.0528s
 [Normal step time] batch 1900: 0.0530s
 [Normal step time] batch 2000: 0.0529s
Epoch 94/200 | Loss: 0.4953 | Val Acc: 73.54% | Peak VRAM: 4680.76 MB
 [Normal step time] batch 0: 0.0570s
 [Normal step time] batch 100: 0.0529s
 [Normal step time] batch 200: 0.0533s
 [Normal step time] batch 300: 0.0531s
 [Normal step time] batch 400: 0.0529s
 [Normal step time] batch 500: 0.0531s
 [Normal step time] batch 600: 0.0561s
 [Normal step time] batch 700: 0.0610s
 [Normal step time] batch 800: 0.0531s
 [Normal step time] batch 900: 0.0530s
 [Normal step time] batch 1000: 0.0530s
 [Normal step time] batch 1100: 0.0531s
 [Normal step time] batch 1200: 0.0527s
 [Normal step time] batch 1300: 0.0531s
 [Normal step time] batch 1400: 0.0529s
 [Normal step time] batch 1500: 0.0531s
 [Normal step time] batch 1600: 0.0529s
 [Normal step time] batch 1700: 0.0530s
 [Normal step time] batch 1800: 0.0529s
 [Normal step time] batch 1900: 0.0588s
 [Normal step time] batch 2000: 0.0528s
Epoch 95/200 | Loss: 0.4924 | Val Acc: 73.30% | Peak VRAM: 4680.76 MB
 [Normal step time] batch 0: 0.0624s
 [Normal step time] batch 100: 0.0530s
 [Normal step time] batch 200: 0.0528s
 [Normal step time] batch 300: 0.0535s
 [Normal step time] batch 400: 0.0527s
 [Normal step time] batch 500: 0.0528s
 [Normal step time] batch 600: 0.0527s
 [Normal step time] batch 700: 0.0528s
 [Normal step time] batch 800: 0.0529s
 [Normal step time] batch 900: 0.0576s
 [Normal step time] batch 1000: 0.0527s
 [Normal step time] batch 1100: 0.0529s
 [Normal step time] batch 1200: 0.0527s
 [Normal step time] batch 1300: 0.0531s
 [Normal step time] batch 1400: 0.0532s
 [Normal step time] batch 1500: 0.0529s
 [Normal step time] batch 1600: 0.0530s
 [Normal step time] batch 1700: 0.0888s
 [Normal step time] batch 1800: 0.1109s
 [Normal step time] batch 1900: 0.0961s
 [Normal step time] batch 2000: 0.0528s
Epoch 96/200 | Loss: 0.4798 | Val Acc: 74.16% | Peak VRAM: 4680.76 MB
 [Normal step time] batch 0: 0.1485s
 [Normal step time] batch 100: 0.0762s
 [Normal step time] batch 200: 0.0527s
 [Normal step time] batch 300: 0.0728s
 [Normal step time] batch 400: 0.0964s
 [Normal step time] batch 500: 0.0951s
 [Normal step time] batch 600: 0.1119s
 [Normal step time] batch 700: 0.0531s
 [Normal step time] batch 800: 0.1469s
 [Normal step time] batch 900: 0.0964s
 [Normal step time] batch 1000: 0.0963s
 [Normal step time] batch 1100: 0.0964s
 [Normal step time] batch 1200: 0.0737s
 [Normal step time] batch 1300: 0.0863s
 [Normal step time] batch 1400: 0.1528s
 [Normal step time] batch 1500: 0.0527s
 [Normal step time] batch 1600: 0.0954s
 [Normal step time] batch 1700: 0.0964s
 [Normal step time] batch 1800: 0.0528s
 [Normal step time] batch 1900: 0.0874s
 [Normal step time] batch 2000: 0.0964s
Epoch 97/200 | Loss: 0.4841 | Val Acc: 73.08% | Peak VRAM: 4680.76 MB
 [Normal step time] batch 0: 0.1144s
 [Normal step time] batch 100: 0.0875s
 [Normal step time] batch 200: 0.0946s
 [Normal step time] batch 300: 0.1204s
 [Normal step time] batch 400: 0.1331s
 [Normal step time] batch 500: 0.0955s
 [Normal step time] batch 600: 0.0964s
 [Normal step time] batch 700: 0.0819s
 [Normal step time] batch 800: 0.0717s
 [Normal step time] batch 900: 0.0544s
 [Normal step time] batch 1000: 0.0697s
 [Normal step time] batch 1100: 0.1326s
 [Normal step time] batch 1200: 0.0529s
 [Normal step time] batch 1300: 0.0764s
 [Normal step time] batch 1400: 0.1162s
 [Normal step time] batch 1500: 0.0713s
 [Normal step time] batch 1600: 0.1785s
 [Normal step time] batch 1700: 0.1630s
 [Normal step time] batch 1800: 0.1308s
 [Normal step time] batch 1900: 0.1680s
 [Normal step time] batch 2000: 0.1958s
Epoch 98/200 | Loss: 0.4707 | Val Acc: 73.82% | Peak VRAM: 4680.76 MB
 [Normal step time] batch 0: 0.1386s
 [Normal step time] batch 100: 0.0967s
 [Normal step time] batch 200: 0.1553s
 [Normal step time] batch 300: 0.1551s
 [Normal step time] batch 400: 0.1603s
 [Normal step time] batch 500: 0.1955s
 [Normal step time] batch 600: 0.1713s
 [Normal step time] batch 700: 0.1323s
 [Normal step time] batch 800: 0.1219s
 [Normal step time] batch 900: 0.1006s
 [Normal step time] batch 1000: 0.1476s
 [Normal step time] batch 1100: 0.1354s
 [Normal step time] batch 1200: 0.1506s
 [Normal step time] batch 1300: 0.1475s
 [Normal step time] batch 1400: 0.1537s
 [Normal step time] batch 1500: 0.1872s
 [Normal step time] batch 1600: 0.1943s
 [Normal step time] batch 1700: 0.1630s
 [Normal step time] batch 1800: 0.1620s
 [Normal step time] batch 1900: 0.1596s
 [Normal step time] batch 2000: 0.1670s
Epoch 99/200 | Loss: 0.4670 | Val Acc: 72.74% | Peak VRAM: 4680.76 MB
 [Normal step time] batch 0: 0.1231s
 [Normal step time] batch 100: 0.1229s
 [Normal step time] batch 200: 0.1587s
 [Normal step time] batch 300: 0.1245s
 [Normal step time] batch 400: 0.1985s
 [Normal step time] batch 500: 0.1675s
 [Normal step time] batch 600: 0.1121s
 [Normal step time] batch 700: 0.1368s
 [Normal step time] batch 800: 0.0528s
 [Normal step time] batch 900: 0.0778s
 [Normal step time] batch 1000: 0.0880s
 [Normal step time] batch 1100: 0.1464s
 [Normal step time] batch 1200: 0.0961s
 [Normal step time] batch 1300: 0.1023s
 [Normal step time] batch 1400: 0.0532s
 [Normal step time] batch 1500: 0.1066s
 [Normal step time] batch 1600: 0.1019s
 [Normal step time] batch 1700: 0.0972s
 [Normal step time] batch 1800: 0.1044s
 [Normal step time] batch 1900: 0.0527s
 [Normal step time] batch 2000: 0.1025s
Epoch 100/200 | Loss: 0.4635 | Val Acc: 73.60% | Peak VRAM: 4680.76 MB
 [Normal step time] batch 0: 0.1332s
 [Normal step time] batch 100: 0.0537s
 [Normal step time] batch 200: 0.0937s
 [Normal step time] batch 300: 0.0761s
 [Normal step time] batch 400: 0.0965s
 [Normal step time] batch 500: 0.1224s
 [Normal step time] batch 600: 0.1103s
 [Normal step time] batch 700: 0.1430s
 [Normal step time] batch 800: 0.0961s
 [Normal step time] batch 900: 0.0536s
 [Normal step time] batch 1000: 0.0798s
 [Normal step time] batch 1100: 0.1001s
 [Normal step time] batch 1200: 0.0814s
 [Normal step time] batch 1300: 0.1377s
 [Normal step time] batch 1400: 0.0982s
 [Normal step time] batch 1500: 0.1541s
 [Normal step time] batch 1600: 0.0728s
 [Normal step time] batch 1700: 0.0726s
 [Normal step time] batch 1800: 0.0869s
 [Normal step time] batch 1900: 0.0715s
 [Normal step time] batch 2000: 0.0531s
Epoch 101/200 | Loss: 0.4619 | Val Acc: 73.82% | Peak VRAM: 4680.76 MB
 [Normal step time] batch 0: 0.1140s
 [Normal step time] batch 100: 0.0735s
 [Normal step time] batch 200: 0.0708s
 [Normal step time] batch 300: 0.0961s
 [Normal step time] batch 400: 0.0526s
 [Normal step time] batch 500: 0.0526s
 [Normal step time] batch 600: 0.0526s
 [Normal step time] batch 700: 0.0527s
 [Normal step time] batch 800: 0.0526s
 [Normal step time] batch 900: 0.0526s
 [Normal step time] batch 1000: 0.0527s
 [Normal step time] batch 1100: 0.0526s
 [Normal step time] batch 1200: 0.0527s
 [Normal step time] batch 1300: 0.0527s
 [Normal step time] batch 1400: 0.0527s
 [Normal step time] batch 1500: 0.0526s
 [Normal step time] batch 1600: 0.0533s
 [Normal step time] batch 1700: 0.0527s
 [Normal step time] batch 1800: 0.0527s
 [Normal step time] batch 1900: 0.0543s
 [Normal step time] batch 2000: 0.0573s
Epoch 102/200 | Loss: 0.4565 | Val Acc: 72.54% | Peak VRAM: 4680.76 MB
 [Normal step time] batch 0: 0.0552s
 [Normal step time] batch 100: 0.0594s
 [Normal step time] batch 200: 0.0600s
 [Normal step time] batch 300: 0.0530s
 [Normal step time] batch 400: 0.0529s
 [Normal step time] batch 500: 0.0529s
 [Normal step time] batch 600: 0.0538s
 [Normal step time] batch 700: 0.0531s
 [Normal step time] batch 800: 0.0530s
 [Normal step time] batch 900: 0.0528s
 [Normal step time] batch 1000: 0.0527s
 [Normal step time] batch 1100: 0.0531s
 [Normal step time] batch 1200: 0.0529s
 [Normal step time] batch 1300: 0.0533s
 [Normal step time] batch 1400: 0.0539s
 [Normal step time] batch 1500: 0.0557s
 [Normal step time] batch 1600: 0.0528s
 [Normal step time] batch 1700: 0.0532s
 [Normal step time] batch 1800: 0.0528s
 [Normal step time] batch 1900: 0.0534s
 [Normal step time] batch 2000: 0.0528s
Epoch 103/200 | Loss: 0.4564 | Val Acc: 72.84% | Peak VRAM: 4680.76 MB
 [Normal step time] batch 0: 0.0633s
 [Normal step time] batch 100: 0.0530s
 [Normal step time] batch 200: 0.0529s
 [Normal step time] batch 300: 0.0529s
 [Normal step time] batch 400: 0.0528s
 [Normal step time] batch 500: 0.0533s
 [Normal step time] batch 600: 0.0529s
 [Normal step time] batch 700: 0.0532s
 [Normal step time] batch 800: 0.0528s
 [Normal step time] batch 900: 0.0527s
 [Normal step time] batch 1000: 0.0527s
 [Normal step time] batch 1100: 0.0527s
 [Normal step time] batch 1200: 0.0528s
 [Normal step time] batch 1300: 0.0528s
 [Normal step time] batch 1400: 0.0528s
 [Normal step time] batch 1500: 0.0527s
 [Normal step time] batch 1600: 0.0528s
 [Normal step time] batch 1700: 0.0529s
 [Normal step time] batch 1800: 0.0529s
 [Normal step time] batch 1900: 0.0565s
 [Normal step time] batch 2000: 0.0528s
Epoch 104/200 | Loss: 0.4540 | Val Acc: 74.42% | Peak VRAM: 4680.76 MB
 [Normal step time] batch 0: 0.0626s
 [Normal step time] batch 100: 0.0529s
 [Normal step time] batch 200: 0.0528s
 [Normal step time] batch 300: 0.0536s
 [Normal step time] batch 400: 0.0529s
 [Normal step time] batch 500: 0.0530s
 [Normal step time] batch 600: 0.0530s
 [Normal step time] batch 700: 0.0530s
 [Normal step time] batch 800: 0.0544s
 [Normal step time] batch 900: 0.0530s
 [Normal step time] batch 1000: 0.0531s
 [Normal step time] batch 1100: 0.0541s
 [Normal step time] batch 1200: 0.0576s
 [Normal step time] batch 1300: 0.0597s
 [Normal step time] batch 1400: 0.0610s
 [Normal step time] batch 1500: 0.0530s
 [Normal step time] batch 1600: 0.0528s
 [Normal step time] batch 1700: 0.0528s
 [Normal step time] batch 1800: 0.0536s
 [Normal step time] batch 1900: 0.0535s
 [Normal step time] batch 2000: 0.0530s
Epoch 105/200 | Loss: 0.4553 | Val Acc: 73.64% | Peak VRAM: 4680.76 MB
 [Normal step time] batch 0: 0.0568s
 [Normal step time] batch 100: 0.0527s
 [Normal step time] batch 200: 0.0527s
 [Normal step time] batch 300: 0.0531s
 [Normal step time] batch 400: 0.0527s
 [Normal step time] batch 500: 0.0528s
 [Normal step time] batch 600: 0.0531s
 [Normal step time] batch 700: 0.0528s
 [Normal step time] batch 800: 0.0527s
 [Normal step time] batch 900: 0.0527s
 [Normal step time] batch 1000: 0.0527s
 [Normal step time] batch 1100: 0.0527s
 [Normal step time] batch 1200: 0.0527s
 [Normal step time] batch 1300: 0.0527s
 [Normal step time] batch 1400: 0.0527s
 [Normal step time] batch 1500: 0.0582s
 [Normal step time] batch 1600: 0.0527s
 [Normal step time] batch 1700: 0.0527s
 [Normal step time] batch 1800: 0.0527s
 [Normal step time] batch 1900: 0.0527s
 [Normal step time] batch 2000: 0.0527s
Epoch 106/200 | Loss: 0.4468 | Val Acc: 73.24% | Peak VRAM: 4680.76 MB
 [Normal step time] batch 0: 0.0658s
 [Normal step time] batch 100: 0.0528s
 [Normal step time] batch 200: 0.0527s
 [Normal step time] batch 300: 0.0529s
 [Normal step time] batch 400: 0.0528s
 [Normal step time] batch 500: 0.0528s
 [Normal step time] batch 600: 0.0528s
 [Normal step time] batch 700: 0.0532s
 [Normal step time] batch 800: 0.0528s
 [Normal step time] batch 900: 0.0530s
 [Normal step time] batch 1000: 0.0531s
 [Normal step time] batch 1100: 0.0530s
 [Normal step time] batch 1200: 0.0529s
 [Normal step time] batch 1300: 0.0528s
 [Normal step time] batch 1400: 0.0530s
 [Normal step time] batch 1500: 0.0603s
 [Normal step time] batch 1600: 0.0530s
 [Normal step time] batch 1700: 0.0529s
 [Normal step time] batch 1800: 0.0533s
 [Normal step time] batch 1900: 0.0531s
 [Normal step time] batch 2000: 0.0529s
Epoch 107/200 | Loss: 0.4499 | Val Acc: 73.08% | Peak VRAM: 4680.76 MB
 [Normal step time] batch 0: 0.0615s
 [Normal step time] batch 100: 0.0528s
 [Normal step time] batch 200: 0.0530s
 [Normal step time] batch 300: 0.0529s
 [Normal step time] batch 400: 0.0530s
 [Normal step time] batch 500: 0.0530s
 [Normal step time] batch 600: 0.0528s
 [Normal step time] batch 700: 0.0529s
 [Normal step time] batch 800: 0.0528s
 [Normal step time] batch 900: 0.0548s
 [Normal step time] batch 1000: 0.0528s
 [Normal step time] batch 1100: 0.0530s
 [Normal step time] batch 1200: 0.0530s
 [Normal step time] batch 1300: 0.0530s
 [Normal step time] batch 1400: 0.0541s
 [Normal step time] batch 1500: 0.0528s
 [Normal step time] batch 1600: 0.0530s
 [Normal step time] batch 1700: 0.0531s
 [Normal step time] batch 1800: 0.0531s
 [Normal step time] batch 1900: 0.0529s
 [Normal step time] batch 2000: 0.0530s
Epoch 108/200 | Loss: 0.4437 | Val Acc: 74.16% | Peak VRAM: 4680.76 MB
 [Normal step time] batch 0: 0.0556s
 [Normal step time] batch 100: 0.0528s
 [Normal step time] batch 200: 0.0527s
 [Normal step time] batch 300: 0.0529s
 [Normal step time] batch 400: 0.0526s
 [Normal step time] batch 500: 0.0530s
 [Normal step time] batch 600: 0.0527s
 [Normal step time] batch 700: 0.0530s
 [Normal step time] batch 800: 0.0529s
 [Normal step time] batch 900: 0.0528s
 [Normal step time] batch 1000: 0.0527s
 [Normal step time] batch 1100: 0.0535s
 [Normal step time] batch 1200: 0.0527s
 [Normal step time] batch 1300: 0.0527s
 [Normal step time] batch 1400: 0.0527s
 [Normal step time] batch 1500: 0.0527s
 [Normal step time] batch 1600: 0.0526s
 [Normal step time] batch 1700: 0.0529s
 [Normal step time] batch 1800: 0.0534s
 [Normal step time] batch 1900: 0.0598s
 [Normal step time] batch 2000: 0.0535s
Epoch 109/200 | Loss: 0.4460 | Val Acc: 73.92% | Peak VRAM: 4680.76 MB

[DEBUG] >>> PRUNING @ Epoch 110

[DEBUG] === ViT PDT Pruning (k-horizon=5): Epoch 110 ===
 [k-horizon time]: 14.09s

============================== ViT PDT k-horizon Pruning Report ==============================
 k_horizon=5 | Pruned: 2902 units | Overhead: 14.35s
 [ATTN] blocks.0.attn.qkv                        |    2/   6 |  66.7% pruned
 [FFN] blocks.0.mlp.fc1                         | 1177/1536 |  23.4% pruned
 [ATTN] blocks.1.attn.qkv                        |    1/   6 |  83.3% pruned
 [FFN] blocks.1.mlp.fc1                         | 1286/1536 |  16.3% pruned
 [ATTN] blocks.2.attn.qkv                        |    3/   6 |  50.0% pruned
 [FFN] blocks.2.mlp.fc1                         | 1252/1536 |  18.5% pruned
 [ATTN] blocks.3.attn.qkv                        |    2/   6 |  66.7% pruned
 [FFN] blocks.3.mlp.fc1                         | 1165/1536 |  24.2% pruned
 [ATTN] blocks.4.attn.qkv                        |    1/   6 |  83.3% pruned
 [FFN] blocks.4.mlp.fc1                         | 1156/1536 |  24.7% pruned
 [ATTN] blocks.5.attn.qkv                        |    2/   6 |  66.7% pruned
 [FFN] blocks.5.mlp.fc1                         | 1086/1536 |  29.3% pruned
 [ATTN] blocks.6.attn.qkv                        |    2/   6 |  66.7% pruned
 [FFN] blocks.6.mlp.fc1                         | 1255/1536 |  18.3% pruned
 [ATTN] blocks.7.attn.qkv                        |    2/   6 |  66.7% pruned
 [FFN] blocks.7.mlp.fc1                         | 1103/1536 |  28.2% pruned
 [ATTN] blocks.8.attn.qkv                        |    1/   6 |  83.3% pruned
 [FFN] blocks.8.mlp.fc1                         | 1220/1536 |  20.6% pruned
 [ATTN] blocks.9.attn.qkv                        |    0/   6 | 100.0% pruned
 [FFN] blocks.9.mlp.fc1                         | 1174/1536 |  23.6% pruned
 [ATTN] blocks.10.attn.qkv                       |    1/   6 |  83.3% pruned
 [FFN] blocks.10.mlp.fc1                        |  552/1536 |  64.1% pruned
 [ATTN] blocks.11.attn.qkv                       |    1/   6 |  83.3% pruned
 [FFN] blocks.11.mlp.fc1                        |  286/1536 |  81.4% pruned

 Size: 43.99MB | Sparsity(weight): 45.69% | Speedup: 1.84x
===================================================================
🧹 Post-Pruning Memory Cleared & Graph Destroyed.

[Scientific Metrics - Epoch 110]
 🟢 Model Size: 81.00 MB -> 43.99 MB
 🔵 Sparsity: 31.20 %
 🟡 Speedup: 1.84x
💾 Checkpoint saved: deit_small_patch16_224_vit_pdt_ep110_sp31.20.pth
 [Normal step time] batch 100: 0.0532s
 [Normal step time] batch 200: 0.0529s
 [Normal step time] batch 300: 0.0533s
 [Normal step time] batch 400: 0.0528s
 [Normal step time] batch 500: 0.0529s
 [Normal step time] batch 600: 0.0534s
 [Normal step time] batch 700: 0.0552s
 [Normal step time] batch 800: 0.0529s
 [Normal step time] batch 900: 0.0586s
 [Normal step time] batch 1000: 0.0528s
 [Normal step time] batch 1100: 0.0533s
 [Normal step time] batch 1200: 0.0596s
 [Normal step time] batch 1300: 0.0530s
 [Normal step time] batch 1400: 0.0528s
 [Normal step time] batch 1500: 0.0531s
 [Normal step time] batch 1600: 0.0533s
 [Normal step time] batch 1700: 0.0527s
 [Normal step time] batch 1800: 0.0527s
 [Normal step time] batch 1900: 0.0529s
 [Normal step time] batch 2000: 0.0542s
Epoch 110/200 | Loss: 0.5064 | Val Acc: 73.76% | Peak VRAM: 21695.16 MB
 [Normal step time] batch 0: 0.0626s
 [Normal step time] batch 100: 0.0527s
 [Normal step time] batch 200: 0.0606s
 [Normal step time] batch 300: 0.0533s
 [Normal step time] batch 400: 0.0533s
 [Normal step time] batch 500: 0.0542s
 [Normal step time] batch 600: 0.0527s
 [Normal step time] batch 700: 0.0529s
 [Normal step time] batch 800: 0.0526s
 [Normal step time] batch 900: 0.0530s
 [Normal step time] batch 1000: 0.0528s
 [Normal step time] batch 1100: 0.0542s
 [Normal step time] batch 1200: 0.0528s
 [Normal step time] batch 1300: 0.0530s
 [Normal step time] batch 1400: 0.0528s
 [Normal step time] batch 1500: 0.0531s
 [Normal step time] batch 1600: 0.0534s
 [Normal step time] batch 1700: 0.0559s
 [Normal step time] batch 1800: 0.0533s
 [Normal step time] batch 1900: 0.0529s
 [Normal step time] batch 2000: 0.0529s
Epoch 111/200 | Loss: 0.4761 | Val Acc: 74.24% | Peak VRAM: 4680.76 MB
 [Normal step time] batch 0: 0.0597s
 [Normal step time] batch 100: 0.0530s
 [Normal step time] batch 200: 0.0527s
 [Normal step time] batch 300: 0.0530s
 [Normal step time] batch 400: 0.0527s
 [Normal step time] batch 500: 0.0527s
 [Normal step time] batch 600: 0.0533s
 [Normal step time] batch 700: 0.0527s
 [Normal step time] batch 800: 0.0530s
 [Normal step time] batch 900: 0.0529s
 [Normal step time] batch 1000: 0.0533s
 [Normal step time] batch 1100: 0.0529s
 [Normal step time] batch 1200: 0.0588s
 [Normal step time] batch 1300: 0.0528s
 [Normal step time] batch 1400: 0.0548s
 [Normal step time] batch 1500: 0.0529s
 [Normal step time] batch 1600: 0.0542s
 [Normal step time] batch 1700: 0.0530s
 [Normal step time] batch 1800: 0.0530s
 [Normal step time] batch 1900: 0.0527s
 [Normal step time] batch 2000: 0.0528s
Epoch 112/200 | Loss: 0.4680 | Val Acc: 73.56% | Peak VRAM: 4680.76 MB
 [Normal step time] batch 0: 0.0580s
 [Normal step time] batch 100: 0.0529s
 [Normal step time] batch 200: 0.0528s
 [Normal step time] batch 300: 0.0529s
 [Normal step time] batch 400: 0.0529s
 [Normal step time] batch 500: 0.0529s
 [Normal step time] batch 600: 0.0528s
 [Normal step time] batch 700: 0.0570s
 [Normal step time] batch 800: 0.0527s
 [Normal step time] batch 900: 0.0529s
 [Normal step time] batch 1000: 0.0528s
 [Normal step time] batch 1100: 0.0530s
 [Normal step time] batch 1200: 0.0527s
 [Normal step time] batch 1300: 0.0528s
 [Normal step time] batch 1400: 0.0528s
 [Normal step time] batch 1500: 0.0614s
 [Normal step time] batch 1600: 0.0531s
 [Normal step time] batch 1700: 0.0528s
 [Normal step time] batch 1800: 0.0530s
 [Normal step time] batch 1900: 0.0527s
 [Normal step time] batch 2000: 0.0526s
Epoch 113/200 | Loss: 0.4671 | Val Acc: 73.30% | Peak VRAM: 4680.76 MB
 [Normal step time] batch 0: 0.0551s
 [Normal step time] batch 100: 0.0528s
 [Normal step time] batch 200: 0.0529s
 [Normal step time] batch 300: 0.0533s
 [Normal step time] batch 400: 0.0527s
 [Normal step time] batch 500: 0.0529s
 [Normal step time] batch 600: 0.0528s
 [Normal step time] batch 700: 0.0531s
 [Normal step time] batch 800: 0.0529s
 [Normal step time] batch 900: 0.0603s
 [Normal step time] batch 1000: 0.0528s
 [Normal step time] batch 1100: 0.0529s
 [Normal step time] batch 1200: 0.0528s
 [Normal step time] batch 1300: 0.0528s
 [Normal step time] batch 1400: 0.0564s
 [Normal step time] batch 1500: 0.0531s
 [Normal step time] batch 1600: 0.0528s
 [Normal step time] batch 1700: 0.0533s
 [Normal step time] batch 1800: 0.0608s
 [Normal step time] batch 1900: 0.0528s
 [Normal step time] batch 2000: 0.0528s
Epoch 114/200 | Loss: 0.4609 | Val Acc: 73.80% | Peak VRAM: 4680.76 MB
 [Normal step time] batch 0: 0.0568s
 [Normal step time] batch 100: 0.0539s
 [Normal step time] batch 200: 0.0526s
 [Normal step time] batch 300: 0.0533s
 [Normal step time] batch 400: 0.0526s
 [Normal step time] batch 500: 0.0528s
 [Normal step time] batch 600: 0.0528s
 [Normal step time] batch 700: 0.0528s
 [Normal step time] batch 800: 0.0528s
 [Normal step time] batch 900: 0.0527s
 [Normal step time] batch 1000: 0.0527s
 [Normal step time] batch 1100: 0.0532s
 [Normal step time] batch 1200: 0.0532s
 [Normal step time] batch 1300: 0.0534s
 [Normal step time] batch 1400: 0.0528s
 [Normal step time] batch 1500: 0.0529s
 [Normal step time] batch 1600: 0.0529s
 [Normal step time] batch 1700: 0.0526s
 [Normal step time] batch 1800: 0.0526s
 [Normal step time] batch 1900: 0.0533s
 [Normal step time] batch 2000: 0.0528s
Epoch 115/200 | Loss: 0.4586 | Val Acc: 73.26% | Peak VRAM: 4680.76 MB
 [Normal step time] batch 0: 0.0647s
 [Normal step time] batch 100: 0.0527s
 [Normal step time] batch 200: 0.0567s
 [Normal step time] batch 300: 0.0530s
 [Normal step time] batch 400: 0.0526s
 [Normal step time] batch 500: 0.0533s
 [Normal step time] batch 600: 0.0541s
 [Normal step time] batch 700: 0.0575s
 [Normal step time] batch 800: 0.0526s
 [Normal step time] batch 900: 0.0527s
 [Normal step time] batch 1000: 0.0527s
 [Normal step time] batch 1100: 0.0527s
 [Normal step time] batch 1200: 0.0529s
 [Normal step time] batch 1300: 0.0545s
 [Normal step time] batch 1400: 0.0527s
 [Normal step time] batch 1500: 0.0527s
 [Normal step time] batch 1600: 0.0527s
 [Normal step time] batch 1700: 0.0527s
 [Normal step time] batch 1800: 0.0576s
 [Normal step time] batch 1900: 0.0527s
 [Normal step time] batch 2000: 0.0527s
Epoch 116/200 | Loss: 0.4554 | Val Acc: 73.76% | Peak VRAM: 4680.76 MB
 [Normal step time] batch 0: 0.0598s
 [Normal step time] batch 100: 0.0531s
 [Normal step time] batch 200: 0.0528s
 [Normal step time] batch 300: 0.0528s
 [Normal step time] batch 400: 0.0527s
 [Normal step time] batch 500: 0.0531s
 [Normal step time] batch 600: 0.0528s
 [Normal step time] batch 700: 0.0531s
 [Normal step time] batch 800: 0.0527s
 [Normal step time] batch 900: 0.0528s
 [Normal step time] batch 1000: 0.0557s
 [Normal step time] batch 1100: 0.0528s
 [Normal step time] batch 1200: 0.0528s
 [Normal step time] batch 1300: 0.0527s
 [Normal step time] batch 1400: 0.0528s
 [Normal step time] batch 1500: 0.0527s
 [Normal step time] batch 1600: 0.0528s
 [Normal step time] batch 1700: 0.0527s
 [Normal step time] batch 1800: 0.0561s
 [Normal step time] batch 1900: 0.0529s
 [Normal step time] batch 2000: 0.0528s
Epoch 117/200 | Loss: 0.4535 | Val Acc: 73.32% | Peak VRAM: 4680.76 MB
 [Normal step time] batch 0: 0.0554s
 [Normal step time] batch 100: 0.0531s
 [Normal step time] batch 200: 0.0527s
 [Normal step time] batch 300: 0.0526s
 [Normal step time] batch 400: 0.0526s
 [Normal step time] batch 500: 0.0528s
 [Normal step time] batch 600: 0.0526s
 [Normal step time] batch 700: 0.0526s
 [Normal step time] batch 800: 0.0527s
 [Normal step time] batch 900: 0.0577s
 [Normal step time] batch 1000: 0.0527s
 [Normal step time] batch 1100: 0.0526s
 [Normal step time] batch 1200: 0.0528s
 [Normal step time] batch 1300: 0.0526s
 [Normal step time] batch 1400: 0.0527s
 [Normal step time] batch 1500: 0.0570s
 [Normal step time] batch 1600: 0.0590s
 [Normal step time] batch 1700: 0.0529s
 [Normal step time] batch 1800: 0.0532s
 [Normal step time] batch 1900: 0.0527s
 [Normal step time] batch 2000: 0.0589s
Epoch 118/200 | Loss: 0.4547 | Val Acc: 72.66% | Peak VRAM: 4680.76 MB
 [Normal step time] batch 0: 0.0637s
 [Normal step time] batch 100: 0.0533s
 [Normal step time] batch 200: 0.0526s
 [Normal step time] batch 300: 0.0529s
 [Normal step time] batch 400: 0.0526s
 [Normal step time] batch 500: 0.0537s
 [Normal step time] batch 600: 0.0526s
 [Normal step time] batch 700: 0.0529s
 [Normal step time] batch 800: 0.0527s
 [Normal step time] batch 900: 0.0529s
 [Normal step time] batch 1000: 0.0567s
 [Normal step time] batch 1100: 0.0529s
 [Normal step time] batch 1200: 0.0594s
 [Normal step time] batch 1300: 0.0528s
 [Normal step time] batch 1400: 0.0527s
 [Normal step time] batch 1500: 0.0528s
 [Normal step time] batch 1600: 0.0565s
 [Normal step time] batch 1700: 0.0544s
 [Normal step time] batch 1800: 0.0526s
 [Normal step time] batch 1900: 0.0528s
 [Normal step time] batch 2000: 0.0526s
Epoch 119/200 | Loss: 0.4471 | Val Acc: 73.66% | Peak VRAM: 4680.76 MB
 [Normal step time] batch 0: 0.0543s
 [Normal step time] batch 100: 0.0529s
 [Normal step time] batch 200: 0.0528s
 [Normal step time] batch 300: 0.0528s
 [Normal step time] batch 400: 0.0532s
 [Normal step time] batch 500: 0.0528s
 [Normal step time] batch 600: 0.0532s
 [Normal step time] batch 700: 0.0528s
 [Normal step time] batch 800: 0.0529s
 [Normal step time] batch 900: 0.0528s
 [Normal step time] batch 1000: 0.0531s
 [Normal step time] batch 1100: 0.0528s
 [Normal step time] batch 1200: 0.0531s
 [Normal step time] batch 1300: 0.0529s
 [Normal step time] batch 1400: 0.0530s
 [Normal step time] batch 1500: 0.0528s
 [Normal step time] batch 1600: 0.0598s
 [Normal step time] batch 1700: 0.0528s
 [Normal step time] batch 1800: 0.0530s
 [Normal step time] batch 1900: 0.0528s
 [Normal step time] batch 2000: 0.0527s
Epoch 120/200 | Loss: 0.4463 | Val Acc: 72.96% | Peak VRAM: 4680.76 MB
 [Normal step time] batch 0: 0.0605s
 [Normal step time] batch 100: 0.0527s
 [Normal step time] batch 200: 0.0595s
 [Normal step time] batch 300: 0.0528s
 [Normal step time] batch 400: 0.0529s
 [Normal step time] batch 500: 0.0529s
 [Normal step time] batch 600: 0.0526s
 [Normal step time] batch 700: 0.0526s
 [Normal step time] batch 800: 0.0526s
 [Normal step time] batch 900: 0.0526s
 [Normal step time] batch 1000: 0.0528s
 [Normal step time] batch 1100: 0.0553s
 [Normal step time] batch 1200: 0.0526s
 [Normal step time] batch 1300: 0.0530s
 [Normal step time] batch 1400: 0.0526s
 [Normal step time] batch 1500: 0.0526s
 [Normal step time] batch 1600: 0.0531s
 [Normal step time] batch 1700: 0.0527s
 [Normal step time] batch 1800: 0.0544s
 [Normal step time] batch 1900: 0.0527s
 [Normal step time] batch 2000: 0.0526s
Epoch 121/200 | Loss: 0.4470 | Val Acc: 72.54% | Peak VRAM: 4680.76 MB
 [Normal step time] batch 0: 0.0569s
 [Normal step time] batch 100: 0.0527s
 [Normal step time] batch 200: 0.0563s
 [Normal step time] batch 300: 0.0529s
 [Normal step time] batch 400: 0.0527s
 [Normal step time] batch 500: 0.0529s
 [Normal step time] batch 600: 0.0527s
 [Normal step time] batch 700: 0.0543s
 [Normal step time] batch 800: 0.0530s
 [Normal step time] batch 900: 0.0531s
 [Normal step time] batch 1000: 0.0528s
 [Normal step time] batch 1100: 0.0533s
 [Normal step time] batch 1200: 0.0558s
 [Normal step time] batch 1300: 0.0532s
 [Normal step time] batch 1400: 0.0526s
 [Normal step time] batch 1500: 0.0529s
 [Normal step time] batch 1600: 0.0526s
 [Normal step time] batch 1700: 0.0529s
 [Normal step time] batch 1800: 0.0528s
 [Normal step time] batch 1900: 0.0529s
 [Normal step time] batch 2000: 0.0529s
Epoch 122/200 | Loss: 0.4452 | Val Acc: 73.88% | Peak VRAM: 4680.76 MB
 [Normal step time] batch 0: 0.0609s
 [Normal step time] batch 100: 0.0530s
 [Normal step time] batch 200: 0.0532s
 [Normal step time] batch 300: 0.0528s
 [Normal step time] batch 400: 0.0529s
 [Normal step time] batch 500: 0.0527s
 [Normal step time] batch 600: 0.0529s
 [Normal step time] batch 700: 0.0528s
 [Normal step time] batch 800: 0.0526s
 [Normal step time] batch 900: 0.0531s
 [Normal step time] batch 1000: 0.0558s
 [Normal step time] batch 1100: 0.0526s
 [Normal step time] batch 1200: 0.0552s
 [Normal step time] batch 1300: 0.0532s
 [Normal step time] batch 1400: 0.0531s
 [Normal step time] batch 1500: 0.0529s
 [Normal step time] batch 1600: 0.0529s
 [Normal step time] batch 1700: 0.0527s
 [Normal step time] batch 1800: 0.0526s
 [Normal step time] batch 1900: 0.0530s
 [Normal step time] batch 2000: 0.0526s
Epoch 123/200 | Loss: 0.4463 | Val Acc: 72.84% | Peak VRAM: 4680.76 MB
 [Normal step time] batch 0: 0.0600s
 [Normal step time] batch 100: 0.0549s
 [Normal step time] batch 200: 0.0527s
 [Normal step time] batch 300: 0.0531s
 [Normal step time] batch 400: 0.0527s
 [Normal step time] batch 500: 0.0535s
 [Normal step time] batch 600: 0.0527s
 [Normal step time] batch 700: 0.0530s
 [Normal step time] batch 800: 0.0590s
 [Normal step time] batch 900: 0.0530s
 [Normal step time] batch 1000: 0.0574s
 [Normal step time] batch 1100: 0.0530s
 [Normal step time] batch 1200: 0.0529s
 [Normal step time] batch 1300: 0.0530s
 [Normal step time] batch 1400: 0.0549s
 [Normal step time] batch 1500: 0.0605s
 [Normal step time] batch 1600: 0.0527s
 [Normal step time] batch 1700: 0.0529s
 [Normal step time] batch 1800: 0.0527s
 [Normal step time] batch 1900: 0.0532s
 [Normal step time] batch 2000: 0.0526s
Epoch 124/200 | Loss: 0.4408 | Val Acc: 71.30% | Peak VRAM: 4680.76 MB
 [Normal step time] batch 0: 0.0595s
 [Normal step time] batch 100: 0.0526s
 [Normal step time] batch 200: 0.0532s
 [Normal step time] batch 300: 0.0529s
 [Normal step time] batch 400: 0.0529s
 [Normal step time] batch 500: 0.0528s
 [Normal step time] batch 600: 0.0528s
 [Normal step time] batch 700: 0.0529s
 [Normal step time] batch 800: 0.0530s
 [Normal step time] batch 900: 0.0526s
 [Normal step time] batch 1000: 0.0526s
 [Normal step time] batch 1100: 0.0529s
 [Normal step time] batch 1200: 0.0536s
 [Normal step time] batch 1300: 0.0526s
 [Normal step time] batch 1400: 0.0527s
 [Normal step time] batch 1500: 0.0572s
 [Normal step time] batch 1600: 0.0528s
 [Normal step time] batch 1700: 0.0529s
 [Normal step time] batch 1800: 0.0528s
 [Normal step time] batch 1900: 0.0598s
 [Normal step time] batch 2000: 0.0530s
Epoch 125/200 | Loss: 0.4354 | Val Acc: 72.56% | Peak VRAM: 4680.76 MB
 [Normal step time] batch 0: 0.0549s
 [Normal step time] batch 100: 0.0526s
 [Normal step time] batch 200: 0.0527s
 [Normal step time] batch 300: 0.0581s
 [Normal step time] batch 400: 0.0527s
 [Normal step time] batch 500: 0.0528s
 [Normal step time] batch 600: 0.0527s
 [Normal step time] batch 700: 0.0527s
 [Normal step time] batch 800: 0.0528s
 [Normal step time] batch 900: 0.0527s
 [Normal step time] batch 1000: 0.0526s
 [Normal step time] batch 1100: 0.0529s
 [Normal step time] batch 1200: 0.0526s
 [Normal step time] batch 1300: 0.0529s
 [Normal step time] batch 1400: 0.0526s
 [Normal step time] batch 1500: 0.0611s
 [Normal step time] batch 1600: 0.0526s
 [Normal step time] batch 1700: 0.0530s
 [Normal step time] batch 1800: 0.0536s
 [Normal step time] batch 1900: 0.0529s
 [Normal step time] batch 2000: 0.0526s
Epoch 126/200 | Loss: 0.4364 | Val Acc: 72.08% | Peak VRAM: 4680.76 MB
 [Normal step time] batch 0: 0.0583s
 [Normal step time] batch 100: 0.0528s
 [Normal step time] batch 200: 0.0548s
 [Normal step time] batch 300: 0.0530s
 [Normal step time] batch 400: 0.0535s
 [Normal step time] batch 500: 0.0530s
 [Normal step time] batch 600: 0.0529s
 [Normal step time] batch 700: 0.0530s
 [Normal step time] batch 800: 0.0527s
 [Normal step time] batch 900: 0.0530s
 [Normal step time] batch 1000: 0.0528s
 [Normal step time] batch 1100: 0.0532s
 [Normal step time] batch 1200: 0.0597s
 [Normal step time] batch 1300: 0.0530s
 [Normal step time] batch 1400: 0.0527s
 [Normal step time] batch 1500: 0.0528s
 [Normal step time] batch 1600: 0.0533s
 [Normal step time] batch 1700: 0.0527s
 [Normal step time] batch 1800: 0.0551s
 [Normal step time] batch 1900: 0.0527s
 [Normal step time] batch 2000: 0.0551s
Epoch 127/200 | Loss: 0.4368 | Val Acc: 72.90% | Peak VRAM: 4680.76 MB
 [Normal step time] batch 0: 0.0610s
 [Normal step time] batch 100: 0.0528s
 [Normal step time] batch 200: 0.0528s
 [Normal step time] batch 300: 0.0694s
 [Normal step time] batch 400: 0.0697s
 [Normal step time] batch 500: 0.0718s
 [Normal step time] batch 600: 0.0797s
 [Normal step time] batch 700: 0.0799s
 [Normal step time] batch 800: 0.0797s
 [Normal step time] batch 900: 0.0698s
 [Normal step time] batch 1000: 0.0709s
 [Normal step time] batch 1100: 0.0704s
 [Normal step time] batch 1200: 0.0797s
 [Normal step time] batch 1300: 0.0840s
 [Normal step time] batch 1400: 0.0835s
 [Normal step time] batch 1500: 0.0821s
 [Normal step time] batch 1600: 0.0812s
 [Normal step time] batch 1700: 0.0802s
 [Normal step time] batch 1800: 0.0809s
 [Normal step time] batch 1900: 0.0817s
 [Normal step time] batch 2000: 0.0812s
Epoch 128/200 | Loss: 0.4370 | Val Acc: 72.90% | Peak VRAM: 4680.76 MB
 [Normal step time] batch 0: 0.1122s
 [Normal step time] batch 100: 0.1030s
 [Normal step time] batch 200: 0.0890s
 [Normal step time] batch 300: 0.0805s
 [Normal step time] batch 400: 0.0687s
 [Normal step time] batch 500: 0.0689s
 [Normal step time] batch 600: 0.0831s
 [Normal step time] batch 700: 0.0804s
 [Normal step time] batch 800: 0.0679s
 [Normal step time] batch 900: 0.0697s
 [Normal step time] batch 1000: 0.0691s
 [Normal step time] batch 1100: 0.0691s
 [Normal step time] batch 1200: 0.0860s
 [Normal step time] batch 1300: 0.0841s
 [Normal step time] batch 1400: 0.0608s
 [Normal step time] batch 1500: 0.0686s
 [Normal step time] batch 1600: 0.0817s
 [Normal step time] batch 1700: 0.0826s
 [Normal step time] batch 1800: 0.0801s
 [Normal step time] batch 1900: 0.0808s
 [Normal step time] batch 2000: 0.0845s
Epoch 129/200 | Loss: 0.4355 | Val Acc: 72.92% | Peak VRAM: 4680.76 MB

[DEBUG] >>> PRUNING @ Epoch 130

[DEBUG] === ViT PDT Pruning (k-horizon=5): Epoch 130 ===
 [k-horizon time]: 15.07s

============================== ViT PDT k-horizon Pruning Report ==============================
 k_horizon=5 | Pruned: 2580 units | Overhead: 15.71s
 [ATTN] blocks.0.attn.qkv                        |    2/   6 |  66.7% pruned
 [FFN] blocks.0.mlp.fc1                         | 1101/1536 |  28.3% pruned
 [ATTN] blocks.1.attn.qkv                        |    1/   6 |  83.3% pruned
 [FFN] blocks.1.mlp.fc1                         | 1273/1536 |  17.1% pruned
 [ATTN] blocks.2.attn.qkv                        |    2/   6 |  66.7% pruned
 [FFN] blocks.2.mlp.fc1                         | 1215/1536 |  20.9% pruned
 [ATTN] blocks.3.attn.qkv                        |    2/   6 |  66.7% pruned
 [FFN] blocks.3.mlp.fc1                         | 1056/1536 |  31.2% pruned
 [ATTN] blocks.4.attn.qkv                        |    1/   6 |  83.3% pruned
 [FFN] blocks.4.mlp.fc1                         | 1075/1536 |  30.0% pruned
 [ATTN] blocks.5.attn.qkv                        |    2/   6 |  66.7% pruned
 [FFN] blocks.5.mlp.fc1                         |  820/1536 |  46.6% pruned
 [ATTN] blocks.6.attn.qkv                        |    2/   6 |  66.7% pruned
 [FFN] blocks.6.mlp.fc1                         | 1022/1536 |  33.5% pruned
 [ATTN] blocks.7.attn.qkv                        |    2/   6 |  66.7% pruned
 [FFN] blocks.7.mlp.fc1                         |  970/1536 |  36.8% pruned
 [ATTN] blocks.8.attn.qkv                        |    1/   6 |  83.3% pruned
 [FFN] blocks.8.mlp.fc1                         | 1144/1536 |  25.5% pruned
 [ATTN] blocks.9.attn.qkv                        |    0/   6 | 100.0% pruned
 [FFN] blocks.9.mlp.fc1                         | 1000/1536 |  34.9% pruned
 [ATTN] blocks.10.attn.qkv                       |    1/   6 |  83.3% pruned
 [FFN] blocks.10.mlp.fc1                        |  511/1536 |  66.7% pruned
 [ATTN] blocks.11.attn.qkv                       |    1/   6 |  83.3% pruned
 [FFN] blocks.11.mlp.fc1                        |  236/1536 |  84.6% pruned

 Size: 39.84MB | Sparsity(weight): 50.81% | Speedup: 2.03x
===================================================================
🧹 Post-Pruning Memory Cleared & Graph Destroyed.

[Scientific Metrics - Epoch 130]
 🟢 Model Size: 81.00 MB -> 39.84 MB
 🔵 Sparsity: 38.18 %
 🟡 Speedup: 2.03x
💾 Checkpoint saved: deit_small_patch16_224_vit_pdt_ep130_sp38.18.pth
 [Normal step time] batch 100: 0.0741s
 [Normal step time] batch 200: 0.0765s
 [Normal step time] batch 300: 0.0805s
 [Normal step time] batch 400: 0.0820s
 [Normal step time] batch 500: 0.0831s
 [Normal step time] batch 600: 0.0818s
 [Normal step time] batch 700: 0.0720s
 [Normal step time] batch 800: 0.0722s
 [Normal step time] batch 900: 0.0705s
 [Normal step time] batch 1000: 0.1103s
 [Normal step time] batch 1100: 0.0695s
 [Normal step time] batch 1200: 0.0768s
 [Normal step time] batch 1300: 0.0696s
 [Normal step time] batch 1400: 0.0695s
 [Normal step time] batch 1500: 0.0706s
 [Normal step time] batch 1600: 0.0698s
 [Normal step time] batch 1700: 0.0697s
 [Normal step time] batch 1800: 0.0697s
 [Normal step time] batch 1900: 0.0758s
 [Normal step time] batch 2000: 0.0745s
Epoch 130/200 | Loss: 0.4871 | Val Acc: 72.98% | Peak VRAM: 21695.16 MB
 [Normal step time] batch 0: 0.0911s
 [Normal step time] batch 100: 0.0819s
 [Normal step time] batch 200: 0.0697s
 [Normal step time] batch 300: 0.0694s
 [Normal step time] batch 400: 0.0694s
 [Normal step time] batch 500: 0.0696s
 [Normal step time] batch 600: 0.0763s
 [Normal step time] batch 700: 0.0807s
 [Normal step time] batch 800: 0.0872s
 [Normal step time] batch 900: 0.0692s
 [Normal step time] batch 1000: 0.0696s
 [Normal step time] batch 1100: 0.0692s
 [Normal step time] batch 1200: 0.0691s
 [Normal step time] batch 1300: 0.0692s
 [Normal step time] batch 1400: 0.0696s
 [Normal step time] batch 1500: 0.0802s
 [Normal step time] batch 1600: 0.0799s
 [Normal step time] batch 1700: 0.0620s
 [Normal step time] batch 1800: 0.0696s
 [Normal step time] batch 1900: 0.0695s
 [Normal step time] batch 2000: 0.0698s
Epoch 131/200 | Loss: 0.4664 | Val Acc: 72.38% | Peak VRAM: 4680.76 MB
 [Normal step time] batch 0: 0.0889s
 [Normal step time] batch 100: 0.0694s
 [Normal step time] batch 200: 0.0752s
 [Normal step time] batch 300: 0.0816s
 [Normal step time] batch 400: 0.0695s
 [Normal step time] batch 500: 0.0696s
 [Normal step time] batch 600: 0.0692s
 [Normal step time] batch 700: 0.0701s
 [Normal step time] batch 800: 0.0808s
 [Normal step time] batch 900: 0.0801s
 [Normal step time] batch 1000: 0.0806s
 [Normal step time] batch 1100: 0.0823s
 [Normal step time] batch 1200: 0.0838s
 [Normal step time] batch 1300: 0.0808s
 [Normal step time] batch 1400: 0.0807s
 [Normal step time] batch 1500: 0.0802s
 [Normal step time] batch 1600: 0.0809s
 [Normal step time] batch 1700: 0.0817s
 [Normal step time] batch 1800: 0.0711s
 [Normal step time] batch 1900: 0.0839s
 [Normal step time] batch 2000: 0.0698s
Epoch 132/200 | Loss: 0.4636 | Val Acc: 73.04% | Peak VRAM: 4680.76 MB
 [Normal step time] batch 0: 0.1003s
 [Normal step time] batch 100: 0.0810s
 [Normal step time] batch 200: 0.0812s
 [Normal step time] batch 300: 0.0804s
 [Normal step time] batch 400: 0.0793s
 [Normal step time] batch 500: 0.0879s
 [Normal step time] batch 600: 0.0816s
 [Normal step time] batch 700: 0.0841s
 [Normal step time] batch 800: 0.1018s
 [Normal step time] batch 900: 0.0704s
 [Normal step time] batch 1000: 0.0701s
 [Normal step time] batch 1100: 0.0702s
 [Normal step time] batch 1200: 0.0699s
 [Normal step time] batch 1300: 0.0714s
 [Normal step time] batch 1400: 0.0822s
 [Normal step time] batch 1500: 0.0820s
 [Normal step time] batch 1600: 0.0807s
 [Normal step time] batch 1700: 0.0821s
 [Normal step time] batch 1800: 0.0825s
 [Normal step time] batch 1900: 0.0710s
 [Normal step time] batch 2000: 0.0702s
Epoch 133/200 | Loss: 0.4535 | Val Acc: 71.20% | Peak VRAM: 4680.76 MB
 [Normal step time] batch 0: 0.0963s
 [Normal step time] batch 100: 0.0845s
 [Normal step time] batch 200: 0.0707s
 [Normal step time] batch 300: 0.0759s
 [Normal step time] batch 400: 0.0772s
 [Normal step time] batch 500: 0.0781s
 [Normal step time] batch 600: 0.0756s
 [Normal step time] batch 700: 0.0711s
 [Normal step time] batch 800: 0.0775s
 [Normal step time] batch 900: 0.0752s
 [Normal step time] batch 1000: 0.0756s
 [Normal step time] batch 1100: 0.0761s
 [Normal step time] batch 1200: 0.0770s
 [Normal step time] batch 1300: 0.0753s
 [Normal step time] batch 1400: 0.0756s
 [Normal step time] batch 1500: 0.0780s
 [Normal step time] batch 1600: 0.0760s
 [Normal step time] batch 1700: 0.0825s
 [Normal step time] batch 1800: 0.0806s
 [Normal step time] batch 1900: 0.0836s
 [Normal step time] batch 2000: 0.0710s
Epoch 134/200 | Loss: 0.4515 | Val Acc: 72.64% | Peak VRAM: 4680.76 MB
 [Normal step time] batch 0: 0.1121s
 [Normal step time] batch 100: 0.0700s
 [Normal step time] batch 200: 0.0701s
 [Normal step time] batch 300: 0.0702s
 [Normal step time] batch 400: 0.0696s
 [Normal step time] batch 500: 0.0693s
 [Normal step time] batch 600: 0.0697s
 [Normal step time] batch 700: 0.0781s
 [Normal step time] batch 800: 0.0705s
 [Normal step time] batch 900: 0.0815s
 [Normal step time] batch 1000: 0.0814s
 [Normal step time] batch 1100: 0.0838s
 [Normal step time] batch 1200: 0.0808s
 [Normal step time] batch 1300: 0.0809s
 [Normal step time] batch 1400: 0.0704s
 [Normal step time] batch 1500: 0.0701s
 [Normal step time] batch 1600: 0.0701s
 [Normal step time] batch 1700: 0.0676s
 [Normal step time] batch 1800: 0.0709s
 [Normal step time] batch 1900: 0.0697s
 [Normal step time] batch 2000: 0.0708s
Epoch 135/200 | Loss: 0.4521 | Val Acc: 72.70% | Peak VRAM: 4680.76 MB
 [Normal step time] batch 0: 0.0806s
 [Normal step time] batch 100: 0.0696s
 [Normal step time] batch 200: 0.0824s
 [Normal step time] batch 300: 0.0814s
 [Normal step time] batch 400: 0.0786s
 [Normal step time] batch 500: 0.0697s
 [Normal step time] batch 600: 0.1086s
 [Normal step time] batch 700: 0.0820s
 [Normal step time] batch 800: 0.0717s
 [Normal step time] batch 900: 0.0700s
 [Normal step time] batch 1000: 0.0699s
 [Normal step time] batch 1100: 0.0704s
 [Normal step time] batch 1200: 0.0699s
 [Normal step time] batch 1300: 0.0804s
 [Normal step time] batch 1400: 0.0819s
 [Normal step time] batch 1500: 0.0817s
 [Normal step time] batch 1600: 0.0816s
 [Normal step time] batch 1700: 0.0651s
 [Normal step time] batch 1800: 0.0806s
 [Normal step time] batch 1900: 0.0821s
 [Normal step time] batch 2000: 0.0698s
Epoch 136/200 | Loss: 0.4518 | Val Acc: 73.60% | Peak VRAM: 4680.76 MB
 [Normal step time] batch 0: 0.0777s
 [Normal step time] batch 100: 0.0695s
 [Normal step time] batch 200: 0.0700s
 [Normal step time] batch 300: 0.0693s
 [Normal step time] batch 400: 0.0695s
 [Normal step time] batch 500: 0.0698s
 [Normal step time] batch 600: 0.0683s
 [Normal step time] batch 700: 0.0802s
 [Normal step time] batch 800: 0.0836s
 [Normal step time] batch 900: 0.0837s
 [Normal step time] batch 1000: 0.0801s
 [Normal step time] batch 1100: 0.0810s
 [Normal step time] batch 1200: 0.0810s
 [Normal step time] batch 1300: 0.0698s
 [Normal step time] batch 1400: 0.0699s
 [Normal step time] batch 1500: 0.0696s
 [Normal step time] batch 1600: 0.0699s
 [Normal step time] batch 1700: 0.0696s
 [Normal step time] batch 1800: 0.0696s
 [Normal step time] batch 1900: 0.0694s
 [Normal step time] batch 2000: 0.0712s
Epoch 137/200 | Loss: 0.4474 | Val Acc: 72.74% | Peak VRAM: 4680.76 MB
 [Normal step time] batch 0: 0.0818s
 [Normal step time] batch 100: 0.0730s
 [Normal step time] batch 200: 0.0700s
 [Normal step time] batch 300: 0.0711s
 [Normal step time] batch 400: 0.0706s
 [Normal step time] batch 500: 0.0693s
 [Normal step time] batch 600: 0.0705s
 [Normal step time] batch 700: 0.0702s
 [Normal step time] batch 800: 0.0700s
 [Normal step time] batch 900: 0.0698s
 [Normal step time] batch 1000: 0.0698s
 [Normal step time] batch 1100: 0.0698s
 [Normal step time] batch 1200: 0.0825s
 [Normal step time] batch 1300: 0.0815s
 [Normal step time] batch 1400: 0.0868s
 [Normal step time] batch 1500: 0.0820s
 [Normal step time] batch 1600: 0.0817s
 [Normal step time] batch 1700: 0.0704s
 [Normal step time] batch 1800: 0.0704s
 [Normal step time] batch 1900: 0.0698s
 [Normal step time] batch 2000: 0.0696s
Epoch 138/200 | Loss: 0.4472 | Val Acc: 72.66% | Peak VRAM: 4680.76 MB
 [Normal step time] batch 0: 0.0963s
 [Normal step time] batch 100: 0.0808s
 [Normal step time] batch 200: 0.0807s
 [Normal step time] batch 300: 0.0800s
 [Normal step time] batch 400: 0.0834s
 [Normal step time] batch 500: 0.0807s
 [Normal step time] batch 600: 0.0801s
 [Normal step time] batch 700: 0.0695s
 [Normal step time] batch 800: 0.0695s
 [Normal step time] batch 900: 0.0700s
 [Normal step time] batch 1000: 0.0692s
 [Normal step time] batch 1100: 0.0818s
 [Normal step time] batch 1200: 0.0806s
 [Normal step time] batch 1300: 0.0696s
 [Normal step time] batch 1400: 0.0701s
 [Normal step time] batch 1500: 0.0699s
 [Normal step time] batch 1600: 0.0694s
 [Normal step time] batch 1700: 0.0700s
 [Normal step time] batch 1800: 0.0695s
 [Normal step time] batch 1900: 0.0799s
 [Normal step time] batch 2000: 0.0817s
Epoch 139/200 | Loss: 0.4458 | Val Acc: 71.90% | Peak VRAM: 4680.76 MB
 [Normal step time] batch 0: 0.1020s
 [Normal step time] batch 100: 0.0821s
 [Normal step time] batch 200: 0.0828s
 [Normal step time] batch 300: 0.0850s
 [Normal step time] batch 400: 0.0797s
 [Normal step time] batch 500: 0.0815s
 [Normal step time] batch 600: 0.0821s
 [Normal step time] batch 700: 0.0816s
 [Normal step time] batch 800: 0.0693s
 [Normal step time] batch 900: 0.0707s
 [Normal step time] batch 1000: 0.0698s
 [Normal step time] batch 1100: 0.0700s
 [Normal step time] batch 1200: 0.0682s
 [Normal step time] batch 1300: 0.0847s
 [Normal step time] batch 1400: 0.0816s
 [Normal step time] batch 1500: 0.0840s
 [Normal step time] batch 1600: 0.0811s
 [Normal step time] batch 1700: 0.0824s
 [Normal step time] batch 1800: 0.0831s
 [Normal step time] batch 1900: 0.0834s
 [Normal step time] batch 2000: 0.0836s
Epoch 140/200 | Loss: 0.4437 | Val Acc: 72.22% | Peak VRAM: 4680.76 MB
 [Normal step time] batch 0: 0.0546s
 [Normal step time] batch 100: 0.0734s
 [Normal step time] batch 200: 0.0759s
 [Normal step time] batch 300: 0.0848s
 [Normal step time] batch 400: 0.0747s
 [Normal step time] batch 500: 0.0744s
 [Normal step time] batch 600: 0.0734s
 [Normal step time] batch 700: 0.0768s
 [Normal step time] batch 800: 0.0758s
 [Normal step time] batch 900: 0.0738s
 [Normal step time] batch 1000: 0.0749s
 [Normal step time] batch 1100: 0.0827s
 [Normal step time] batch 1200: 0.0767s
 [Normal step time] batch 1300: 0.0752s
 [Normal step time] batch 1400: 0.0745s
 [Normal step time] batch 1500: 0.0534s
 [Normal step time] batch 1600: 0.0527s
 [Normal step time] batch 1700: 0.0806s
 [Normal step time] batch 1800: 0.0840s
 [Normal step time] batch 1900: 0.0696s
 [Normal step time] batch 2000: 0.0695s
Epoch 141/200 | Loss: 0.4417 | Val Acc: 71.98% | Peak VRAM: 4680.76 MB
 [Normal step time] batch 0: 0.0773s
 [Normal step time] batch 100: 0.0696s
 [Normal step time] batch 200: 0.0699s
 [Normal step time] batch 300: 0.0700s
 [Normal step time] batch 400: 0.0705s
 [Normal step time] batch 500: 0.0695s
 [Normal step time] batch 600: 0.0842s
 [Normal step time] batch 700: 0.0651s
 [Normal step time] batch 800: 0.0717s
 [Normal step time] batch 900: 0.0690s
 [Normal step time] batch 1000: 0.0809s
 [Normal step time] batch 1100: 0.0821s
 [Normal step time] batch 1200: 0.0702s
 [Normal step time] batch 1300: 0.0698s
 [Normal step time] batch 1400: 0.0697s
 [Normal step time] batch 1500: 0.0696s
 [Normal step time] batch 1600: 0.0627s
 [Normal step time] batch 1700: 0.0705s
 [Normal step time] batch 1800: 0.0692s
 [Normal step time] batch 1900: 0.0727s
 [Normal step time] batch 2000: 0.0698s
Epoch 142/200 | Loss: 0.4409 | Val Acc: 73.24% | Peak VRAM: 4680.76 MB
 [Normal step time] batch 0: 0.0945s
 [Normal step time] batch 100: 0.0837s
 [Normal step time] batch 200: 0.0804s
 [Normal step time] batch 300: 0.0812s
 [Normal step time] batch 400: 0.0814s
 [Normal step time] batch 500: 0.0701s
 [Normal step time] batch 600: 0.0694s
 [Normal step time] batch 700: 0.0961s
 [Normal step time] batch 800: 0.0703s
 [Normal step time] batch 900: 0.0695s
 [Normal step time] batch 1000: 0.0707s
 [Normal step time] batch 1100: 0.0696s
 [Normal step time] batch 1200: 0.0700s
 [Normal step time] batch 1300: 0.1041s
 [Normal step time] batch 1400: 0.0818s
 [Normal step time] batch 1500: 0.0814s
 [Normal step time] batch 1600: 0.0782s
 [Normal step time] batch 1700: 0.0719s
 [Normal step time] batch 1800: 0.0722s
 [Normal step time] batch 1900: 0.1160s
 [Normal step time] batch 2000: 0.0833s
Epoch 143/200 | Loss: 0.4415 | Val Acc: 72.98% | Peak VRAM: 4680.76 MB
 [Normal step time] batch 0: 0.1081s
 [Normal step time] batch 100: 0.0824s
 [Normal step time] batch 200: 0.0821s
 [Normal step time] batch 300: 0.0818s
 [Normal step time] batch 400: 0.0774s
 [Normal step time] batch 500: 0.0874s
 [Normal step time] batch 600: 0.0802s
 [Normal step time] batch 700: 0.0818s
 [Normal step time] batch 800: 0.0819s
 [Normal step time] batch 900: 0.0804s
 [Normal step time] batch 1000: 0.0824s
 [Normal step time] batch 1100: 0.0700s
 [Normal step time] batch 1200: 0.0692s
 [Normal step time] batch 1300: 0.0697s
 [Normal step time] batch 1400: 0.0699s
 [Normal step time] batch 1500: 0.0700s
 [Normal step time] batch 1600: 0.0698s
 [Normal step time] batch 1700: 0.0699s
 [Normal step time] batch 1800: 0.0695s
 [Normal step time] batch 1900: 0.0701s
 [Normal step time] batch 2000: 0.0699s
Epoch 144/200 | Loss: 0.4438 | Val Acc: 71.62% | Peak VRAM: 4680.76 MB
 [Normal step time] batch 0: 0.0986s
 [Normal step time] batch 100: 0.1008s
 [Normal step time] batch 200: 0.1077s
 [Normal step time] batch 300: 0.0695s
 [Normal step time] batch 400: 0.0814s
 [Normal step time] batch 500: 0.0815s
 [Normal step time] batch 600: 0.0822s
 [Normal step time] batch 700: 0.0707s
 [Normal step time] batch 800: 0.0698s
 [Normal step time] batch 900: 0.0633s
 [Normal step time] batch 1000: 0.0702s
 [Normal step time] batch 1100: 0.0698s
 [Normal step time] batch 1200: 0.0694s
 [Normal step time] batch 1300: 0.0696s
 [Normal step time] batch 1400: 0.0704s
 [Normal step time] batch 1500: 0.0746s
 [Normal step time] batch 1600: 0.0841s
 [Normal step time] batch 1700: 0.0866s
 [Normal step time] batch 1800: 0.0824s
 [Normal step time] batch 1900: 0.0705s
 [Normal step time] batch 2000: 0.0694s
Epoch 145/200 | Loss: 0.4367 | Val Acc: 72.08% | Peak VRAM: 4680.76 MB
 [Normal step time] batch 0: 0.0941s
 [Normal step time] batch 100: 0.0696s
 [Normal step time] batch 200: 0.0698s
 [Normal step time] batch 300: 0.0702s
 [Normal step time] batch 400: 0.0694s
 [Normal step time] batch 500: 0.0700s
 [Normal step time] batch 600: 0.0697s
 [Normal step time] batch 700: 0.0698s
 [Normal step time] batch 800: 0.0695s
 [Normal step time] batch 900: 0.0697s
 [Normal step time] batch 1000: 0.0692s
 [Normal step time] batch 1100: 0.0697s
 [Normal step time] batch 1200: 0.0696s
 [Normal step time] batch 1300: 0.0695s
 [Normal step time] batch 1400: 0.0692s
 [Normal step time] batch 1500: 0.0697s
 [Normal step time] batch 1600: 0.0700s
 [Normal step time] batch 1700: 0.0694s
 [Normal step time] batch 1800: 0.0697s
 [Normal step time] batch 1900: 0.0866s
 [Normal step time] batch 2000: 0.0800s
Epoch 146/200 | Loss: 0.4407 | Val Acc: 72.32% | Peak VRAM: 4680.76 MB
 [Normal step time] batch 0: 0.0983s
 [Normal step time] batch 100: 0.0817s
 [Normal step time] batch 200: 0.0851s
 [Normal step time] batch 300: 0.0816s
 [Normal step time] batch 400: 0.0814s
 [Normal step time] batch 500: 0.0814s
 [Normal step time] batch 600: 0.0808s
 [Normal step time] batch 700: 0.0824s
 [Normal step time] batch 800: 0.0867s
 [Normal step time] batch 900: 0.0841s
 [Normal step time] batch 1000: 0.0849s
 [Normal step time] batch 1100: 0.0690s
 [Normal step time] batch 1200: 0.0698s
 [Normal step time] batch 1300: 0.0696s
 [Normal step time] batch 1400: 0.0624s
 [Normal step time] batch 1500: 0.0836s
 [Normal step time] batch 1600: 0.0819s
 [Normal step time] batch 1700: 0.0814s
 [Normal step time] batch 1800: 0.0834s
 [Normal step time] batch 1900: 0.0703s
 [Normal step time] batch 2000: 0.0696s
Epoch 147/200 | Loss: 0.4378 | Val Acc: 72.78% | Peak VRAM: 4680.76 MB
 [Normal step time] batch 0: 0.0852s
 [Normal step time] batch 100: 0.0747s
 [Normal step time] batch 200: 0.0743s
 [Normal step time] batch 300: 0.0762s
 [Normal step time] batch 400: 0.0749s
 [Normal step time] batch 500: 0.0756s
 [Normal step time] batch 600: 0.0752s
 [Normal step time] batch 700: 0.0765s
 [Normal step time] batch 800: 0.0748s
 [Normal step time] batch 900: 0.0774s
 [Normal step time] batch 1000: 0.0755s
 [Normal step time] batch 1100: 0.0754s
 [Normal step time] batch 1200: 0.0748s
 [Normal step time] batch 1300: 0.0746s
 [Normal step time] batch 1400: 0.0525s
 [Normal step time] batch 1500: 0.0529s
 [Normal step time] batch 1600: 0.0557s
 [Normal step time] batch 1700: 0.0698s
 [Normal step time] batch 1800: 0.0741s
 [Normal step time] batch 1900: 0.0696s
 [Normal step time] batch 2000: 0.0695s
Epoch 148/200 | Loss: 0.4307 | Val Acc: 72.74% | Peak VRAM: 4680.76 MB
 [Normal step time] batch 0: 0.1444s
 [Normal step time] batch 100: 0.0916s
 [Normal step time] batch 200: 0.1451s
 [Normal step time] batch 300: 0.1457s
 [Normal step time] batch 400: 0.1173s
 [Normal step time] batch 500: 0.1493s
 [Normal step time] batch 600: 0.0935s
 [Normal step time] batch 700: 0.1755s
 [Normal step time] batch 800: 0.1130s
 [Normal step time] batch 900: 0.0925s
 [Normal step time] batch 1000: 0.1495s
 [Normal step time] batch 1100: 0.1091s
 [Normal step time] batch 1200: 0.1168s
 [Normal step time] batch 1300: 0.1352s
 [Normal step time] batch 1400: 0.1287s
 [Normal step time] batch 1500: 0.1125s
 [Normal step time] batch 1600: 0.1328s
 [Normal step time] batch 1700: 0.1118s
 [Normal step time] batch 1800: 0.1575s
 [Normal step time] batch 1900: 0.1158s
 [Normal step time] batch 2000: 0.0924s
Epoch 149/200 | Loss: 0.4340 | Val Acc: 72.50% | Peak VRAM: 4680.76 MB

[DEBUG] >>> PRUNING @ Epoch 150

[DEBUG] === ViT PDT Pruning (k-horizon=5): Epoch 150 ===
[WARNING] k-horizon step 0 skipped (blocks.0.mlp.fc1): CUDA out of memory. Tried to allocate 58.00 MiB. GPU 0 has a total capacity of 47.27 GiB of which 2.50 MiB is free. Including non-PyTorch memory, this process has 19.31 GiB memory in use. Process 141342 has 19.62 GiB memory in use. Process 158065 has 8.32 GiB memory in use. Of the allocated memory 18.20 GiB is allocated by PyTorch, and 707.07 MiB is reserved by PyTorch but unallocated. If reserved but unallocated memory is large try setting PYTORCH_CUDA_ALLOC_CONF=expandable_segments:True to avoid fragmentation.  See documentation for Memory Management  (https://docs.pytorch.org/docs/stable/notes/cuda.html#optimizing-memory-usage-with-pytorch-cuda-alloc-conf)
[WARNING] k-horizon step 0 skipped (blocks.1.attn.qkv): CUDA out of memory. Tried to allocate 74.00 MiB. GPU 0 has a total capacity of 47.27 GiB of which 2.50 MiB is free. Including non-PyTorch memory, this process has 19.31 GiB memory in use. Process 141342 has 19.62 GiB memory in use. Process 158065 has 8.32 GiB memory in use. Of the allocated memory 18.25 GiB is allocated by PyTorch, and 659.16 MiB is reserved by PyTorch but unallocated. If reserved but unallocated memory is large try setting PYTORCH_CUDA_ALLOC_CONF=expandable_segments:True to avoid fragmentation.  See documentation for Memory Management  (https://docs.pytorch.org/docs/stable/notes/cuda.html#optimizing-memory-usage-with-pytorch-cuda-alloc-conf)
[WARNING] k-horizon step 0 skipped (blocks.1.mlp.fc1): CUDA out of memory. Tried to allocate 74.00 MiB. GPU 0 has a total capacity of 47.27 GiB of which 2.50 MiB is free. Including non-PyTorch memory, this process has 19.31 GiB memory in use. Process 141342 has 19.62 GiB memory in use. Process 158065 has 8.32 GiB memory in use. Of the allocated memory 18.25 GiB is allocated by PyTorch, and 659.15 MiB is reserved by PyTorch but unallocated. If reserved but unallocated memory is large try setting PYTORCH_CUDA_ALLOC_CONF=expandable_segments:True to avoid fragmentation.  See documentation for Memory Management  (https://docs.pytorch.org/docs/stable/notes/cuda.html#optimizing-memory-usage-with-pytorch-cuda-alloc-conf)
[WARNING] k-horizon step 0 skipped (blocks.2.attn.qkv): CUDA out of memory. Tried to allocate 74.00 MiB. GPU 0 has a total capacity of 47.27 GiB of which 2.50 MiB is free. Including non-PyTorch memory, this process has 19.31 GiB memory in use. Process 141342 has 19.62 GiB memory in use. Process 158065 has 8.32 GiB memory in use. Of the allocated memory 18.25 GiB is allocated by PyTorch, and 659.15 MiB is reserved by PyTorch but unallocated. If reserved but unallocated memory is large try setting PYTORCH_CUDA_ALLOC_CONF=expandable_segments:True to avoid fragmentation.  See documentation for Memory Management  (https://docs.pytorch.org/docs/stable/notes/cuda.html#optimizing-memory-usage-with-pytorch-cuda-alloc-conf)
[WARNING] k-horizon step 0 skipped (blocks.2.mlp.fc1): CUDA out of memory. Tried to allocate 74.00 MiB. GPU 0 has a total capacity of 47.27 GiB of which 2.50 MiB is free. Including non-PyTorch memory, this process has 19.31 GiB memory in use. Process 141342 has 19.62 GiB memory in use. Process 158065 has 8.32 GiB memory in use. Of the allocated memory 18.25 GiB is allocated by PyTorch, and 659.15 MiB is reserved by PyTorch but unallocated. If reserved but unallocated memory is large try setting PYTORCH_CUDA_ALLOC_CONF=expandable_segments:True to avoid fragmentation.  See documentation for Memory Management  (https://docs.pytorch.org/docs/stable/notes/cuda.html#optimizing-memory-usage-with-pytorch-cuda-alloc-conf)
[WARNING] k-horizon step 0 skipped (blocks.3.attn.qkv): CUDA out of memory. Tried to allocate 74.00 MiB. GPU 0 has a total capacity of 47.27 GiB of which 2.50 MiB is free. Including non-PyTorch memory, this process has 19.31 GiB memory in use. Process 141342 has 19.62 GiB memory in use. Process 158065 has 8.32 GiB memory in use. Of the allocated memory 18.25 GiB is allocated by PyTorch, and 659.14 MiB is reserved by PyTorch but unallocated. If reserved but unallocated memory is large try setting PYTORCH_CUDA_ALLOC_CONF=expandable_segments:True to avoid fragmentation.  See documentation for Memory Management  (https://docs.pytorch.org/docs/stable/notes/cuda.html#optimizing-memory-usage-with-pytorch-cuda-alloc-conf)
[WARNING] k-horizon step 0 skipped (blocks.3.mlp.fc1): CUDA out of memory. Tried to allocate 74.00 MiB. GPU 0 has a total capacity of 47.27 GiB of which 2.50 MiB is free. Including non-PyTorch memory, this process has 19.31 GiB memory in use. Process 141342 has 19.62 GiB memory in use. Process 158065 has 8.32 GiB memory in use. Of the allocated memory 18.25 GiB is allocated by PyTorch, and 659.14 MiB is reserved by PyTorch but unallocated. If reserved but unallocated memory is large try setting PYTORCH_CUDA_ALLOC_CONF=expandable_segments:True to avoid fragmentation.  See documentation for Memory Management  (https://docs.pytorch.org/docs/stable/notes/cuda.html#optimizing-memory-usage-with-pytorch-cuda-alloc-conf)
[WARNING] k-horizon step 0 skipped (blocks.4.attn.qkv): CUDA out of memory. Tried to allocate 74.00 MiB. GPU 0 has a total capacity of 47.27 GiB of which 2.50 MiB is free. Including non-PyTorch memory, this process has 19.31 GiB memory in use. Process 141342 has 19.62 GiB memory in use. Process 158065 has 8.32 GiB memory in use. Of the allocated memory 18.25 GiB is allocated by PyTorch, and 659.14 MiB is reserved by PyTorch but unallocated. If reserved but unallocated memory is large try setting PYTORCH_CUDA_ALLOC_CONF=expandable_segments:True to avoid fragmentation.  See documentation for Memory Management  (https://docs.pytorch.org/docs/stable/notes/cuda.html#optimizing-memory-usage-with-pytorch-cuda-alloc-conf)
[WARNING] k-horizon step 0 skipped (blocks.4.mlp.fc1): CUDA out of memory. Tried to allocate 74.00 MiB. GPU 0 has a total capacity of 47.27 GiB of which 2.50 MiB is free. Including non-PyTorch memory, this process has 19.31 GiB memory in use. Process 141342 has 19.62 GiB memory in use. Process 158065 has 8.32 GiB memory in use. Of the allocated memory 18.25 GiB is allocated by PyTorch, and 659.13 MiB is reserved by PyTorch but unallocated. If reserved but unallocated memory is large try setting PYTORCH_CUDA_ALLOC_CONF=expandable_segments:True to avoid fragmentation.  See documentation for Memory Management  (https://docs.pytorch.org/docs/stable/notes/cuda.html#optimizing-memory-usage-with-pytorch-cuda-alloc-conf)
[WARNING] k-horizon step 0 skipped (blocks.5.attn.qkv): CUDA out of memory. Tried to allocate 74.00 MiB. GPU 0 has a total capacity of 47.27 GiB of which 2.50 MiB is free. Including non-PyTorch memory, this process has 19.31 GiB memory in use. Process 141342 has 19.62 GiB memory in use. Process 158065 has 8.32 GiB memory in use. Of the allocated memory 18.25 GiB is allocated by PyTorch, and 659.13 MiB is reserved by PyTorch but unallocated. If reserved but unallocated memory is large try setting PYTORCH_CUDA_ALLOC_CONF=expandable_segments:True to avoid fragmentation.  See documentation for Memory Management  (https://docs.pytorch.org/docs/stable/notes/cuda.html#optimizing-memory-usage-with-pytorch-cuda-alloc-conf)
[WARNING] k-horizon step 0 skipped (blocks.5.mlp.fc1): CUDA out of memory. Tried to allocate 74.00 MiB. GPU 0 has a total capacity of 47.27 GiB of which 2.50 MiB is free. Including non-PyTorch memory, this process has 19.31 GiB memory in use. Process 141342 has 19.62 GiB memory in use. Process 158065 has 8.32 GiB memory in use. Of the allocated memory 18.25 GiB is allocated by PyTorch, and 659.13 MiB is reserved by PyTorch but unallocated. If reserved but unallocated memory is large try setting PYTORCH_CUDA_ALLOC_CONF=expandable_segments:True to avoid fragmentation.  See documentation for Memory Management  (https://docs.pytorch.org/docs/stable/notes/cuda.html#optimizing-memory-usage-with-pytorch-cuda-alloc-conf)
[WARNING] k-horizon step 0 skipped (blocks.6.attn.qkv): CUDA out of memory. Tried to allocate 74.00 MiB. GPU 0 has a total capacity of 47.27 GiB of which 2.50 MiB is free. Including non-PyTorch memory, this process has 19.31 GiB memory in use. Process 141342 has 19.62 GiB memory in use. Process 158065 has 8.32 GiB memory in use. Of the allocated memory 18.25 GiB is allocated by PyTorch, and 659.13 MiB is reserved by PyTorch but unallocated. If reserved but unallocated memory is large try setting PYTORCH_CUDA_ALLOC_CONF=expandable_segments:True to avoid fragmentation.  See documentation for Memory Management  (https://docs.pytorch.org/docs/stable/notes/cuda.html#optimizing-memory-usage-with-pytorch-cuda-alloc-conf)
[WARNING] k-horizon step 0 skipped (blocks.6.mlp.fc1): CUDA out of memory. Tried to allocate 74.00 MiB. GPU 0 has a total capacity of 47.27 GiB of which 2.50 MiB is free. Including non-PyTorch memory, this process has 19.31 GiB memory in use. Process 141342 has 19.62 GiB memory in use. Process 158065 has 8.32 GiB memory in use. Of the allocated memory 18.25 GiB is allocated by PyTorch, and 659.12 MiB is reserved by PyTorch but unallocated. If reserved but unallocated memory is large try setting PYTORCH_CUDA_ALLOC_CONF=expandable_segments:True to avoid fragmentation.  See documentation for Memory Management  (https://docs.pytorch.org/docs/stable/notes/cuda.html#optimizing-memory-usage-with-pytorch-cuda-alloc-conf)
[WARNING] k-horizon step 0 skipped (blocks.7.attn.qkv): CUDA out of memory. Tried to allocate 74.00 MiB. GPU 0 has a total capacity of 47.27 GiB of which 2.50 MiB is free. Including non-PyTorch memory, this process has 19.31 GiB memory in use. Process 141342 has 19.62 GiB memory in use. Process 158065 has 8.32 GiB memory in use. Of the allocated memory 18.25 GiB is allocated by PyTorch, and 659.12 MiB is reserved by PyTorch but unallocated. If reserved but unallocated memory is large try setting PYTORCH_CUDA_ALLOC_CONF=expandable_segments:True to avoid fragmentation.  See documentation for Memory Management  (https://docs.pytorch.org/docs/stable/notes/cuda.html#optimizing-memory-usage-with-pytorch-cuda-alloc-conf)
[WARNING] k-horizon step 0 skipped (blocks.7.mlp.fc1): CUDA out of memory. Tried to allocate 74.00 MiB. GPU 0 has a total capacity of 47.27 GiB of which 2.50 MiB is free. Including non-PyTorch memory, this process has 19.31 GiB memory in use. Process 141342 has 19.62 GiB memory in use. Process 158065 has 8.32 GiB memory in use. Of the allocated memory 18.25 GiB is allocated by PyTorch, and 659.11 MiB is reserved by PyTorch but unallocated. If reserved but unallocated memory is large try setting PYTORCH_CUDA_ALLOC_CONF=expandable_segments:True to avoid fragmentation.  See documentation for Memory Management  (https://docs.pytorch.org/docs/stable/notes/cuda.html#optimizing-memory-usage-with-pytorch-cuda-alloc-conf)
[WARNING] k-horizon step 0 skipped (blocks.8.attn.qkv): CUDA out of memory. Tried to allocate 74.00 MiB. GPU 0 has a total capacity of 47.27 GiB of which 2.50 MiB is free. Including non-PyTorch memory, this process has 19.31 GiB memory in use. Process 141342 has 19.62 GiB memory in use. Process 158065 has 8.32 GiB memory in use. Of the allocated memory 18.25 GiB is allocated by PyTorch, and 659.11 MiB is reserved by PyTorch but unallocated. If reserved but unallocated memory is large try setting PYTORCH_CUDA_ALLOC_CONF=expandable_segments:True to avoid fragmentation.  See documentation for Memory Management  (https://docs.pytorch.org/docs/stable/notes/cuda.html#optimizing-memory-usage-with-pytorch-cuda-alloc-conf)
[WARNING] k-horizon step 0 skipped (blocks.8.mlp.fc1): CUDA out of memory. Tried to allocate 74.00 MiB. GPU 0 has a total capacity of 47.27 GiB of which 2.50 MiB is free. Including non-PyTorch memory, this process has 19.31 GiB memory in use. Process 141342 has 19.62 GiB memory in use. Process 158065 has 8.32 GiB memory in use. Of the allocated memory 18.25 GiB is allocated by PyTorch, and 659.11 MiB is reserved by PyTorch but unallocated. If reserved but unallocated memory is large try setting PYTORCH_CUDA_ALLOC_CONF=expandable_segments:True to avoid fragmentation.  See documentation for Memory Management  (https://docs.pytorch.org/docs/stable/notes/cuda.html#optimizing-memory-usage-with-pytorch-cuda-alloc-conf)
[WARNING] k-horizon step 0 skipped (blocks.9.attn.qkv): CUDA out of memory. Tried to allocate 74.00 MiB. GPU 0 has a total capacity of 47.27 GiB of which 2.50 MiB is free. Including non-PyTorch memory, this process has 19.31 GiB memory in use. Process 141342 has 19.62 GiB memory in use. Process 158065 has 8.32 GiB memory in use. Of the allocated memory 18.25 GiB is allocated by PyTorch, and 659.11 MiB is reserved by PyTorch but unallocated. If reserved but unallocated memory is large try setting PYTORCH_CUDA_ALLOC_CONF=expandable_segments:True to avoid fragmentation.  See documentation for Memory Management  (https://docs.pytorch.org/docs/stable/notes/cuda.html#optimizing-memory-usage-with-pytorch-cuda-alloc-conf)
[WARNING] k-horizon step 0 skipped (blocks.9.mlp.fc1): CUDA out of memory. Tried to allocate 74.00 MiB. GPU 0 has a total capacity of 47.27 GiB of which 2.50 MiB is free. Including non-PyTorch memory, this process has 19.31 GiB memory in use. Process 141342 has 19.62 GiB memory in use. Process 158065 has 8.32 GiB memory in use. Of the allocated memory 18.25 GiB is allocated by PyTorch, and 659.10 MiB is reserved by PyTorch but unallocated. If reserved but unallocated memory is large try setting PYTORCH_CUDA_ALLOC_CONF=expandable_segments:True to avoid fragmentation.  See documentation for Memory Management  (https://docs.pytorch.org/docs/stable/notes/cuda.html#optimizing-memory-usage-with-pytorch-cuda-alloc-conf)
 [k-horizon time]: 2.28s

============================== ViT PDT k-horizon Pruning Report ==============================
 k_horizon=5 | Pruned: 20592 units | Overhead: 14.09s
 [ATTN] blocks.0.attn.qkv                        |    2/   6 |  66.7% pruned
 [FFN] blocks.0.mlp.fc1                         |    0/1536 | 100.0% pruned
 [ATTN] blocks.1.attn.qkv                        |    0/   6 | 100.0% pruned
 [FFN] blocks.1.mlp.fc1                         |    0/1536 | 100.0% pruned
 [ATTN] blocks.2.attn.qkv                        |    0/   6 | 100.0% pruned
 [FFN] blocks.2.mlp.fc1                         |  230/1536 |  85.0% pruned
 [ATTN] blocks.3.attn.qkv                        |    2/   6 |  66.7% pruned
 [FFN] blocks.3.mlp.fc1                         |  161/1536 |  89.5% pruned
 [ATTN] blocks.4.attn.qkv                        |    0/   6 | 100.0% pruned
 [FFN] blocks.4.mlp.fc1                         |    0/1536 | 100.0% pruned
 [ATTN] blocks.5.attn.qkv                        |    0/   6 | 100.0% pruned
 [FFN] blocks.5.mlp.fc1                         |    0/1536 | 100.0% pruned
 [ATTN] blocks.6.attn.qkv                        |    0/   6 | 100.0% pruned
 [FFN] blocks.6.mlp.fc1                         |    0/1536 | 100.0% pruned
 [ATTN] blocks.7.attn.qkv                        |    0/   6 | 100.0% pruned
 [FFN] blocks.7.mlp.fc1                         |    0/1536 | 100.0% pruned
 [ATTN] blocks.8.attn.qkv                        |    0/   6 | 100.0% pruned
 [FFN] blocks.8.mlp.fc1                         |    0/1536 | 100.0% pruned
 [ATTN] blocks.9.attn.qkv                        |    0/   6 | 100.0% pruned
 [FFN] blocks.9.mlp.fc1                         |    0/1536 | 100.0% pruned
 [ATTN] blocks.10.attn.qkv                       |    1/   6 |  83.3% pruned
 [FFN] blocks.10.mlp.fc1                        |  511/1536 |  66.7% pruned
 [ATTN] blocks.11.attn.qkv                       |    1/   6 |  83.3% pruned
 [FFN] blocks.11.mlp.fc1                        |  236/1536 |  84.6% pruned

 Size: 5.58MB | Sparsity(weight): 93.11% | Speedup: 14.51x
===================================================================
🧹 Post-Pruning Memory Cleared & Graph Destroyed.

[Scientific Metrics - Epoch 150]
 🟢 Model Size: 81.00 MB -> 5.58 MB
 🔵 Sparsity: 93.82 %
 🟡 Speedup: 14.51x
💾 Checkpoint saved: deit_small_patch16_224_vit_pdt_ep150_sp93.82.pth
 [Normal step time] batch 100: 0.1358s
 [Normal step time] batch 200: 0.1660s
 [Normal step time] batch 300: 0.0957s
 [Normal step time] batch 400: 0.1349s
 [Normal step time] batch 500: 0.0976s
 [Normal step time] batch 600: 0.1079s
 [Normal step time] batch 700: 0.1437s
 [Normal step time] batch 800: 0.1116s
 [Normal step time] batch 900: 0.1739s
 [Normal step time] batch 1000: 0.1987s
 [Normal step time] batch 1100: 0.1572s
 [Normal step time] batch 1200: 0.2035s
 [Normal step time] batch 1300: 0.1646s
 [Normal step time] batch 1400: 0.1567s
 [Normal step time] batch 1500: 0.1265s
 [Normal step time] batch 1600: 0.1439s
 [Normal step time] batch 1700: 0.1762s
 [Normal step time] batch 1800: 0.1836s
 [Normal step time] batch 1900: 0.1892s
 [Normal step time] batch 2000: 0.1741s
Epoch 150/200 | Loss: 3.1585 | Val Acc: 33.46% | Peak VRAM: 18688.90 MB
 [Normal step time] batch 0: 0.2027s
 [Normal step time] batch 100: 0.0970s
 [Normal step time] batch 200: 0.1629s
 [Normal step time] batch 300: 0.1617s
 [Normal step time] batch 400: 0.1860s
 [Normal step time] batch 500: 0.1741s
 [Normal step time] batch 600: 0.1873s
 [Normal step time] batch 700: 0.2014s
 [Normal step time] batch 800: 0.1794s
 [Normal step time] batch 900: 0.1764s
 [Normal step time] batch 1000: 0.1620s
 [Normal step time] batch 1100: 0.1921s
 [Normal step time] batch 1200: 0.1854s
 [Normal step time] batch 1300: 0.2145s
 [Normal step time] batch 1400: 0.1887s
 [Normal step time] batch 1500: 0.1957s
 [Normal step time] batch 1600: 0.1672s
 [Normal step time] batch 1700: 0.1802s
 [Normal step time] batch 1800: 0.1926s
 [Normal step time] batch 1900: 0.1920s
 [Normal step time] batch 2000: 0.1429s
Epoch 151/200 | Loss: 2.5740 | Val Acc: 40.08% | Peak VRAM: 4680.76 MB
 [Normal step time] batch 0: 0.1757s
 [Normal step time] batch 100: 0.1745s
 [Normal step time] batch 200: 0.1658s
 [Normal step time] batch 300: 0.1305s
 [Normal step time] batch 400: 0.1311s
 [Normal step time] batch 500: 0.1089s
 [Normal step time] batch 600: 0.1210s
 [Normal step time] batch 700: 0.1020s
 [Normal step time] batch 800: 0.1438s
 [Normal step time] batch 900: 0.1027s
 [Normal step time] batch 1000: 0.1481s
 [Normal step time] batch 1100: 0.0920s
 [Normal step time] batch 1200: 0.0890s
 [Normal step time] batch 1300: 0.1372s
 [Normal step time] batch 1400: 0.1185s
 [Normal step time] batch 1500: 0.1204s
 [Normal step time] batch 1600: 0.1275s
 [Normal step time] batch 1700: 0.1330s
 [Normal step time] batch 1800: 0.1094s
 [Normal step time] batch 1900: 0.1622s
 [Normal step time] batch 2000: 0.1559s
Epoch 152/200 | Loss: 2.3528 | Val Acc: 42.42% | Peak VRAM: 4680.76 MB
 [Normal step time] batch 0: 0.1643s
 [Normal step time] batch 100: 0.1290s
 [Normal step time] batch 200: 0.1279s
 [Normal step time] batch 300: 0.1137s
 [Normal step time] batch 400: 0.1468s
 [Normal step time] batch 500: 0.1210s
 [Normal step time] batch 600: 0.1473s
 [Normal step time] batch 700: 0.0951s
 [Normal step time] batch 800: 0.1172s
 [Normal step time] batch 900: 0.1082s
 [Normal step time] batch 1000: 0.1271s
 [Normal step time] batch 1100: 0.1719s
 [Normal step time] batch 1200: 0.1163s
 [Normal step time] batch 1300: 0.0702s
 [Normal step time] batch 1400: 0.0812s
 [Normal step time] batch 1500: 0.0707s
 [Normal step time] batch 1600: 0.0705s
 [Normal step time] batch 1700: 0.0848s
 [Normal step time] batch 1800: 0.0709s
 [Normal step time] batch 1900: 0.0841s
 [Normal step time] batch 2000: 0.0831s
Epoch 153/200 | Loss: 2.2097 | Val Acc: 45.16% | Peak VRAM: 4680.76 MB
 [Normal step time] batch 0: 0.0993s
 [Normal step time] batch 100: 0.0704s
 [Normal step time] batch 200: 0.0709s
 [Normal step time] batch 300: 0.0832s
 [Normal step time] batch 400: 0.0765s
 [Normal step time] batch 500: 0.0843s
 [Normal step time] batch 600: 0.0707s
 [Normal step time] batch 700: 0.0703s
 [Normal step time] batch 800: 0.0610s
 [Normal step time] batch 900: 0.0705s
 [Normal step time] batch 1000: 0.1047s
 [Normal step time] batch 1100: 0.0703s
 [Normal step time] batch 1200: 0.1076s
 [Normal step time] batch 1300: 0.0704s
 [Normal step time] batch 1400: 0.0822s
 [Normal step time] batch 1500: 0.0751s
 [Normal step time] batch 1600: 0.0843s
 [Normal step time] batch 1700: 0.0709s
 [Normal step time] batch 1800: 0.0705s
 [Normal step time] batch 1900: 0.0782s
 [Normal step time] batch 2000: 0.0679s
Epoch 154/200 | Loss: 2.1016 | Val Acc: 45.20% | Peak VRAM: 4680.76 MB
 [Normal step time] batch 0: 0.0863s
 [Normal step time] batch 100: 0.0762s
 [Normal step time] batch 200: 0.0773s
 [Normal step time] batch 300: 0.0748s
 [Normal step time] batch 400: 0.0767s
 [Normal step time] batch 500: 0.0757s
 [Normal step time] batch 600: 0.0767s
 [Normal step time] batch 700: 0.0795s
 [Normal step time] batch 800: 0.0811s
 [Normal step time] batch 900: 0.0757s
 [Normal step time] batch 1000: 0.0760s
 [Normal step time] batch 1100: 0.0538s
 [Normal step time] batch 1200: 0.0525s
 [Normal step time] batch 1300: 0.0526s
 [Normal step time] batch 1400: 0.0704s
 [Normal step time] batch 1500: 0.0834s
 [Normal step time] batch 1600: 0.0703s
 [Normal step time] batch 1700: 0.0823s
 [Normal step time] batch 1800: 0.0621s
 [Normal step time] batch 1900: 0.0708s
 [Normal step time] batch 2000: 0.0826s
Epoch 155/200 | Loss: 2.0243 | Val Acc: 48.74% | Peak VRAM: 4680.76 MB
 [Normal step time] batch 0: 0.0832s
 [Normal step time] batch 100: 0.0837s
 [Normal step time] batch 200: 0.0835s
 [Normal step time] batch 300: 0.0701s
 [Normal step time] batch 400: 0.0829s
 [Normal step time] batch 500: 0.0753s
 [Normal step time] batch 600: 0.0832s
 [Normal step time] batch 700: 0.0708s
 [Normal step time] batch 800: 0.0829s
 [Normal step time] batch 900: 0.0706s
 [Normal step time] batch 1000: 0.0703s
 [Normal step time] batch 1100: 0.0812s
 [Normal step time] batch 1200: 0.0703s
 [Normal step time] batch 1300: 0.0821s
 [Normal step time] batch 1400: 0.0715s
 [Normal step time] batch 1500: 0.0859s
 [Normal step time] batch 1600: 0.0804s
 [Normal step time] batch 1700: 0.0701s
 [Normal step time] batch 1800: 0.0702s
 [Normal step time] batch 1900: 0.0821s
 [Normal step time] batch 2000: 0.0703s
Epoch 156/200 | Loss: 1.9566 | Val Acc: 49.46% | Peak VRAM: 4680.76 MB
 [Normal step time] batch 0: 0.1274s
 [Normal step time] batch 100: 0.0708s
 [Normal step time] batch 200: 0.0857s
 [Normal step time] batch 300: 0.0703s
 [Normal step time] batch 400: 0.0851s
 [Normal step time] batch 500: 0.0705s
 [Normal step time] batch 600: 0.0701s
 [Normal step time] batch 700: 0.0825s
 [Normal step time] batch 800: 0.0700s
 [Normal step time] batch 900: 0.0822s
 [Normal step time] batch 1000: 0.1040s
 [Normal step time] batch 1100: 0.0705s
 [Normal step time] batch 1200: 0.0823s
 [Normal step time] batch 1300: 0.0709s
 [Normal step time] batch 1400: 0.0705s
 [Normal step time] batch 1500: 0.0819s
 [Normal step time] batch 1600: 0.0746s
 [Normal step time] batch 1700: 0.0806s
 [Normal step time] batch 1800: 0.0854s
 [Normal step time] batch 1900: 0.0849s
 [Normal step time] batch 2000: 0.0703s
Epoch 157/200 | Loss: 1.9059 | Val Acc: 50.50% | Peak VRAM: 4680.76 MB
 [Normal step time] batch 0: 0.1057s
 [Normal step time] batch 100: 0.0850s
 [Normal step time] batch 200: 0.0710s
 [Normal step time] batch 300: 0.0702s
 [Normal step time] batch 400: 0.0844s
 [Normal step time] batch 500: 0.0707s
 [Normal step time] batch 600: 0.0826s
 [Normal step time] batch 700: 0.0705s
 [Normal step time] batch 800: 0.0846s
 [Normal step time] batch 900: 0.0703s
 [Normal step time] batch 1000: 0.0699s
 [Normal step time] batch 1100: 0.0826s
 [Normal step time] batch 1200: 0.0707s
 [Normal step time] batch 1300: 0.0818s
 [Normal step time] batch 1400: 0.0705s
 [Normal step time] batch 1500: 0.0830s
 [Normal step time] batch 1600: 0.0707s
 [Normal step time] batch 1700: 0.0825s
 [Normal step time] batch 1800: 0.0701s
 [Normal step time] batch 1900: 0.0847s
 [Normal step time] batch 2000: 0.0708s
Epoch 158/200 | Loss: 1.8530 | Val Acc: 50.06% | Peak VRAM: 4680.76 MB
 [Normal step time] batch 0: 0.0970s
 [Normal step time] batch 100: 0.0852s
 [Normal step time] batch 200: 0.0700s
 [Normal step time] batch 300: 0.0832s
 [Normal step time] batch 400: 0.0704s
 [Normal step time] batch 500: 0.0826s
 [Normal step time] batch 600: 0.0817s
 [Normal step time] batch 700: 0.0829s
 [Normal step time] batch 800: 0.0762s
 [Normal step time] batch 900: 0.0705s
 [Normal step time] batch 1000: 0.0845s
 [Normal step time] batch 1100: 0.0704s
 [Normal step time] batch 1200: 0.0805s
 [Normal step time] batch 1300: 0.0845s
 [Normal step time] batch 1400: 0.0754s
 [Normal step time] batch 1500: 0.0821s
 [Normal step time] batch 1600: 0.0783s
 [Normal step time] batch 1700: 0.0708s
 [Normal step time] batch 1800: 0.0827s
 [Normal step time] batch 1900: 0.0696s
 [Normal step time] batch 2000: 0.0770s
Epoch 159/200 | Loss: 1.8139 | Val Acc: 51.10% | Peak VRAM: 4680.76 MB
 [Normal step time] batch 0: 0.1047s
 [Normal step time] batch 100: 0.0699s
 [Normal step time] batch 200: 0.0700s
 [Normal step time] batch 300: 0.0705s
 [Normal step time] batch 400: 0.0801s
 [Normal step time] batch 500: 0.0823s
 [Normal step time] batch 600: 0.0702s
 [Normal step time] batch 700: 0.0702s
 [Normal step time] batch 800: 0.0842s
 [Normal step time] batch 900: 0.0834s
 [Normal step time] batch 1000: 0.0706s
 [Normal step time] batch 1100: 0.0705s
 [Normal step time] batch 1200: 0.0803s
 [Normal step time] batch 1300: 0.0828s
 [Normal step time] batch 1400: 0.0832s
 [Normal step time] batch 1500: 0.0701s
 [Normal step time] batch 1600: 0.0634s
 [Normal step time] batch 1700: 0.0831s
 [Normal step time] batch 1800: 0.0834s
 [Normal step time] batch 1900: 0.0699s
 [Normal step time] batch 2000: 0.0808s
Epoch 160/200 | Loss: 1.7866 | Val Acc: 51.60% | Peak VRAM: 4680.76 MB
 [Normal step time] batch 0: 0.1283s
 [Normal step time] batch 100: 0.0700s
 [Normal step time] batch 200: 0.0818s
 [Normal step time] batch 300: 0.0824s
 [Normal step time] batch 400: 0.0707s
 [Normal step time] batch 500: 0.0802s
 [Normal step time] batch 600: 0.0834s
 [Normal step time] batch 700: 0.0701s
 [Normal step time] batch 800: 0.0794s
 [Normal step time] batch 900: 0.0832s
 [Normal step time] batch 1000: 0.0766s
 [Normal step time] batch 1100: 0.0768s
 [Normal step time] batch 1200: 0.0761s
 [Normal step time] batch 1300: 0.0761s
 [Normal step time] batch 1400: 0.0773s
 [Normal step time] batch 1500: 0.0755s
 [Normal step time] batch 1600: 0.0774s
 [Normal step time] batch 1700: 0.0763s
 [Normal step time] batch 1800: 0.0777s
 [Normal step time] batch 1900: 0.0728s
 [Normal step time] batch 2000: 0.0770s
Epoch 161/200 | Loss: 1.7473 | Val Acc: 53.66% | Peak VRAM: 4680.76 MB
 [Normal step time] batch 0: 0.0950s
 [Normal step time] batch 100: 0.0763s
 [Normal step time] batch 200: 0.0765s
 [Normal step time] batch 300: 0.0538s
 [Normal step time] batch 400: 0.0526s
 [Normal step time] batch 500: 0.0851s
 [Normal step time] batch 600: 0.0710s
 [Normal step time] batch 700: 0.0839s
 [Normal step time] batch 800: 0.0704s
 [Normal step time] batch 900: 0.0822s
 [Normal step time] batch 1000: 0.0954s
 [Normal step time] batch 1100: 0.0704s
 [Normal step time] batch 1200: 0.0852s
 [Normal step time] batch 1300: 0.0818s
 [Normal step time] batch 1400: 0.0704s
 [Normal step time] batch 1500: 0.0618s
 [Normal step time] batch 1600: 0.0818s
 [Normal step time] batch 1700: 0.0850s
 [Normal step time] batch 1800: 0.0846s
 [Normal step time] batch 1900: 0.0702s
 [Normal step time] batch 2000: 0.0719s
Epoch 162/200 | Loss: 1.7265 | Val Acc: 52.86% | Peak VRAM: 4680.76 MB
 [Normal step time] batch 0: 0.1011s
 [Normal step time] batch 100: 0.0702s
 [Normal step time] batch 200: 0.0815s
 [Normal step time] batch 300: 0.0812s
 [Normal step time] batch 400: 0.0707s
 [Normal step time] batch 500: 0.0815s
 [Normal step time] batch 600: 0.0708s
 [Normal step time] batch 700: 0.0814s
 [Normal step time] batch 800: 0.1034s
 [Normal step time] batch 900: 0.0704s
 [Normal step time] batch 1000: 0.0809s
 [Normal step time] batch 1100: 0.0924s
 [Normal step time] batch 1200: 0.0714s
 [Normal step time] batch 1300: 0.0842s
 [Normal step time] batch 1400: 0.0702s
 [Normal step time] batch 1500: 0.0884s
 [Normal step time] batch 1600: 0.0893s
 [Normal step time] batch 1700: 0.0706s
 [Normal step time] batch 1800: 0.0704s
 [Normal step time] batch 1900: 0.0659s
 [Normal step time] batch 2000: 0.1040s
Epoch 163/200 | Loss: 1.6966 | Val Acc: 53.74% | Peak VRAM: 4680.76 MB
 [Normal step time] batch 0: 0.0790s
 [Normal step time] batch 100: 0.0833s
 [Normal step time] batch 200: 0.0818s
 [Normal step time] batch 300: 0.0701s
 [Normal step time] batch 400: 0.0703s
 [Normal step time] batch 500: 0.0824s
 [Normal step time] batch 600: 0.0698s
 [Normal step time] batch 700: 0.0701s
 [Normal step time] batch 800: 0.0712s
 [Normal step time] batch 900: 0.0843s
 [Normal step time] batch 1000: 0.0921s
 [Normal step time] batch 1100: 0.0704s
 [Normal step time] batch 1200: 0.0701s
 [Normal step time] batch 1300: 0.0813s
 [Normal step time] batch 1400: 0.0813s
 [Normal step time] batch 1500: 0.0835s
 [Normal step time] batch 1600: 0.0702s
 [Normal step time] batch 1700: 0.0701s
 [Normal step time] batch 1800: 0.0704s
 [Normal step time] batch 1900: 0.0844s
 [Normal step time] batch 2000: 0.0703s
Epoch 164/200 | Loss: 1.6730 | Val Acc: 53.26% | Peak VRAM: 4680.76 MB
 [Normal step time] batch 0: 0.1024s
 [Normal step time] batch 100: 0.0839s
 [Normal step time] batch 200: 0.0702s
 [Normal step time] batch 300: 0.0825s
 [Normal step time] batch 400: 0.0703s
 [Normal step time] batch 500: 0.0700s
 [Normal step time] batch 600: 0.0820s
 [Normal step time] batch 700: 0.0705s
 [Normal step time] batch 800: 0.0699s
 [Normal step time] batch 900: 0.0663s
 [Normal step time] batch 1000: 0.0700s
 [Normal step time] batch 1100: 0.0839s
 [Normal step time] batch 1200: 0.0702s
 [Normal step time] batch 1300: 0.0702s
 [Normal step time] batch 1400: 0.0847s
 [Normal step time] batch 1500: 0.0833s
 [Normal step time] batch 1600: 0.0654s
 [Normal step time] batch 1700: 0.0702s
 [Normal step time] batch 1800: 0.0711s
 [Normal step time] batch 1900: 0.0828s
 [Normal step time] batch 2000: 0.0845s
Epoch 165/200 | Loss: 1.6542 | Val Acc: 54.66% | Peak VRAM: 4680.76 MB
 [Normal step time] batch 0: 0.1151s
 [Normal step time] batch 100: 0.0811s
 [Normal step time] batch 200: 0.0831s
 [Normal step time] batch 300: 0.0702s
 [Normal step time] batch 400: 0.0845s
 [Normal step time] batch 500: 0.0820s
 [Normal step time] batch 600: 0.0703s
 [Normal step time] batch 700: 0.0704s
 [Normal step time] batch 800: 0.0704s
 [Normal step time] batch 900: 0.0703s
 [Normal step time] batch 1000: 0.0812s
 [Normal step time] batch 1100: 0.0829s
 [Normal step time] batch 1200: 0.0735s
 [Normal step time] batch 1300: 0.0700s
 [Normal step time] batch 1400: 0.0700s
 [Normal step time] batch 1500: 0.0819s
 [Normal step time] batch 1600: 0.0704s
 [Normal step time] batch 1700: 0.0633s
 [Normal step time] batch 1800: 0.0811s
 [Normal step time] batch 1900: 0.0817s
 [Normal step time] batch 2000: 0.0701s
Epoch 166/200 | Loss: 1.6319 | Val Acc: 55.06% | Peak VRAM: 4680.76 MB
 [Normal step time] batch 0: 0.1047s
 [Normal step time] batch 100: 0.0708s
 [Normal step time] batch 200: 0.0833s
 [Normal step time] batch 300: 0.0604s
 [Normal step time] batch 400: 0.0659s
 [Normal step time] batch 500: 0.0834s
 [Normal step time] batch 600: 0.0706s
 [Normal step time] batch 700: 0.0843s
 [Normal step time] batch 800: 0.0702s
 [Normal step time] batch 900: 0.0705s
 [Normal step time] batch 1000: 0.0828s
 [Normal step time] batch 1100: 0.0709s
 [Normal step time] batch 1200: 0.0846s
 [Normal step time] batch 1300: 0.0714s
 [Normal step time] batch 1400: 0.0702s
 [Normal step time] batch 1500: 0.0805s
 [Normal step time] batch 1600: 0.0805s
 [Normal step time] batch 1700: 0.0642s
 [Normal step time] batch 1800: 0.0691s
 [Normal step time] batch 1900: 0.0817s
 [Normal step time] batch 2000: 0.1049s
Epoch 167/200 | Loss: 1.6183 | Val Acc: 55.10% | Peak VRAM: 4680.76 MB
 [Normal step time] batch 0: 0.1009s
 [Normal step time] batch 100: 0.0706s
 [Normal step time] batch 200: 0.0810s
 [Normal step time] batch 300: 0.0745s
 [Normal step time] batch 400: 0.0782s
 [Normal step time] batch 500: 0.0769s
 [Normal step time] batch 600: 0.0759s
 [Normal step time] batch 700: 0.0766s
 [Normal step time] batch 800: 0.0790s
 [Normal step time] batch 900: 0.0759s
 [Normal step time] batch 1000: 0.0789s
 [Normal step time] batch 1100: 0.0762s
 [Normal step time] batch 1200: 0.0789s
 [Normal step time] batch 1300: 0.0759s
 [Normal step time] batch 1400: 0.0762s
 [Normal step time] batch 1500: 0.0717s
 [Normal step time] batch 1600: 0.0684s
 [Normal step time] batch 1700: 0.0525s
 [Normal step time] batch 1800: 0.0526s
 [Normal step time] batch 1900: 0.0847s
 [Normal step time] batch 2000: 0.0704s
Epoch 168/200 | Loss: 1.6012 | Val Acc: 55.16% | Peak VRAM: 4680.76 MB
 [Normal step time] batch 0: 0.0951s
 [Normal step time] batch 100: 0.0871s
 [Normal step time] batch 200: 0.0817s
 [Normal step time] batch 300: 0.0704s
 [Normal step time] batch 400: 0.0826s
 [Normal step time] batch 500: 0.0706s
 [Normal step time] batch 600: 0.0814s
 [Normal step time] batch 700: 0.0707s
 [Normal step time] batch 800: 0.1058s
 [Normal step time] batch 900: 0.0706s
 [Normal step time] batch 1000: 0.0711s
 [Normal step time] batch 1100: 0.0805s
 [Normal step time] batch 1200: 0.0707s
 [Normal step time] batch 1300: 0.0697s
 [Normal step time] batch 1400: 0.0840s
 [Normal step time] batch 1500: 0.0700s
 [Normal step time] batch 1600: 0.0803s
 [Normal step time] batch 1700: 0.0828s
 [Normal step time] batch 1800: 0.0704s
 [Normal step time] batch 1900: 0.0667s
 [Normal step time] batch 2000: 0.0877s
Epoch 169/200 | Loss: 1.5870 | Val Acc: 55.10% | Peak VRAM: 4680.76 MB

[DEBUG] >>> PRUNING @ Epoch 170

[DEBUG] === ViT PDT Pruning (k-horizon=5): Epoch 170 ===
 [k-horizon time]: 14.79s

============================== ViT PDT k-horizon Pruning Report ==============================
 k_horizon=5 | Pruned: 0 units | Overhead: 14.87s
 [ATTN] blocks.0.attn.qkv                        |    2/   6 |  66.7% pruned
 [FFN] blocks.0.mlp.fc1                         |    0/1536 | 100.0% pruned
 [ATTN] blocks.1.attn.qkv                        |    0/   6 | 100.0% pruned
 [FFN] blocks.1.mlp.fc1                         |    0/1536 | 100.0% pruned
 [ATTN] blocks.2.attn.qkv                        |    0/   6 | 100.0% pruned
 [FFN] blocks.2.mlp.fc1                         |  230/1536 |  85.0% pruned
 [ATTN] blocks.3.attn.qkv                        |    2/   6 |  66.7% pruned
 [FFN] blocks.3.mlp.fc1                         |  161/1536 |  89.5% pruned
 [ATTN] blocks.4.attn.qkv                        |    0/   6 | 100.0% pruned
 [FFN] blocks.4.mlp.fc1                         |    0/1536 | 100.0% pruned
 [ATTN] blocks.5.attn.qkv                        |    0/   6 | 100.0% pruned
 [FFN] blocks.5.mlp.fc1                         |    0/1536 | 100.0% pruned
 [ATTN] blocks.6.attn.qkv                        |    0/   6 | 100.0% pruned
 [FFN] blocks.6.mlp.fc1                         |    0/1536 | 100.0% pruned
 [ATTN] blocks.7.attn.qkv                        |    0/   6 | 100.0% pruned
 [FFN] blocks.7.mlp.fc1                         |    0/1536 | 100.0% pruned
 [ATTN] blocks.8.attn.qkv                        |    0/   6 | 100.0% pruned
 [FFN] blocks.8.mlp.fc1                         |    0/1536 | 100.0% pruned
 [ATTN] blocks.9.attn.qkv                        |    0/   6 | 100.0% pruned
 [FFN] blocks.9.mlp.fc1                         |    0/1536 | 100.0% pruned
 [ATTN] blocks.10.attn.qkv                       |    1/   6 |  83.3% pruned
 [FFN] blocks.10.mlp.fc1                        |  511/1536 |  66.7% pruned
 [ATTN] blocks.11.attn.qkv                       |    1/   6 |  83.3% pruned
 [FFN] blocks.11.mlp.fc1                        |  236/1536 |  84.6% pruned

 Size: 5.58MB | Sparsity(weight): 93.11% | Speedup: 14.51x
===================================================================
🧹 Post-Pruning Memory Cleared & Graph Destroyed.

[Scientific Metrics - Epoch 170]
 🟢 Model Size: 81.00 MB -> 5.58 MB
 🔵 Sparsity: 93.82 %
 🟡 Speedup: 14.51x
💾 Checkpoint saved: deit_small_patch16_224_vit_pdt_ep170_sp93.82.pth
 [Normal step time] batch 100: 0.0832s
 [Normal step time] batch 200: 0.0702s
 [Normal step time] batch 300: 0.0821s
 [Normal step time] batch 400: 0.0708s
 [Normal step time] batch 500: 0.0809s
 [Normal step time] batch 600: 0.0709s
 [Normal step time] batch 700: 0.0851s
 [Normal step time] batch 800: 0.0720s
 [Normal step time] batch 900: 0.0828s
 [Normal step time] batch 1000: 0.0704s
 [Normal step time] batch 1100: 0.0831s
 [Normal step time] batch 1200: 0.0702s
 [Normal step time] batch 1300: 0.0814s
 [Normal step time] batch 1400: 0.0701s
 [Normal step time] batch 1500: 0.0706s
 [Normal step time] batch 1600: 0.0842s
 [Normal step time] batch 1700: 0.0712s
 [Normal step time] batch 1800: 0.0837s
 [Normal step time] batch 1900: 0.0830s
 [Normal step time] batch 2000: 0.0707s
Epoch 170/200 | Loss: 1.5629 | Val Acc: 54.96% | Peak VRAM: 21695.16 MB
 [Normal step time] batch 0: 0.0970s
 [Normal step time] batch 100: 0.0709s
 [Normal step time] batch 200: 0.0712s
 [Normal step time] batch 300: 0.0836s
 [Normal step time] batch 400: 0.0821s
 [Normal step time] batch 500: 0.0703s
 [Normal step time] batch 600: 0.0805s
 [Normal step time] batch 700: 0.0705s
 [Normal step time] batch 800: 0.0701s
 [Normal step time] batch 900: 0.0859s
 [Normal step time] batch 1000: 0.0704s
 [Normal step time] batch 1100: 0.1172s
 [Normal step time] batch 1200: 0.0700s
 [Normal step time] batch 1300: 0.0857s
 [Normal step time] batch 1400: 0.0776s
 [Normal step time] batch 1500: 0.0834s
 [Normal step time] batch 1600: 0.0830s
 [Normal step time] batch 1700: 0.0707s
 [Normal step time] batch 1800: 0.0798s
 [Normal step time] batch 1900: 0.0820s
 [Normal step time] batch 2000: 0.0712s
Epoch 171/200 | Loss: 1.5554 | Val Acc: 55.12% | Peak VRAM: 4680.76 MB
 [Normal step time] batch 0: 0.0908s
 [Normal step time] batch 100: 0.0705s
 [Normal step time] batch 200: 0.0664s
 [Normal step time] batch 300: 0.0846s
 [Normal step time] batch 400: 0.0729s
 [Normal step time] batch 500: 0.0833s
 [Normal step time] batch 600: 0.0726s
 [Normal step time] batch 700: 0.0662s
 [Normal step time] batch 800: 0.0846s
 [Normal step time] batch 900: 0.0715s
 [Normal step time] batch 1000: 0.0702s
 [Normal step time] batch 1100: 0.0703s
 [Normal step time] batch 1200: 0.0703s
 [Normal step time] batch 1300: 0.0640s
 [Normal step time] batch 1400: 0.0806s
 [Normal step time] batch 1500: 0.0821s
 [Normal step time] batch 1600: 0.0701s
 [Normal step time] batch 1700: 0.0702s
 [Normal step time] batch 1800: 0.0845s
 [Normal step time] batch 1900: 0.0836s
 [Normal step time] batch 2000: 0.0704s
Epoch 172/200 | Loss: 1.5417 | Val Acc: 54.58% | Peak VRAM: 4680.76 MB
 [Normal step time] batch 0: 0.0770s
 [Normal step time] batch 100: 0.0833s
 [Normal step time] batch 200: 0.0711s
 [Normal step time] batch 300: 0.0826s
 [Normal step time] batch 400: 0.0706s
 [Normal step time] batch 500: 0.0851s
 [Normal step time] batch 600: 0.0708s
 [Normal step time] batch 700: 0.0698s
 [Normal step time] batch 800: 0.0815s
 [Normal step time] batch 900: 0.0704s
 [Normal step time] batch 1000: 0.0821s
 [Normal step time] batch 1100: 0.0710s
 [Normal step time] batch 1200: 0.0709s
 [Normal step time] batch 1300: 0.0826s
 [Normal step time] batch 1400: 0.0707s
 [Normal step time] batch 1500: 0.0697s
 [Normal step time] batch 1600: 0.1032s
 [Normal step time] batch 1700: 0.0705s
 [Normal step time] batch 1800: 0.0828s
 [Normal step time] batch 1900: 0.0706s
 [Normal step time] batch 2000: 0.0846s
Epoch 173/200 | Loss: 1.5369 | Val Acc: 55.86% | Peak VRAM: 4680.76 MB
 [Normal step time] batch 0: 0.1232s
 [Normal step time] batch 100: 0.0704s
 [Normal step time] batch 200: 0.0744s
 [Normal step time] batch 300: 0.0833s
 [Normal step time] batch 400: 0.0700s
 [Normal step time] batch 500: 0.0704s
 [Normal step time] batch 600: 0.0828s
 [Normal step time] batch 700: 0.0703s
 [Normal step time] batch 800: 0.0840s
 [Normal step time] batch 900: 0.0733s
 [Normal step time] batch 1000: 0.0701s
 [Normal step time] batch 1100: 0.0818s
 [Normal step time] batch 1200: 0.0778s
 [Normal step time] batch 1300: 0.0758s
 [Normal step time] batch 1400: 0.0766s
 [Normal step time] batch 1500: 0.0754s
 [Normal step time] batch 1600: 0.0805s
 [Normal step time] batch 1700: 0.0816s
 [Normal step time] batch 1800: 0.0795s
 [Normal step time] batch 1900: 0.0756s
 [Normal step time] batch 2000: 0.0782s
Epoch 174/200 | Loss: 1.5223 | Val Acc: 57.24% | Peak VRAM: 4680.76 MB
 [Normal step time] batch 0: 0.0994s
 [Normal step time] batch 100: 0.0787s
 [Normal step time] batch 200: 0.0797s
 [Normal step time] batch 300: 0.0767s
 [Normal step time] batch 400: 0.0525s
 [Normal step time] batch 500: 0.0527s
 [Normal step time] batch 600: 0.0532s
 [Normal step time] batch 700: 0.0840s
 [Normal step time] batch 800: 0.0707s
 [Normal step time] batch 900: 0.0811s
 [Normal step time] batch 1000: 0.0705s
 [Normal step time] batch 1100: 0.0770s
 [Normal step time] batch 1200: 0.0712s
 [Normal step time] batch 1300: 0.0823s
 [Normal step time] batch 1400: 0.0801s
 [Normal step time] batch 1500: 0.0708s
 [Normal step time] batch 1600: 0.0849s
 [Normal step time] batch 1700: 0.0783s
 [Normal step time] batch 1800: 0.0823s
 [Normal step time] batch 1900: 0.0853s
 [Normal step time] batch 2000: 0.0704s
Epoch 175/200 | Loss: 1.5088 | Val Acc: 56.06% | Peak VRAM: 4680.76 MB
 [Normal step time] batch 0: 0.0873s
 [Normal step time] batch 100: 0.0702s
 [Normal step time] batch 200: 0.0707s
 [Normal step time] batch 300: 0.0744s
 [Normal step time] batch 400: 0.0816s
 [Normal step time] batch 500: 0.0821s
 [Normal step time] batch 600: 0.0708s
 [Normal step time] batch 700: 0.0820s
 [Normal step time] batch 800: 0.0840s
 [Normal step time] batch 900: 0.0715s
 [Normal step time] batch 1000: 0.0782s
 [Normal step time] batch 1100: 0.0703s
 [Normal step time] batch 1200: 0.0825s
 [Normal step time] batch 1300: 0.0822s
 [Normal step time] batch 1400: 0.0702s
 [Normal step time] batch 1500: 0.0702s
 [Normal step time] batch 1600: 0.0705s
 [Normal step time] batch 1700: 0.0663s
 [Normal step time] batch 1800: 0.0845s
 [Normal step time] batch 1900: 0.0825s
 [Normal step time] batch 2000: 0.0849s
Epoch 176/200 | Loss: 1.5010 | Val Acc: 56.56% | Peak VRAM: 4680.76 MB
 [Normal step time] batch 0: 0.1209s
 [Normal step time] batch 100: 0.0704s
 [Normal step time] batch 200: 0.0909s
 [Normal step time] batch 300: 0.0815s
 [Normal step time] batch 400: 0.0828s
 [Normal step time] batch 500: 0.0691s
 [Normal step time] batch 600: 0.0702s
 [Normal step time] batch 700: 0.0813s
 [Normal step time] batch 800: 0.0850s
 [Normal step time] batch 900: 0.0705s
 [Normal step time] batch 1000: 0.0810s
 [Normal step time] batch 1100: 0.0836s
 [Normal step time] batch 1200: 0.0703s
 [Normal step time] batch 1300: 0.0812s
 [Normal step time] batch 1400: 0.0704s
 [Normal step time] batch 1500: 0.0809s
 [Normal step time] batch 1600: 0.0837s
 [Normal step time] batch 1700: 0.0709s
 [Normal step time] batch 1800: 0.0703s
 [Normal step time] batch 1900: 0.0837s
 [Normal step time] batch 2000: 0.0705s
Epoch 177/200 | Loss: 1.4946 | Val Acc: 56.40% | Peak VRAM: 4680.76 MB
 [Normal step time] batch 0: 0.0874s
 [Normal step time] batch 100: 0.0706s
 [Normal step time] batch 200: 0.0685s
 [Normal step time] batch 300: 0.1016s
 [Normal step time] batch 400: 0.0707s
 [Normal step time] batch 500: 0.0702s
 [Normal step time] batch 600: 0.0828s
 [Normal step time] batch 700: 0.1017s
 [Normal step time] batch 800: 0.0705s
 [Normal step time] batch 900: 0.0808s
 [Normal step time] batch 1000: 0.0839s
 [Normal step time] batch 1100: 0.0702s
 [Normal step time] batch 1200: 0.0835s
 [Normal step time] batch 1300: 0.0827s
 [Normal step time] batch 1400: 0.0704s
 [Normal step time] batch 1500: 0.0762s
 [Normal step time] batch 1600: 0.0827s
 [Normal step time] batch 1700: 0.0699s
 [Normal step time] batch 1800: 0.0847s
 [Normal step time] batch 1900: 0.0705s
 [Normal step time] batch 2000: 0.0703s
Epoch 178/200 | Loss: 1.4825 | Val Acc: 56.46% | Peak VRAM: 4680.76 MB
 [Normal step time] batch 0: 0.0786s
 [Normal step time] batch 100: 0.0914s
 [Normal step time] batch 200: 0.0723s
 [Normal step time] batch 300: 0.0704s
 [Normal step time] batch 400: 0.0844s
 [Normal step time] batch 500: 0.0703s
 [Normal step time] batch 600: 0.0703s
 [Normal step time] batch 700: 0.0844s
 [Normal step time] batch 800: 0.1075s
 [Normal step time] batch 900: 0.0704s
 [Normal step time] batch 1000: 0.0795s
 [Normal step time] batch 1100: 0.0709s
 [Normal step time] batch 1200: 0.0701s
 [Normal step time] batch 1300: 0.0701s
 [Normal step time] batch 1400: 0.0831s
 [Normal step time] batch 1500: 0.0705s
 [Normal step time] batch 1600: 0.0702s
 [Normal step time] batch 1700: 0.0901s
 [Normal step time] batch 1800: 0.0841s
 [Normal step time] batch 1900: 0.0702s
 [Normal step time] batch 2000: 0.0822s
Epoch 179/200 | Loss: 1.4794 | Val Acc: 57.02% | Peak VRAM: 4680.76 MB
 [Normal step time] batch 0: 0.1042s
 [Normal step time] batch 100: 0.0703s
 [Normal step time] batch 200: 0.0871s
 [Normal step time] batch 300: 0.1112s
 [Normal step time] batch 400: 0.0705s
 [Normal step time] batch 500: 0.0820s
 [Normal step time] batch 600: 0.1033s
 [Normal step time] batch 700: 0.0629s
 [Normal step time] batch 800: 0.0820s
 [Normal step time] batch 900: 0.0784s
 [Normal step time] batch 1000: 0.0797s
 [Normal step time] batch 1100: 0.0826s
 [Normal step time] batch 1200: 0.0702s
 [Normal step time] batch 1300: 0.0816s
 [Normal step time] batch 1400: 0.0713s
 [Normal step time] batch 1500: 0.0776s
 [Normal step time] batch 1600: 0.0836s
 [Normal step time] batch 1700: 0.0704s
 [Normal step time] batch 1800: 0.0624s
 [Normal step time] batch 1900: 0.0773s
 [Normal step time] batch 2000: 0.0702s
Epoch 180/200 | Loss: 1.4636 | Val Acc: 56.58% | Peak VRAM: 4680.76 MB
 [Normal step time] batch 0: 0.0970s
 [Normal step time] batch 100: 0.0706s
 [Normal step time] batch 200: 0.0707s
 [Normal step time] batch 300: 0.0703s
 [Normal step time] batch 400: 0.0761s
 [Normal step time] batch 500: 0.0762s
 [Normal step time] batch 600: 0.0774s
 [Normal step time] batch 700: 0.0770s
 [Normal step time] batch 800: 0.0785s
 [Normal step time] batch 900: 0.0779s
 [Normal step time] batch 1000: 0.0842s
 [Normal step time] batch 1100: 0.0777s
 [Normal step time] batch 1200: 0.0851s
 [Normal step time] batch 1300: 0.0751s
 [Normal step time] batch 1400: 0.0763s
 [Normal step time] batch 1500: 0.0773s
 [Normal step time] batch 1600: 0.0761s
 [Normal step time] batch 1700: 0.0682s
 [Normal step time] batch 1800: 0.0523s
 [Normal step time] batch 1900: 0.0838s
 [Normal step time] batch 2000: 0.0819s
Epoch 181/200 | Loss: 1.4622 | Val Acc: 57.86% | Peak VRAM: 4680.76 MB
 [Normal step time] batch 0: 0.1041s
 [Normal step time] batch 100: 0.0829s
 [Normal step time] batch 200: 0.0704s
 [Normal step time] batch 300: 0.0832s
 [Normal step time] batch 400: 0.0702s
 [Normal step time] batch 500: 0.0848s
 [Normal step time] batch 600: 0.0702s
 [Normal step time] batch 700: 0.0765s
 [Normal step time] batch 800: 0.0821s
 [Normal step time] batch 900: 0.0701s
 [Normal step time] batch 1000: 0.0834s
 [Normal step time] batch 1100: 0.0928s
 [Normal step time] batch 1200: 0.0699s
 [Normal step time] batch 1300: 0.0829s
 [Normal step time] batch 1400: 0.0734s
 [Normal step time] batch 1500: 0.0819s
 [Normal step time] batch 1600: 0.0706s
 [Normal step time] batch 1700: 0.0710s
 [Normal step time] batch 1800: 0.0816s
 [Normal step time] batch 1900: 0.0705s
 [Normal step time] batch 2000: 0.0819s
Epoch 182/200 | Loss: 1.4560 | Val Acc: 57.40% | Peak VRAM: 4680.76 MB
 [Normal step time] batch 0: 0.1095s
 [Normal step time] batch 100: 0.0756s
 [Normal step time] batch 200: 0.0835s
 [Normal step time] batch 300: 0.0966s
 [Normal step time] batch 400: 0.0702s
 [Normal step time] batch 500: 0.0829s
 [Normal step time] batch 600: 0.0705s
 [Normal step time] batch 700: 0.0808s
 [Normal step time] batch 800: 0.0767s
 [Normal step time] batch 900: 0.0764s
 [Normal step time] batch 1000: 0.0831s
 [Normal step time] batch 1100: 0.0707s
 [Normal step time] batch 1200: 0.0614s
 [Normal step time] batch 1300: 0.0840s
 [Normal step time] batch 1400: 0.0769s
 [Normal step time] batch 1500: 0.0831s
 [Normal step time] batch 1600: 0.0828s
 [Normal step time] batch 1700: 0.0703s
 [Normal step time] batch 1800: 0.0716s
 [Normal step time] batch 1900: 0.0823s
 [Normal step time] batch 2000: 0.0704s
Epoch 183/200 | Loss: 1.4435 | Val Acc: 57.18% | Peak VRAM: 4680.76 MB
 [Normal step time] batch 0: 0.0787s
 [Normal step time] batch 100: 0.0915s
 [Normal step time] batch 200: 0.0700s
 [Normal step time] batch 300: 0.0845s
 [Normal step time] batch 400: 0.0844s
 [Normal step time] batch 500: 0.0701s
 [Normal step time] batch 600: 0.0818s
 [Normal step time] batch 700: 0.0716s
 [Normal step time] batch 800: 0.0767s
 [Normal step time] batch 900: 0.0807s
 [Normal step time] batch 1000: 0.0851s
 [Normal step time] batch 1100: 0.0705s
 [Normal step time] batch 1200: 0.0699s
 [Normal step time] batch 1300: 0.0823s
 [Normal step time] batch 1400: 0.0823s
 [Normal step time] batch 1500: 0.0697s
 [Normal step time] batch 1600: 0.0701s
 [Normal step time] batch 1700: 0.0843s
 [Normal step time] batch 1800: 0.0833s
 [Normal step time] batch 1900: 0.0698s
 [Normal step time] batch 2000: 0.0700s
Epoch 184/200 | Loss: 1.4339 | Val Acc: 58.10% | Peak VRAM: 4680.76 MB
 [Normal step time] batch 0: 0.1245s
 [Normal step time] batch 100: 0.0708s
 [Normal step time] batch 200: 0.0894s
 [Normal step time] batch 300: 0.0706s
 [Normal step time] batch 400: 0.0802s
 [Normal step time] batch 500: 0.0835s
 [Normal step time] batch 600: 0.0821s
 [Normal step time] batch 700: 0.0705s
 [Normal step time] batch 800: 0.0815s
 [Normal step time] batch 900: 0.0707s
 [Normal step time] batch 1000: 0.0634s
 [Normal step time] batch 1100: 0.0823s
 [Normal step time] batch 1200: 0.0702s
 [Normal step time] batch 1300: 0.0810s
 [Normal step time] batch 1400: 0.0818s
 [Normal step time] batch 1500: 0.1032s
 [Normal step time] batch 1600: 0.0702s
 [Normal step time] batch 1700: 0.0850s
 [Normal step time] batch 1800: 0.1039s
 [Normal step time] batch 1900: 0.0704s
 [Normal step time] batch 2000: 0.0661s
Epoch 185/200 | Loss: 1.4368 | Val Acc: 57.30% | Peak VRAM: 4680.76 MB
 [Normal step time] batch 0: 0.0879s
 [Normal step time] batch 100: 0.0750s
 [Normal step time] batch 200: 0.0822s
 [Normal step time] batch 300: 0.0789s
 [Normal step time] batch 400: 0.0700s
 [Normal step time] batch 500: 0.0830s
 [Normal step time] batch 600: 0.0708s
 [Normal step time] batch 700: 0.0642s
 [Normal step time] batch 800: 0.0831s
 [Normal step time] batch 900: 0.0704s
 [Normal step time] batch 1000: 0.0884s
 [Normal step time] batch 1100: 0.0701s
 [Normal step time] batch 1200: 0.0819s
 [Normal step time] batch 1300: 0.0822s
 [Normal step time] batch 1400: 0.0810s
 [Normal step time] batch 1500: 0.0701s
 [Normal step time] batch 1600: 0.0844s
 [Normal step time] batch 1700: 0.0705s
 [Normal step time] batch 1800: 0.0704s
 [Normal step time] batch 1900: 0.0817s
 [Normal step time] batch 2000: 0.0776s
Epoch 186/200 | Loss: 1.4305 | Val Acc: 58.72% | Peak VRAM: 4680.76 MB
 [Normal step time] batch 0: 0.0824s
 [Normal step time] batch 100: 0.0706s
 [Normal step time] batch 200: 0.0701s
 [Normal step time] batch 300: 0.0824s
 [Normal step time] batch 400: 0.0698s
 [Normal step time] batch 500: 0.0704s
 [Normal step time] batch 600: 0.0828s
 [Normal step time] batch 700: 0.0783s
 [Normal step time] batch 800: 0.0822s
 [Normal step time] batch 900: 0.0850s
 [Normal step time] batch 1000: 0.0705s
 [Normal step time] batch 1100: 0.0829s
 [Normal step time] batch 1200: 0.0715s
 [Normal step time] batch 1300: 0.0675s
 [Normal step time] batch 1400: 0.0802s
 [Normal step time] batch 1500: 0.0704s
 [Normal step time] batch 1600: 0.0777s
 [Normal step time] batch 1700: 0.0763s
 [Normal step time] batch 1800: 0.0735s
 [Normal step time] batch 1900: 0.0731s
 [Normal step time] batch 2000: 0.0764s
Epoch 187/200 | Loss: 1.4198 | Val Acc: 57.68% | Peak VRAM: 4680.76 MB
 [Normal step time] batch 0: 0.0969s
 [Normal step time] batch 100: 0.0759s
 [Normal step time] batch 200: 0.0761s
 [Normal step time] batch 300: 0.0766s
 [Normal step time] batch 400: 0.0763s
 [Normal step time] batch 500: 0.0769s
 [Normal step time] batch 600: 0.0771s
 [Normal step time] batch 700: 0.0779s
 [Normal step time] batch 800: 0.0525s
 [Normal step time] batch 900: 0.0579s
 [Normal step time] batch 1000: 0.0822s
 [Normal step time] batch 1100: 0.0814s
 [Normal step time] batch 1200: 0.0825s
 [Normal step time] batch 1300: 0.0702s
 [Normal step time] batch 1400: 0.0702s
 [Normal step time] batch 1500: 0.0820s
 [Normal step time] batch 1600: 0.0702s
 [Normal step time] batch 1700: 0.0698s
 [Normal step time] batch 1800: 0.0805s
 [Normal step time] batch 1900: 0.0828s
 [Normal step time] batch 2000: 0.0703s
Epoch 188/200 | Loss: 1.4154 | Val Acc: 59.12% | Peak VRAM: 4680.76 MB
 [Normal step time] batch 0: 0.0960s
 [Normal step time] batch 100: 0.0833s
 [Normal step time] batch 200: 0.0700s
 [Normal step time] batch 300: 0.0837s
 [Normal step time] batch 400: 0.0804s
 [Normal step time] batch 500: 0.0712s
 [Normal step time] batch 600: 0.0701s
 [Normal step time] batch 700: 0.0814s
 [Normal step time] batch 800: 0.0702s
 [Normal step time] batch 900: 0.0701s
 [Normal step time] batch 1000: 0.1167s
 [Normal step time] batch 1100: 0.0702s
 [Normal step time] batch 1200: 0.0820s
 [Normal step time] batch 1300: 0.0847s
 [Normal step time] batch 1400: 0.0704s
 [Normal step time] batch 1500: 0.0793s
 [Normal step time] batch 1600: 0.0837s
 [Normal step time] batch 1700: 0.0824s
 [Normal step time] batch 1800: 0.0700s
 [Normal step time] batch 1900: 0.0810s
 [Normal step time] batch 2000: 0.0842s
Epoch 189/200 | Loss: 1.4145 | Val Acc: 56.90% | Peak VRAM: 4680.76 MB

[DEBUG] >>> PRUNING @ Epoch 190

[DEBUG] === ViT PDT Pruning (k-horizon=5): Epoch 190 ===
 [k-horizon time]: 15.14s

============================== ViT PDT k-horizon Pruning Report ==============================
 k_horizon=5 | Pruned: 0 units | Overhead: 15.19s
 [ATTN] blocks.0.attn.qkv                        |    2/   6 |  66.7% pruned
 [FFN] blocks.0.mlp.fc1                         |    0/1536 | 100.0% pruned
 [ATTN] blocks.1.attn.qkv                        |    0/   6 | 100.0% pruned
 [FFN] blocks.1.mlp.fc1                         |    0/1536 | 100.0% pruned
 [ATTN] blocks.2.attn.qkv                        |    0/   6 | 100.0% pruned
 [FFN] blocks.2.mlp.fc1                         |  230/1536 |  85.0% pruned
 [ATTN] blocks.3.attn.qkv                        |    2/   6 |  66.7% pruned
 [FFN] blocks.3.mlp.fc1                         |  161/1536 |  89.5% pruned
 [ATTN] blocks.4.attn.qkv                        |    0/   6 | 100.0% pruned
 [FFN] blocks.4.mlp.fc1                         |    0/1536 | 100.0% pruned
 [ATTN] blocks.5.attn.qkv                        |    0/   6 | 100.0% pruned
 [FFN] blocks.5.mlp.fc1                         |    0/1536 | 100.0% pruned
 [ATTN] blocks.6.attn.qkv                        |    0/   6 | 100.0% pruned
 [FFN] blocks.6.mlp.fc1                         |    0/1536 | 100.0% pruned
 [ATTN] blocks.7.attn.qkv                        |    0/   6 | 100.0% pruned
 [FFN] blocks.7.mlp.fc1                         |    0/1536 | 100.0% pruned
 [ATTN] blocks.8.attn.qkv                        |    0/   6 | 100.0% pruned
 [FFN] blocks.8.mlp.fc1                         |    0/1536 | 100.0% pruned
 [ATTN] blocks.9.attn.qkv                        |    0/   6 | 100.0% pruned
 [FFN] blocks.9.mlp.fc1                         |    0/1536 | 100.0% pruned
 [ATTN] blocks.10.attn.qkv                       |    1/   6 |  83.3% pruned
 [FFN] blocks.10.mlp.fc1                        |  511/1536 |  66.7% pruned
 [ATTN] blocks.11.attn.qkv                       |    1/   6 |  83.3% pruned
 [FFN] blocks.11.mlp.fc1                        |  236/1536 |  84.6% pruned

 Size: 5.58MB | Sparsity(weight): 93.11% | Speedup: 14.51x
===================================================================
🧹 Post-Pruning Memory Cleared & Graph Destroyed.

[Scientific Metrics - Epoch 190]
 🟢 Model Size: 81.00 MB -> 5.58 MB
 🔵 Sparsity: 93.82 %
 🟡 Speedup: 14.51x
💾 Checkpoint saved: deit_small_patch16_224_vit_pdt_ep190_sp93.82.pth
 [Normal step time] batch 100: 0.0699s
 [Normal step time] batch 200: 0.0700s
 [Normal step time] batch 300: 0.0839s
 [Normal step time] batch 400: 0.0701s
 [Normal step time] batch 500: 0.0815s
 [Normal step time] batch 600: 0.0821s
 [Normal step time] batch 700: 0.0855s
 [Normal step time] batch 800: 0.0851s
 [Normal step time] batch 900: 0.0701s
 [Normal step time] batch 1000: 0.0824s
 [Normal step time] batch 1100: 0.0806s
 [Normal step time] batch 1200: 0.0838s
 [Normal step time] batch 1300: 0.0705s
 [Normal step time] batch 1400: 0.0707s
 [Normal step time] batch 1500: 0.0907s
 [Normal step time] batch 1600: 0.0891s
 [Normal step time] batch 1700: 0.0709s
 [Normal step time] batch 1800: 0.0834s
 [Normal step time] batch 1900: 0.0703s
 [Normal step time] batch 2000: 0.0702s
Epoch 190/200 | Loss: 1.4080 | Val Acc: 58.30% | Peak VRAM: 21695.16 MB
 [Normal step time] batch 0: 0.0985s
 [Normal step time] batch 100: 0.0701s
 [Normal step time] batch 200: 0.0848s
 [Normal step time] batch 300: 0.0704s
 [Normal step time] batch 400: 0.0700s
 [Normal step time] batch 500: 0.0810s
 [Normal step time] batch 600: 0.0696s
 [Normal step time] batch 700: 0.0699s
 [Normal step time] batch 800: 0.0831s
 [Normal step time] batch 900: 0.0698s
 [Normal step time] batch 1000: 0.0836s
 [Normal step time] batch 1100: 0.0833s
 [Normal step time] batch 1200: 0.0702s
 [Normal step time] batch 1300: 0.0696s
 [Normal step time] batch 1400: 0.0818s
 [Normal step time] batch 1500: 0.0834s
 [Normal step time] batch 1600: 0.0714s
 [Normal step time] batch 1700: 0.0711s
 [Normal step time] batch 1800: 0.0709s
 [Normal step time] batch 1900: 0.0820s
 [Normal step time] batch 2000: 0.0710s
Epoch 191/200 | Loss: 1.3983 | Val Acc: 58.70% | Peak VRAM: 4680.76 MB
 [Normal step time] batch 0: 0.1014s
 [Normal step time] batch 100: 0.0618s
 [Normal step time] batch 200: 0.0740s
 [Normal step time] batch 300: 0.0856s
 [Normal step time] batch 400: 0.1166s
 [Normal step time] batch 500: 0.0700s
 [Normal step time] batch 600: 0.0826s
 [Normal step time] batch 700: 0.0809s
 [Normal step time] batch 800: 0.0904s
 [Normal step time] batch 900: 0.0779s
 [Normal step time] batch 1000: 0.0702s
 [Normal step time] batch 1100: 0.0815s
 [Normal step time] batch 1200: 0.0713s
 [Normal step time] batch 1300: 0.0806s
 [Normal step time] batch 1400: 0.0777s
 [Normal step time] batch 1500: 0.0818s
 [Normal step time] batch 1600: 0.0823s
 [Normal step time] batch 1700: 0.0699s
 [Normal step time] batch 1800: 0.0700s
 [Normal step time] batch 1900: 0.0834s
 [Normal step time] batch 2000: 0.0702s
Epoch 192/200 | Loss: 1.3913 | Val Acc: 59.22% | Peak VRAM: 4680.76 MB
 [Normal step time] batch 0: 0.0907s
 [Normal step time] batch 100: 0.0651s
 [Normal step time] batch 200: 0.0700s
 [Normal step time] batch 300: 0.0813s
 [Normal step time] batch 400: 0.0849s
 [Normal step time] batch 500: 0.0703s
 [Normal step time] batch 600: 0.0612s
 [Normal step time] batch 700: 0.0821s
 [Normal step time] batch 800: 0.0727s
 [Normal step time] batch 900: 0.0704s
 [Normal step time] batch 1000: 0.0827s
 [Normal step time] batch 1100: 0.0695s
 [Normal step time] batch 1200: 0.0701s
 [Normal step time] batch 1300: 0.0836s
 [Normal step time] batch 1400: 0.0770s
 [Normal step time] batch 1500: 0.0701s
 [Normal step time] batch 1600: 0.0700s
 [Normal step time] batch 1700: 0.0834s
 [Normal step time] batch 1800: 0.0849s
 [Normal step time] batch 1900: 0.0703s
 [Normal step time] batch 2000: 0.0700s
Epoch 193/200 | Loss: 1.3896 | Val Acc: 58.82% | Peak VRAM: 4680.76 MB
 [Normal step time] batch 0: 0.1021s
 [Normal step time] batch 100: 0.0702s
 [Normal step time] batch 200: 0.0823s
 [Normal step time] batch 300: 0.0830s
 [Normal step time] batch 400: 0.0526s
 [Normal step time] batch 500: 0.0785s
 [Normal step time] batch 600: 0.0763s
 [Normal step time] batch 700: 0.0754s
 [Normal step time] batch 800: 0.0761s
 [Normal step time] batch 900: 0.0760s
 [Normal step time] batch 1000: 0.0765s
 [Normal step time] batch 1100: 0.0758s
 [Normal step time] batch 1200: 0.0760s
 [Normal step time] batch 1300: 0.0764s
 [Normal step time] batch 1400: 0.0765s
 [Normal step time] batch 1500: 0.0656s
 [Normal step time] batch 1600: 0.0779s
 [Normal step time] batch 1700: 0.0759s
 [Normal step time] batch 1800: 0.0540s
 [Normal step time] batch 1900: 0.0524s
 [Normal step time] batch 2000: 0.0827s
Epoch 194/200 | Loss: 1.3821 | Val Acc: 58.26% | Peak VRAM: 4680.76 MB
 [Normal step time] batch 0: 0.0774s
 [Normal step time] batch 100: 0.0805s
 [Normal step time] batch 200: 0.0835s
 [Normal step time] batch 300: 0.0734s
 [Normal step time] batch 400: 0.0684s
 [Normal step time] batch 500: 0.0833s
 [Normal step time] batch 600: 0.0708s
 [Normal step time] batch 700: 0.0705s
 [Normal step time] batch 800: 0.0525s
 [Normal step time] batch 900: 0.0701s
 [Normal step time] batch 1000: 0.0712s
 [Normal step time] batch 1100: 0.0850s
 [Normal step time] batch 1200: 0.0712s
 [Normal step time] batch 1300: 0.0748s
 [Normal step time] batch 1400: 0.0815s
 [Normal step time] batch 1500: 0.0846s
 [Normal step time] batch 1600: 0.0713s
/home/stella/anaconda3/envs/pdt/lib/python3.10/site-packages/torch_pruning/dependency/graph.py:390: UserWarning: Unwrapped parameters detected: ['cls_token', 'pos_embed'].
 Torch-Pruning will prune the last non-singleton dimension of these parameters. If you wish to change this behavior, please provide an unwrapped_parameters argument.
  warnings.warn(warning_str)
