nohup: ignoring input

==================================================
🔥 SYSTEM CHECK: Raw Args -> ['main.py', '--model', 'deit_small', '--strategy', 'vit_pdt', '--epochs', '200', '--start_epoch', '30', '--prune_every', '20', '--channel_keep_ratio', '0.3', '--batch_size', '64', '--lr', '0.0005']
==================================================

🔥 DEBUG: Final Batch Size fixed to -> 64
Warning: You are sending unauthenticated requests to the HF Hub. Please set a HF_TOKEN to enable higher rate limits and faster downloads.
>>> [System] ViT detected. Input size forced to 224 for dataloader.
📝 Logging started: deit_small_patch16_224_vit_pdt_20260326_060843.log
>>> [System] ViT detected. Input size forced to 224 for dataloader.
[*] Train classes: 100
✅ imagenet100 loaded: Train(130000), Val(5000)
   Val dir: /home/stella/data/imagenet100/val.X
Experimental Mode: pdt
Target Model: deit_small_patch16_224 | Dataset: imagenet100
>>> [Model] Loading Vision Transformer: deit_small_patch16_224
>>> [System] ViT head replaced: 384 → 100
>>> [System] Head warmup 시작 (5 epochs, head only)...
  [Head Warmup] Epoch 1/5 | Val Acc: 88.48%
  [Head Warmup] Epoch 2/5 | Val Acc: 88.08%
  [Head Warmup] Epoch 3/5 | Val Acc: 88.16%
  [Head Warmup] Epoch 4/5 | Val Acc: 88.14%
  [Head Warmup] Epoch 5/5 | Val Acc: 88.06%
>>> [System] Head warmup 완료. 전체 fine-tuning 시작.
[*] ViT Topology: 12 blocks → 24 groups (num_heads=6, head_dim=64)
>>> [System] Flash Attention disabled for Hessian computation.

[Pruner Init] Identified 24 groups for pruning.
[*] Applied Min Survival Guarantee: 10.0%
[System] Initializing ViTPDTPruner for deit_small_patch16_224

>>> Strategy: VIT_PDT | Total Epochs: 200
>>> Pruning starts at Epoch 30, every 20 epochs.
 [Normal step time] batch 0: 0.2007s
 [Normal step time] batch 100: 0.0567s
 [Normal step time] batch 200: 0.0527s
 [Normal step time] batch 300: 0.0530s
 [Normal step time] batch 400: 0.0530s
 [Normal step time] batch 500: 0.0528s
 [Normal step time] batch 600: 0.0531s
 [Normal step time] batch 700: 0.0530s
 [Normal step time] batch 800: 0.0529s
 [Normal step time] batch 900: 0.0528s
 [Normal step time] batch 1000: 0.0531s
 [Normal step time] batch 1100: 0.0526s
 [Normal step time] batch 1200: 0.0526s
 [Normal step time] batch 1300: 0.0530s
 [Normal step time] batch 1400: 0.0529s
 [Normal step time] batch 1500: 0.0529s
 [Normal step time] batch 1600: 0.0530s
 [Normal step time] batch 1700: 0.0527s
 [Normal step time] batch 1800: 0.0532s
 [Normal step time] batch 1900: 0.0530s
 [Normal step time] batch 2000: 0.0533s
Epoch 1/200 | Loss: 1.1834 | Val Acc: 70.18% | Peak VRAM: 4686.89 MB
 [Normal step time] batch 0: 0.0532s
 [Normal step time] batch 100: 0.0524s
 [Normal step time] batch 200: 0.0535s
 [Normal step time] batch 300: 0.0534s
 [Normal step time] batch 400: 0.0533s
 [Normal step time] batch 500: 0.0530s
 [Normal step time] batch 600: 0.0531s
 [Normal step time] batch 700: 0.0524s
 [Normal step time] batch 800: 0.0529s
 [Normal step time] batch 900: 0.0530s
 [Normal step time] batch 1000: 0.0530s
 [Normal step time] batch 1100: 0.0531s
 [Normal step time] batch 1200: 0.0530s
 [Normal step time] batch 1300: 0.0532s
 [Normal step time] batch 1400: 0.0530s
 [Normal step time] batch 1500: 0.0526s
 [Normal step time] batch 1600: 0.0530s
 [Normal step time] batch 1700: 0.0527s
 [Normal step time] batch 1800: 0.0528s
 [Normal step time] batch 1900: 0.0533s
 [Normal step time] batch 2000: 0.0527s
Epoch 2/200 | Loss: 1.1022 | Val Acc: 71.40% | Peak VRAM: 4687.07 MB
 [Normal step time] batch 0: 0.0606s
 [Normal step time] batch 100: 0.0529s
 [Normal step time] batch 200: 0.0532s
 [Normal step time] batch 300: 0.0591s
 [Normal step time] batch 400: 0.0530s
 [Normal step time] batch 500: 0.0528s
 [Normal step time] batch 600: 0.0522s
 [Normal step time] batch 700: 0.0528s
 [Normal step time] batch 800: 0.0530s
 [Normal step time] batch 900: 0.0529s
 [Normal step time] batch 1000: 0.0584s
 [Normal step time] batch 1100: 0.0532s
 [Normal step time] batch 1200: 0.0530s
 [Normal step time] batch 1300: 0.0546s
 [Normal step time] batch 1400: 0.0530s
 [Normal step time] batch 1500: 0.0531s
 [Normal step time] batch 1600: 0.0530s
 [Normal step time] batch 1700: 0.0535s
 [Normal step time] batch 1800: 0.0527s
 [Normal step time] batch 1900: 0.0532s
 [Normal step time] batch 2000: 0.0529s
Epoch 3/200 | Loss: 1.0403 | Val Acc: 72.80% | Peak VRAM: 4687.07 MB
 [Normal step time] batch 0: 0.0538s
 [Normal step time] batch 100: 0.0533s
 [Normal step time] batch 200: 0.0528s
 [Normal step time] batch 300: 0.0531s
 [Normal step time] batch 400: 0.0532s
 [Normal step time] batch 500: 0.0533s
 [Normal step time] batch 600: 0.0548s
 [Normal step time] batch 700: 0.0529s
 [Normal step time] batch 800: 0.0563s
 [Normal step time] batch 900: 0.0526s
 [Normal step time] batch 1000: 0.0535s
 [Normal step time] batch 1100: 0.0530s
 [Normal step time] batch 1200: 0.0523s
 [Normal step time] batch 1300: 0.0533s
 [Normal step time] batch 1400: 0.0531s
 [Normal step time] batch 1500: 0.0530s
 [Normal step time] batch 1600: 0.0530s
 [Normal step time] batch 1700: 0.0528s
 [Normal step time] batch 1800: 0.0529s
 [Normal step time] batch 1900: 0.0528s
 [Normal step time] batch 2000: 0.0531s
Epoch 4/200 | Loss: 0.9944 | Val Acc: 73.00% | Peak VRAM: 4687.07 MB
 [Normal step time] batch 0: 0.0585s
 [Normal step time] batch 100: 0.0529s
 [Normal step time] batch 200: 0.0529s
 [Normal step time] batch 300: 0.0533s
 [Normal step time] batch 400: 0.0570s
 [Normal step time] batch 500: 0.0527s
 [Normal step time] batch 600: 0.0526s
 [Normal step time] batch 700: 0.0529s
 [Normal step time] batch 800: 0.0530s
 [Normal step time] batch 900: 0.0530s
 [Normal step time] batch 1000: 0.0574s
 [Normal step time] batch 1100: 0.0528s
 [Normal step time] batch 1200: 0.0530s
 [Normal step time] batch 1300: 0.0522s
 [Normal step time] batch 1400: 0.0554s
 [Normal step time] batch 1500: 0.0532s
 [Normal step time] batch 1600: 0.0529s
 [Normal step time] batch 1700: 0.0534s
 [Normal step time] batch 1800: 0.0531s
 [Normal step time] batch 1900: 0.0525s
 [Normal step time] batch 2000: 0.0531s
Epoch 5/200 | Loss: 0.9559 | Val Acc: 74.80% | Peak VRAM: 4687.07 MB
 [Normal step time] batch 0: 0.0536s
 [Normal step time] batch 100: 0.0530s
 [Normal step time] batch 200: 0.0531s
 [Normal step time] batch 300: 0.0533s
 [Normal step time] batch 400: 0.0531s
 [Normal step time] batch 500: 0.0552s
 [Normal step time] batch 600: 0.0530s
 [Normal step time] batch 700: 0.0534s
 [Normal step time] batch 800: 0.0530s
 [Normal step time] batch 900: 0.0529s
 [Normal step time] batch 1000: 0.0527s
 [Normal step time] batch 1100: 0.0531s
 [Normal step time] batch 1200: 0.0533s
 [Normal step time] batch 1300: 0.0530s
 [Normal step time] batch 1400: 0.0598s
 [Normal step time] batch 1500: 0.0533s
 [Normal step time] batch 1600: 0.0530s
 [Normal step time] batch 1700: 0.0529s
 [Normal step time] batch 1800: 0.0531s
 [Normal step time] batch 1900: 0.0524s
 [Normal step time] batch 2000: 0.0528s
Epoch 6/200 | Loss: 0.9189 | Val Acc: 74.60% | Peak VRAM: 4687.07 MB
 [Normal step time] batch 0: 0.0542s
 [Normal step time] batch 100: 0.0529s
 [Normal step time] batch 200: 0.0527s
 [Normal step time] batch 300: 0.0531s
 [Normal step time] batch 400: 0.0524s
 [Normal step time] batch 500: 0.0525s
 [Normal step time] batch 600: 0.0531s
 [Normal step time] batch 700: 0.0573s
 [Normal step time] batch 800: 0.0535s
 [Normal step time] batch 900: 0.0530s
 [Normal step time] batch 1000: 0.0602s
 [Normal step time] batch 1100: 0.0530s
 [Normal step time] batch 1200: 0.0529s
 [Normal step time] batch 1300: 0.0586s
 [Normal step time] batch 1400: 0.0531s
 [Normal step time] batch 1500: 0.0530s
 [Normal step time] batch 1600: 0.0529s
 [Normal step time] batch 1700: 0.0521s
 [Normal step time] batch 1800: 0.0533s
 [Normal step time] batch 1900: 0.0577s
 [Normal step time] batch 2000: 0.0532s
Epoch 7/200 | Loss: 0.8900 | Val Acc: 75.60% | Peak VRAM: 4687.07 MB
 [Normal step time] batch 0: 0.0531s
 [Normal step time] batch 100: 0.0524s
 [Normal step time] batch 200: 0.0541s
 [Normal step time] batch 300: 0.0530s
 [Normal step time] batch 400: 0.0527s
 [Normal step time] batch 500: 0.0526s
 [Normal step time] batch 600: 0.0525s
 [Normal step time] batch 700: 0.0533s
 [Normal step time] batch 800: 0.0530s
 [Normal step time] batch 900: 0.0529s
 [Normal step time] batch 1000: 0.0533s
 [Normal step time] batch 1100: 0.0532s
 [Normal step time] batch 1200: 0.0593s
 [Normal step time] batch 1300: 0.0531s
 [Normal step time] batch 1400: 0.0529s
 [Normal step time] batch 1500: 0.0529s
 [Normal step time] batch 1600: 0.0530s
 [Normal step time] batch 1700: 0.0539s
 [Normal step time] batch 1800: 0.0524s
 [Normal step time] batch 1900: 0.0527s
 [Normal step time] batch 2000: 0.0530s
Epoch 8/200 | Loss: 0.8651 | Val Acc: 74.88% | Peak VRAM: 4687.07 MB
 [Normal step time] batch 0: 0.0539s
 [Normal step time] batch 100: 0.0526s
 [Normal step time] batch 200: 0.0530s
 [Normal step time] batch 300: 0.0529s
 [Normal step time] batch 400: 0.0527s
 [Normal step time] batch 500: 0.0528s
 [Normal step time] batch 600: 0.0534s
 [Normal step time] batch 700: 0.0594s
 [Normal step time] batch 800: 0.0549s
 [Normal step time] batch 900: 0.0531s
 [Normal step time] batch 1000: 0.0530s
 [Normal step time] batch 1100: 0.0532s
 [Normal step time] batch 1200: 0.0528s
 [Normal step time] batch 1300: 0.0531s
 [Normal step time] batch 1400: 0.0561s
 [Normal step time] batch 1500: 0.0590s
 [Normal step time] batch 1600: 0.0528s
 [Normal step time] batch 1700: 0.0531s
 [Normal step time] batch 1800: 0.0533s
 [Normal step time] batch 1900: 0.0522s
 [Normal step time] batch 2000: 0.0529s
Epoch 9/200 | Loss: 0.8454 | Val Acc: 76.06% | Peak VRAM: 4687.07 MB
 [Normal step time] batch 0: 0.0525s
 [Normal step time] batch 100: 0.0530s
 [Normal step time] batch 200: 0.0527s
 [Normal step time] batch 300: 0.0531s
 [Normal step time] batch 400: 0.0528s
 [Normal step time] batch 500: 0.0531s
 [Normal step time] batch 600: 0.0588s
 [Normal step time] batch 700: 0.0520s
 [Normal step time] batch 800: 0.0526s
 [Normal step time] batch 900: 0.0524s
 [Normal step time] batch 1000: 0.0526s
 [Normal step time] batch 1100: 0.0600s
 [Normal step time] batch 1200: 0.0526s
 [Normal step time] batch 1300: 0.0530s
 [Normal step time] batch 1400: 0.0530s
 [Normal step time] batch 1500: 0.0529s
 [Normal step time] batch 1600: 0.0524s
 [Normal step time] batch 1700: 0.0530s
 [Normal step time] batch 1800: 0.0530s
 [Normal step time] batch 1900: 0.0570s
 [Normal step time] batch 2000: 0.0530s
Epoch 10/200 | Loss: 0.8257 | Val Acc: 75.10% | Peak VRAM: 4687.07 MB
 [Normal step time] batch 0: 0.0522s
 [Normal step time] batch 100: 0.0530s
 [Normal step time] batch 200: 0.0524s
 [Normal step time] batch 300: 0.0524s
 [Normal step time] batch 400: 0.0529s
 [Normal step time] batch 500: 0.0529s
 [Normal step time] batch 600: 0.0531s
 [Normal step time] batch 700: 0.0530s
 [Normal step time] batch 800: 0.0526s
 [Normal step time] batch 900: 0.0524s
 [Normal step time] batch 1000: 0.0521s
 [Normal step time] batch 1100: 0.0528s
 [Normal step time] batch 1200: 0.0530s
 [Normal step time] batch 1300: 0.0524s
 [Normal step time] batch 1400: 0.0531s
 [Normal step time] batch 1500: 0.0531s
 [Normal step time] batch 1600: 0.0531s
 [Normal step time] batch 1700: 0.0527s
 [Normal step time] batch 1800: 0.0527s
 [Normal step time] batch 1900: 0.0524s
 [Normal step time] batch 2000: 0.0532s
Epoch 11/200 | Loss: 0.8099 | Val Acc: 76.42% | Peak VRAM: 4687.07 MB
 [Normal step time] batch 0: 0.0528s
 [Normal step time] batch 100: 0.0528s
 [Normal step time] batch 200: 0.0532s
 [Normal step time] batch 300: 0.0525s
 [Normal step time] batch 400: 0.0562s
 [Normal step time] batch 500: 0.0535s
 [Normal step time] batch 600: 0.0530s
 [Normal step time] batch 700: 0.0535s
 [Normal step time] batch 800: 0.0537s
 [Normal step time] batch 900: 0.0525s
 [Normal step time] batch 1000: 0.0531s
 [Normal step time] batch 1100: 0.0530s
 [Normal step time] batch 1200: 0.0528s
 [Normal step time] batch 1300: 0.0583s
 [Normal step time] batch 1400: 0.0530s
 [Normal step time] batch 1500: 0.0529s
 [Normal step time] batch 1600: 0.0529s
 [Normal step time] batch 1700: 0.0526s
 [Normal step time] batch 1800: 0.0531s
 [Normal step time] batch 1900: 0.0522s
 [Normal step time] batch 2000: 0.0532s
Epoch 12/200 | Loss: 0.7940 | Val Acc: 76.58% | Peak VRAM: 4687.07 MB
 [Normal step time] batch 0: 0.0595s
 [Normal step time] batch 100: 0.0532s
 [Normal step time] batch 200: 0.0526s
 [Normal step time] batch 300: 0.0532s
 [Normal step time] batch 400: 0.0531s
 [Normal step time] batch 500: 0.0531s
 [Normal step time] batch 600: 0.0535s
 [Normal step time] batch 700: 0.0531s
 [Normal step time] batch 800: 0.0527s
 [Normal step time] batch 900: 0.0530s
 [Normal step time] batch 1000: 0.0531s
 [Normal step time] batch 1100: 0.0532s
 [Normal step time] batch 1200: 0.0531s
 [Normal step time] batch 1300: 0.0531s
 [Normal step time] batch 1400: 0.0530s
 [Normal step time] batch 1500: 0.0530s
 [Normal step time] batch 1600: 0.0530s
 [Normal step time] batch 1700: 0.0529s
 [Normal step time] batch 1800: 0.0530s
 [Normal step time] batch 1900: 0.0531s
 [Normal step time] batch 2000: 0.0530s
Epoch 13/200 | Loss: 0.7776 | Val Acc: 76.30% | Peak VRAM: 4687.07 MB
 [Normal step time] batch 0: 0.0538s
 [Normal step time] batch 100: 0.0526s
 [Normal step time] batch 200: 0.0534s
 [Normal step time] batch 300: 0.0531s
 [Normal step time] batch 400: 0.0533s
 [Normal step time] batch 500: 0.0533s
 [Normal step time] batch 600: 0.0529s
 [Normal step time] batch 700: 0.0530s
 [Normal step time] batch 800: 0.0532s
 [Normal step time] batch 900: 0.0531s
 [Normal step time] batch 1000: 0.0533s
 [Normal step time] batch 1100: 0.0530s
 [Normal step time] batch 1200: 0.0532s
 [Normal step time] batch 1300: 0.0531s
 [Normal step time] batch 1400: 0.0529s
 [Normal step time] batch 1500: 0.0532s
 [Normal step time] batch 1600: 0.0533s
 [Normal step time] batch 1700: 0.0598s
 [Normal step time] batch 1800: 0.0531s
 [Normal step time] batch 1900: 0.0534s
 [Normal step time] batch 2000: 0.0532s
Epoch 14/200 | Loss: 0.7581 | Val Acc: 76.06% | Peak VRAM: 4687.07 MB
 [Normal step time] batch 0: 0.0538s
 [Normal step time] batch 100: 0.0595s
 [Normal step time] batch 200: 0.0530s
 [Normal step time] batch 300: 0.0521s
 [Normal step time] batch 400: 0.0533s
 [Normal step time] batch 500: 0.0522s
 [Normal step time] batch 600: 0.0531s
 [Normal step time] batch 700: 0.0532s
 [Normal step time] batch 800: 0.0530s
 [Normal step time] batch 900: 0.0532s
 [Normal step time] batch 1000: 0.0595s
 [Normal step time] batch 1100: 0.0533s
 [Normal step time] batch 1200: 0.0529s
 [Normal step time] batch 1300: 0.0531s
 [Normal step time] batch 1400: 0.0532s
 [Normal step time] batch 1500: 0.0532s
 [Normal step time] batch 1600: 0.0530s
 [Normal step time] batch 1700: 0.0530s
 [Normal step time] batch 1800: 0.0531s
 [Normal step time] batch 1900: 0.0532s
 [Normal step time] batch 2000: 0.0525s
Epoch 15/200 | Loss: 0.7520 | Val Acc: 76.14% | Peak VRAM: 4687.07 MB
 [Normal step time] batch 0: 0.0600s
 [Normal step time] batch 100: 0.0533s
 [Normal step time] batch 200: 0.0530s
 [Normal step time] batch 300: 0.0530s
 [Normal step time] batch 400: 0.0532s
 [Normal step time] batch 500: 0.0532s
 [Normal step time] batch 600: 0.0532s
 [Normal step time] batch 700: 0.0530s
 [Normal step time] batch 800: 0.0530s
 [Normal step time] batch 900: 0.0530s
 [Normal step time] batch 1000: 0.0531s
 [Normal step time] batch 1100: 0.0532s
 [Normal step time] batch 1200: 0.0531s
 [Normal step time] batch 1300: 0.0531s
 [Normal step time] batch 1400: 0.0531s
 [Normal step time] batch 1500: 0.0535s
 [Normal step time] batch 1600: 0.0531s
 [Normal step time] batch 1700: 0.0535s
 [Normal step time] batch 1800: 0.0532s
 [Normal step time] batch 1900: 0.0536s
 [Normal step time] batch 2000: 0.0534s
Epoch 16/200 | Loss: 0.7434 | Val Acc: 76.04% | Peak VRAM: 4687.07 MB
 [Normal step time] batch 0: 0.0608s
 [Normal step time] batch 100: 0.0532s
 [Normal step time] batch 200: 0.0540s
 [Normal step time] batch 300: 0.0531s
 [Normal step time] batch 400: 0.0528s
 [Normal step time] batch 500: 0.0528s
 [Normal step time] batch 600: 0.0526s
 [Normal step time] batch 700: 0.0530s
 [Normal step time] batch 800: 0.0527s
 [Normal step time] batch 900: 0.0532s
 [Normal step time] batch 1000: 0.0603s
 [Normal step time] batch 1100: 0.0533s
 [Normal step time] batch 1200: 0.0530s
 [Normal step time] batch 1300: 0.0530s
 [Normal step time] batch 1400: 0.0533s
 [Normal step time] batch 1500: 0.0524s
 [Normal step time] batch 1600: 0.0530s
 [Normal step time] batch 1700: 0.0532s
 [Normal step time] batch 1800: 0.0529s
 [Normal step time] batch 1900: 0.0532s
 [Normal step time] batch 2000: 0.0530s
Epoch 17/200 | Loss: 0.7312 | Val Acc: 76.96% | Peak VRAM: 4687.07 MB
 [Normal step time] batch 0: 0.0578s
 [Normal step time] batch 100: 0.0529s
 [Normal step time] batch 200: 0.0532s
 [Normal step time] batch 300: 0.0526s
 [Normal step time] batch 400: 0.0531s
 [Normal step time] batch 500: 0.0530s
 [Normal step time] batch 600: 0.0530s
 [Normal step time] batch 700: 0.0532s
 [Normal step time] batch 800: 0.0532s
 [Normal step time] batch 900: 0.0534s
 [Normal step time] batch 1000: 0.0531s
 [Normal step time] batch 1100: 0.0530s
 [Normal step time] batch 1200: 0.0531s
 [Normal step time] batch 1300: 0.0531s
 [Normal step time] batch 1400: 0.0526s
 [Normal step time] batch 1500: 0.0530s
 [Normal step time] batch 1600: 0.0533s
 [Normal step time] batch 1700: 0.0595s
 [Normal step time] batch 1800: 0.0533s
 [Normal step time] batch 1900: 0.0528s
 [Normal step time] batch 2000: 0.0528s
Epoch 18/200 | Loss: 0.7128 | Val Acc: 76.48% | Peak VRAM: 4687.07 MB
 [Normal step time] batch 0: 0.0524s
 [Normal step time] batch 100: 0.0531s
 [Normal step time] batch 200: 0.0600s
 [Normal step time] batch 300: 0.0530s
 [Normal step time] batch 400: 0.0530s
 [Normal step time] batch 500: 0.0531s
 [Normal step time] batch 600: 0.0531s
 [Normal step time] batch 700: 0.0531s
 [Normal step time] batch 800: 0.0535s
 [Normal step time] batch 900: 0.0532s
 [Normal step time] batch 1000: 0.0530s
 [Normal step time] batch 1100: 0.0529s
 [Normal step time] batch 1200: 0.0528s
 [Normal step time] batch 1300: 0.0524s
 [Normal step time] batch 1400: 0.0527s
 [Normal step time] batch 1500: 0.0527s
 [Normal step time] batch 1600: 0.0529s
 [Normal step time] batch 1700: 0.0557s
 [Normal step time] batch 1800: 0.0528s
 [Normal step time] batch 1900: 0.0532s
 [Normal step time] batch 2000: 0.0530s
Epoch 19/200 | Loss: 0.7033 | Val Acc: 75.40% | Peak VRAM: 4687.07 MB
 [Normal step time] batch 0: 0.0531s
 [Normal step time] batch 100: 0.0532s
 [Normal step time] batch 200: 0.0532s
 [Normal step time] batch 300: 0.0533s
 [Normal step time] batch 400: 0.0531s
 [Normal step time] batch 500: 0.0534s
 [Normal step time] batch 600: 0.0531s
 [Normal step time] batch 700: 0.0535s
 [Normal step time] batch 800: 0.0533s
 [Normal step time] batch 900: 0.0527s
 [Normal step time] batch 1000: 0.0531s
 [Normal step time] batch 1100: 0.0529s
 [Normal step time] batch 1200: 0.0532s
 [Normal step time] batch 1300: 0.0531s
 [Normal step time] batch 1400: 0.0533s
 [Normal step time] batch 1500: 0.0533s
 [Normal step time] batch 1600: 0.0532s
 [Normal step time] batch 1700: 0.0528s
 [Normal step time] batch 1800: 0.0534s
 [Normal step time] batch 1900: 0.0529s
 [Normal step time] batch 2000: 0.0526s
Epoch 20/200 | Loss: 0.6956 | Val Acc: 75.62% | Peak VRAM: 4687.07 MB
 [Normal step time] batch 0: 0.0537s
 [Normal step time] batch 100: 0.0532s
 [Normal step time] batch 200: 0.0527s
 [Normal step time] batch 300: 0.0563s
 [Normal step time] batch 400: 0.0531s
 [Normal step time] batch 500: 0.0533s
 [Normal step time] batch 600: 0.0594s
 [Normal step time] batch 700: 0.0557s
 [Normal step time] batch 800: 0.0532s
 [Normal step time] batch 900: 0.0531s
 [Normal step time] batch 1000: 0.0532s
 [Normal step time] batch 1100: 0.0531s
 [Normal step time] batch 1200: 0.0536s
 [Normal step time] batch 1300: 0.0531s
 [Normal step time] batch 1400: 0.0534s
 [Normal step time] batch 1500: 0.0533s
 [Normal step time] batch 1600: 0.0533s
 [Normal step time] batch 1700: 0.0532s
 [Normal step time] batch 1800: 0.0533s
 [Normal step time] batch 1900: 0.0530s
 [Normal step time] batch 2000: 0.0530s
Epoch 21/200 | Loss: 0.6905 | Val Acc: 76.44% | Peak VRAM: 4687.07 MB
 [Normal step time] batch 0: 0.0527s
 [Normal step time] batch 100: 0.0531s
 [Normal step time] batch 200: 0.0530s
 [Normal step time] batch 300: 0.0530s
 [Normal step time] batch 400: 0.0523s
 [Normal step time] batch 500: 0.0525s
 [Normal step time] batch 600: 0.0531s
 [Normal step time] batch 700: 0.0531s
 [Normal step time] batch 800: 0.0532s
 [Normal step time] batch 900: 0.0523s
 [Normal step time] batch 1000: 0.0530s
 [Normal step time] batch 1100: 0.0527s
 [Normal step time] batch 1200: 0.0529s
 [Normal step time] batch 1300: 0.0532s
 [Normal step time] batch 1400: 0.0530s
 [Normal step time] batch 1500: 0.0530s
 [Normal step time] batch 1600: 0.0530s
 [Normal step time] batch 1700: 0.0528s
 [Normal step time] batch 1800: 0.0532s
 [Normal step time] batch 1900: 0.0532s
 [Normal step time] batch 2000: 0.0533s
Epoch 22/200 | Loss: 0.6800 | Val Acc: 77.48% | Peak VRAM: 4687.07 MB
 [Normal step time] batch 0: 0.0535s
 [Normal step time] batch 100: 0.0530s
 [Normal step time] batch 200: 0.0530s
 [Normal step time] batch 300: 0.0525s
 [Normal step time] batch 400: 0.0530s
 [Normal step time] batch 500: 0.0531s
 [Normal step time] batch 600: 0.0532s
 [Normal step time] batch 700: 0.0534s
 [Normal step time] batch 800: 0.0532s
 [Normal step time] batch 900: 0.0531s
 [Normal step time] batch 1000: 0.0534s
 [Normal step time] batch 1100: 0.0530s
 [Normal step time] batch 1200: 0.0528s
 [Normal step time] batch 1300: 0.0552s
 [Normal step time] batch 1400: 0.0532s
 [Normal step time] batch 1500: 0.0532s
 [Normal step time] batch 1600: 0.0529s
 [Normal step time] batch 1700: 0.0531s
 [Normal step time] batch 1800: 0.0532s
 [Normal step time] batch 1900: 0.0531s
 [Normal step time] batch 2000: 0.0527s
Epoch 23/200 | Loss: 0.6689 | Val Acc: 76.90% | Peak VRAM: 4687.07 MB
 [Normal step time] batch 0: 0.0531s
 [Normal step time] batch 100: 0.0532s
 [Normal step time] batch 200: 0.0531s
 [Normal step time] batch 300: 0.0531s
 [Normal step time] batch 400: 0.0533s
 [Normal step time] batch 500: 0.0529s
 [Normal step time] batch 600: 0.0530s
 [Normal step time] batch 700: 0.0529s
 [Normal step time] batch 800: 0.0534s
 [Normal step time] batch 900: 0.0530s
 [Normal step time] batch 1000: 0.0530s
 [Normal step time] batch 1100: 0.0530s
 [Normal step time] batch 1200: 0.0532s
 [Normal step time] batch 1300: 0.0534s
 [Normal step time] batch 1400: 0.0530s
 [Normal step time] batch 1500: 0.0534s
 [Normal step time] batch 1600: 0.0529s
 [Normal step time] batch 1700: 0.0566s
 [Normal step time] batch 1800: 0.0531s
 [Normal step time] batch 1900: 0.0530s
 [Normal step time] batch 2000: 0.0531s
Epoch 24/200 | Loss: 0.6637 | Val Acc: 75.50% | Peak VRAM: 4687.07 MB
 [Normal step time] batch 0: 0.0529s
 [Normal step time] batch 100: 0.0524s
 [Normal step time] batch 200: 0.0530s
 [Normal step time] batch 300: 0.0531s
 [Normal step time] batch 400: 0.0532s
 [Normal step time] batch 500: 0.0531s
 [Normal step time] batch 600: 0.0532s
 [Normal step time] batch 700: 0.0530s
 [Normal step time] batch 800: 0.0533s
 [Normal step time] batch 900: 0.0527s
 [Normal step time] batch 1000: 0.0533s
 [Normal step time] batch 1100: 0.0531s
 [Normal step time] batch 1200: 0.0532s
 [Normal step time] batch 1300: 0.0531s
 [Normal step time] batch 1400: 0.0532s
 [Normal step time] batch 1500: 0.0527s
 [Normal step time] batch 1600: 0.0529s
 [Normal step time] batch 1700: 0.0531s
 [Normal step time] batch 1800: 0.0532s
 [Normal step time] batch 1900: 0.0530s
 [Normal step time] batch 2000: 0.0528s
Epoch 25/200 | Loss: 0.6615 | Val Acc: 76.34% | Peak VRAM: 4687.07 MB
 [Normal step time] batch 0: 0.0531s
 [Normal step time] batch 100: 0.0532s
 [Normal step time] batch 200: 0.0532s
 [Normal step time] batch 300: 0.0534s
 [Normal step time] batch 400: 0.0531s
 [Normal step time] batch 500: 0.0536s
 [Normal step time] batch 600: 0.0533s
 [Normal step time] batch 700: 0.0534s
 [Normal step time] batch 800: 0.0534s
 [Normal step time] batch 900: 0.0537s
 [Normal step time] batch 1000: 0.0527s
 [Normal step time] batch 1100: 0.0534s
 [Normal step time] batch 1200: 0.0529s
 [Normal step time] batch 1300: 0.0528s
 [Normal step time] batch 1400: 0.0533s
 [Normal step time] batch 1500: 0.0529s
 [Normal step time] batch 1600: 0.0535s
 [Normal step time] batch 1700: 0.0536s
 [Normal step time] batch 1800: 0.0533s
 [Normal step time] batch 1900: 0.0533s
 [Normal step time] batch 2000: 0.0532s
Epoch 26/200 | Loss: 0.6533 | Val Acc: 76.50% | Peak VRAM: 4687.07 MB
 [Normal step time] batch 0: 0.0533s
 [Normal step time] batch 100: 0.0554s
 [Normal step time] batch 200: 0.0531s
 [Normal step time] batch 300: 0.0531s
 [Normal step time] batch 400: 0.0530s
 [Normal step time] batch 500: 0.0530s
 [Normal step time] batch 600: 0.0531s
 [Normal step time] batch 700: 0.0535s
 [Normal step time] batch 800: 0.0531s
 [Normal step time] batch 900: 0.0531s
 [Normal step time] batch 1000: 0.0530s
 [Normal step time] batch 1100: 0.0531s
 [Normal step time] batch 1200: 0.0531s
 [Normal step time] batch 1300: 0.0530s
 [Normal step time] batch 1400: 0.0531s
 [Normal step time] batch 1500: 0.0531s
 [Normal step time] batch 1600: 0.0531s
 [Normal step time] batch 1700: 0.0531s
 [Normal step time] batch 1800: 0.0533s
 [Normal step time] batch 1900: 0.0532s
 [Normal step time] batch 2000: 0.0533s
Epoch 27/200 | Loss: 0.6471 | Val Acc: 76.90% | Peak VRAM: 4687.07 MB
 [Normal step time] batch 0: 0.0546s
 [Normal step time] batch 100: 0.0530s
 [Normal step time] batch 200: 0.0531s
 [Normal step time] batch 300: 0.0531s
 [Normal step time] batch 400: 0.0555s
 [Normal step time] batch 500: 0.0531s
 [Normal step time] batch 600: 0.0531s
 [Normal step time] batch 700: 0.0529s
 [Normal step time] batch 800: 0.0530s
 [Normal step time] batch 900: 0.0529s
 [Normal step time] batch 1000: 0.0529s
 [Normal step time] batch 1100: 0.0531s
 [Normal step time] batch 1200: 0.0531s
 [Normal step time] batch 1300: 0.0531s
 [Normal step time] batch 1400: 0.0531s
 [Normal step time] batch 1500: 0.0528s
 [Normal step time] batch 1600: 0.0534s
 [Normal step time] batch 1700: 0.0531s
 [Normal step time] batch 1800: 0.0532s
 [Normal step time] batch 1900: 0.0534s
 [Normal step time] batch 2000: 0.0531s
Epoch 28/200 | Loss: 0.6428 | Val Acc: 75.52% | Peak VRAM: 4687.07 MB
 [Normal step time] batch 0: 0.0550s
 [Normal step time] batch 100: 0.0559s
 [Normal step time] batch 200: 0.0527s
 [Normal step time] batch 300: 0.0531s
 [Normal step time] batch 400: 0.0546s
 [Normal step time] batch 500: 0.0531s
 [Normal step time] batch 600: 0.0531s
 [Normal step time] batch 700: 0.0531s
 [Normal step time] batch 800: 0.0531s
 [Normal step time] batch 900: 0.0531s
 [Normal step time] batch 1000: 0.0531s
 [Normal step time] batch 1100: 0.0531s
 [Normal step time] batch 1200: 0.0524s
 [Normal step time] batch 1300: 0.0531s
 [Normal step time] batch 1400: 0.0529s
 [Normal step time] batch 1500: 0.0532s
 [Normal step time] batch 1600: 0.0531s
 [Normal step time] batch 1700: 0.0531s
 [Normal step time] batch 1800: 0.0530s
 [Normal step time] batch 1900: 0.0529s
 [Normal step time] batch 2000: 0.0531s
Epoch 29/200 | Loss: 0.6387 | Val Acc: 76.32% | Peak VRAM: 4687.07 MB

[DEBUG] >>> PRUNING @ Epoch 30

[DEBUG] === ViT PDT Pruning (k-horizon=5): Epoch 30 ===

============================== ViT PDT k-horizon Pruning Report ==============================
 k_horizon=5 | Pruned: 3442 units | Overhead: 15.16s
 [ATTN] blocks.0.attn.qkv                        |    5/   6 |  16.7% pruned
 [FFN] blocks.0.mlp.fc1                         | 1527/1536 |   0.6% pruned
 [ATTN] blocks.1.attn.qkv                        |    5/   6 |  16.7% pruned
 [FFN] blocks.1.mlp.fc1                         | 1532/1536 |   0.3% pruned
 [ATTN] blocks.2.attn.qkv                        |    5/   6 |  16.7% pruned
 [FFN] blocks.2.mlp.fc1                         | 1482/1536 |   3.5% pruned
 [ATTN] blocks.3.attn.qkv                        |    5/   6 |  16.7% pruned
 [FFN] blocks.3.mlp.fc1                         | 1390/1536 |   9.5% pruned
 [ATTN] blocks.4.attn.qkv                        |    5/   6 |  16.7% pruned
 [FFN] blocks.4.mlp.fc1                         | 1401/1536 |   8.8% pruned
 [ATTN] blocks.5.attn.qkv                        |    5/   6 |  16.7% pruned
 [FFN] blocks.5.mlp.fc1                         | 1488/1536 |   3.1% pruned
 [ATTN] blocks.6.attn.qkv                        |    5/   6 |  16.7% pruned
 [FFN] blocks.6.mlp.fc1                         | 1508/1536 |   1.8% pruned
 [ATTN] blocks.7.attn.qkv                        |    5/   6 |  16.7% pruned
 [FFN] blocks.7.mlp.fc1                         | 1436/1536 |   6.5% pruned
 [ATTN] blocks.8.attn.qkv                        |    5/   6 |  16.7% pruned
 [FFN] blocks.8.mlp.fc1                         | 1479/1536 |   3.7% pruned
 [ATTN] blocks.9.attn.qkv                        |    5/   6 |  16.7% pruned
 [FFN] blocks.9.mlp.fc1                         | 1454/1536 |   5.3% pruned
 [ATTN] blocks.10.attn.qkv                       |    5/   6 |  16.7% pruned
 [FFN] blocks.10.mlp.fc1                        | 1276/1536 |  16.9% pruned
 [ATTN] blocks.11.attn.qkv                       |    5/   6 |  16.7% pruned
 [FFN] blocks.11.mlp.fc1                        |  750/1536 |  51.2% pruned

 Size: 71.49MB | Sparsity(weight): 11.74% | Speedup: 1.13x
===================================================================
🧹 Post-Pruning Memory Cleared & Graph Destroyed.

[Scientific Metrics - Epoch 30]
 🟢 Model Size: 81.00 MB -> 71.49 MB
 🔵 Sparsity: 9.30 %
 🟡 Speedup: 1.13x
💾 Checkpoint saved: deit_small_patch16_224_vit_pdt_ep30_sp9.30.pth
 [Normal step time] batch 100: 0.0530s
 [Normal step time] batch 200: 0.0528s
 [Normal step time] batch 300: 0.0529s
 [Normal step time] batch 400: 0.0529s
 [Normal step time] batch 500: 0.0529s
 [Normal step time] batch 600: 0.0524s
 [Normal step time] batch 700: 0.0523s
 [Normal step time] batch 800: 0.0530s
 [Normal step time] batch 900: 0.0530s
 [Normal step time] batch 1000: 0.0528s
 [Normal step time] batch 1100: 0.0530s
 [Normal step time] batch 1200: 0.0530s
 [Normal step time] batch 1300: 0.0527s
 [Normal step time] batch 1400: 0.0530s
 [Normal step time] batch 1500: 0.0530s
 [Normal step time] batch 1600: 0.0530s
 [Normal step time] batch 1700: 0.0530s
 [Normal step time] batch 1800: 0.0531s
 [Normal step time] batch 1900: 0.0530s
 [Normal step time] batch 2000: 0.0529s
Epoch 30/200 | Loss: 0.6821 | Val Acc: 76.52% | Peak VRAM: 21707.97 MB
 [Normal step time] batch 0: 0.0563s
 [Normal step time] batch 100: 0.0605s
 [Normal step time] batch 200: 0.0576s
 [Normal step time] batch 300: 0.0528s
 [Normal step time] batch 400: 0.0522s
 [Normal step time] batch 500: 0.0526s
 [Normal step time] batch 600: 0.0527s
 [Normal step time] batch 700: 0.0530s
 [Normal step time] batch 800: 0.0530s
 [Normal step time] batch 900: 0.0530s
 [Normal step time] batch 1000: 0.0529s
 [Normal step time] batch 1100: 0.0531s
 [Normal step time] batch 1200: 0.0530s
 [Normal step time] batch 1300: 0.0532s
 [Normal step time] batch 1400: 0.0578s
 [Normal step time] batch 1500: 0.0532s
 [Normal step time] batch 1600: 0.0530s
 [Normal step time] batch 1700: 0.0530s
 [Normal step time] batch 1800: 0.0530s
 [Normal step time] batch 1900: 0.0532s
 [Normal step time] batch 2000: 0.0529s
Epoch 31/200 | Loss: 0.6538 | Val Acc: 76.24% | Peak VRAM: 4692.23 MB
 [Normal step time] batch 0: 0.0560s
 [Normal step time] batch 100: 0.0530s
 [Normal step time] batch 200: 0.0530s
 [Normal step time] batch 300: 0.0530s
 [Normal step time] batch 400: 0.0529s
 [Normal step time] batch 500: 0.0530s
 [Normal step time] batch 600: 0.0527s
 [Normal step time] batch 700: 0.0526s
 [Normal step time] batch 800: 0.0530s
 [Normal step time] batch 900: 0.0590s
 [Normal step time] batch 1000: 0.0529s
 [Normal step time] batch 1100: 0.0528s
 [Normal step time] batch 1200: 0.0556s
 [Normal step time] batch 1300: 0.0533s
 [Normal step time] batch 1400: 0.0601s
 [Normal step time] batch 1500: 0.0537s
 [Normal step time] batch 1600: 0.0529s
 [Normal step time] batch 1700: 0.0533s
 [Normal step time] batch 1800: 0.0530s
 [Normal step time] batch 1900: 0.0529s
 [Normal step time] batch 2000: 0.0528s
Epoch 32/200 | Loss: 0.6424 | Val Acc: 77.14% | Peak VRAM: 4692.23 MB
 [Normal step time] batch 0: 0.0536s
 [Normal step time] batch 100: 0.0526s
 [Normal step time] batch 200: 0.0531s
 [Normal step time] batch 300: 0.0529s
 [Normal step time] batch 400: 0.0528s
 [Normal step time] batch 500: 0.0531s
 [Normal step time] batch 600: 0.0530s
 [Normal step time] batch 700: 0.0529s
 [Normal step time] batch 800: 0.0526s
 [Normal step time] batch 900: 0.0523s
 [Normal step time] batch 1000: 0.0550s
 [Normal step time] batch 1100: 0.0529s
 [Normal step time] batch 1200: 0.0534s
 [Normal step time] batch 1300: 0.0625s
 [Normal step time] batch 1400: 0.0520s
 [Normal step time] batch 1500: 0.0583s
 [Normal step time] batch 1600: 0.0528s
 [Normal step time] batch 1700: 0.0525s
 [Normal step time] batch 1800: 0.0530s
 [Normal step time] batch 1900: 0.0529s
 [Normal step time] batch 2000: 0.0527s
Epoch 33/200 | Loss: 0.6435 | Val Acc: 76.08% | Peak VRAM: 4692.23 MB
 [Normal step time] batch 0: 0.0552s
 [Normal step time] batch 100: 0.0527s
 [Normal step time] batch 200: 0.0557s
 [Normal step time] batch 300: 0.0525s
 [Normal step time] batch 400: 0.0529s
 [Normal step time] batch 500: 0.0592s
 [Normal step time] batch 600: 0.0551s
 [Normal step time] batch 700: 0.0529s
 [Normal step time] batch 800: 0.0526s
 [Normal step time] batch 900: 0.0556s
 [Normal step time] batch 1000: 0.0529s
 [Normal step time] batch 1100: 0.0529s
 [Normal step time] batch 1200: 0.0529s
 [Normal step time] batch 1300: 0.0536s
 [Normal step time] batch 1400: 0.0531s
 [Normal step time] batch 1500: 0.0570s
 [Normal step time] batch 1600: 0.0529s
 [Normal step time] batch 1700: 0.0529s
 [Normal step time] batch 1800: 0.0530s
 [Normal step time] batch 1900: 0.0528s
 [Normal step time] batch 2000: 0.0525s
Epoch 34/200 | Loss: 0.6331 | Val Acc: 76.62% | Peak VRAM: 4692.23 MB
 [Normal step time] batch 0: 0.0541s
 [Normal step time] batch 100: 0.0528s
 [Normal step time] batch 200: 0.0524s
 [Normal step time] batch 300: 0.0528s
 [Normal step time] batch 400: 0.0530s
 [Normal step time] batch 500: 0.0530s
 [Normal step time] batch 600: 0.0528s
 [Normal step time] batch 700: 0.0529s
 [Normal step time] batch 800: 0.0526s
 [Normal step time] batch 900: 0.0529s
 [Normal step time] batch 1000: 0.0529s
 [Normal step time] batch 1100: 0.0528s
 [Normal step time] batch 1200: 0.0527s
 [Normal step time] batch 1300: 0.0529s
 [Normal step time] batch 1400: 0.0523s
 [Normal step time] batch 1500: 0.0531s
 [Normal step time] batch 1600: 0.0532s
 [Normal step time] batch 1700: 0.0531s
 [Normal step time] batch 1800: 0.0528s
 [Normal step time] batch 1900: 0.0528s
 [Normal step time] batch 2000: 0.0529s
Epoch 35/200 | Loss: 0.6279 | Val Acc: 75.24% | Peak VRAM: 4692.23 MB
 [Normal step time] batch 0: 0.0533s
 [Normal step time] batch 100: 0.0530s
 [Normal step time] batch 200: 0.0531s
 [Normal step time] batch 300: 0.0548s
 [Normal step time] batch 400: 0.0533s
 [Normal step time] batch 500: 0.0523s
 [Normal step time] batch 600: 0.0529s
 [Normal step time] batch 700: 0.0531s
 [Normal step time] batch 800: 0.0524s
 [Normal step time] batch 900: 0.0529s
 [Normal step time] batch 1000: 0.0530s
 [Normal step time] batch 1100: 0.0529s
 [Normal step time] batch 1200: 0.0528s
 [Normal step time] batch 1300: 0.0527s
 [Normal step time] batch 1400: 0.0526s
 [Normal step time] batch 1500: 0.0529s
 [Normal step time] batch 1600: 0.0531s
 [Normal step time] batch 1700: 0.0529s
 [Normal step time] batch 1800: 0.0529s
 [Normal step time] batch 1900: 0.0529s
 [Normal step time] batch 2000: 0.0522s
Epoch 36/200 | Loss: 0.6236 | Val Acc: 76.58% | Peak VRAM: 4692.23 MB
 [Normal step time] batch 0: 0.0542s
 [Normal step time] batch 100: 0.0518s
 [Normal step time] batch 200: 0.0529s
 [Normal step time] batch 300: 0.0527s
 [Normal step time] batch 400: 0.0521s
 [Normal step time] batch 500: 0.0527s
 [Normal step time] batch 600: 0.0521s
 [Normal step time] batch 700: 0.0521s
 [Normal step time] batch 800: 0.0529s
 [Normal step time] batch 900: 0.0532s
 [Normal step time] batch 1000: 0.0578s
 [Normal step time] batch 1100: 0.0528s
 [Normal step time] batch 1200: 0.0528s
 [Normal step time] batch 1300: 0.0524s
 [Normal step time] batch 1400: 0.0524s
 [Normal step time] batch 1500: 0.0526s
 [Normal step time] batch 1600: 0.0523s
 [Normal step time] batch 1700: 0.0528s
 [Normal step time] batch 1800: 0.0529s
 [Normal step time] batch 1900: 0.0528s
 [Normal step time] batch 2000: 0.0535s
Epoch 37/200 | Loss: 0.6194 | Val Acc: 75.88% | Peak VRAM: 4692.23 MB
 [Normal step time] batch 0: 0.0596s
 [Normal step time] batch 100: 0.0538s
 [Normal step time] batch 200: 0.0528s
 [Normal step time] batch 300: 0.0527s
 [Normal step time] batch 400: 0.0529s
 [Normal step time] batch 500: 0.0601s
 [Normal step time] batch 600: 0.0529s
 [Normal step time] batch 700: 0.0528s
 [Normal step time] batch 800: 0.0526s
 [Normal step time] batch 900: 0.0524s
 [Normal step time] batch 1000: 0.0530s
 [Normal step time] batch 1100: 0.0528s
 [Normal step time] batch 1200: 0.0523s
 [Normal step time] batch 1300: 0.0524s
 [Normal step time] batch 1400: 0.0526s
 [Normal step time] batch 1500: 0.0528s
 [Normal step time] batch 1600: 0.0527s
 [Normal step time] batch 1700: 0.0599s
 [Normal step time] batch 1800: 0.0530s
 [Normal step time] batch 1900: 0.0529s
 [Normal step time] batch 2000: 0.0530s
Epoch 38/200 | Loss: 0.6115 | Val Acc: 76.38% | Peak VRAM: 4692.23 MB
 [Normal step time] batch 0: 0.0587s
 [Normal step time] batch 100: 0.0528s
 [Normal step time] batch 200: 0.0526s
 [Normal step time] batch 300: 0.0528s
 [Normal step time] batch 400: 0.0527s
 [Normal step time] batch 500: 0.0528s
 [Normal step time] batch 600: 0.0528s
 [Normal step time] batch 700: 0.0529s
 [Normal step time] batch 800: 0.0524s
 [Normal step time] batch 900: 0.0553s
 [Normal step time] batch 1000: 0.0528s
 [Normal step time] batch 1100: 0.0529s
 [Normal step time] batch 1200: 0.0528s
 [Normal step time] batch 1300: 0.0528s
 [Normal step time] batch 1400: 0.0528s
 [Normal step time] batch 1500: 0.0530s
 [Normal step time] batch 1600: 0.0529s
 [Normal step time] batch 1700: 0.0527s
 [Normal step time] batch 1800: 0.0528s
 [Normal step time] batch 1900: 0.0557s
 [Normal step time] batch 2000: 0.0529s
Epoch 39/200 | Loss: 0.6065 | Val Acc: 75.60% | Peak VRAM: 4692.23 MB
 [Normal step time] batch 0: 0.0536s
 [Normal step time] batch 100: 0.0527s
 [Normal step time] batch 200: 0.0527s
 [Normal step time] batch 300: 0.0529s
 [Normal step time] batch 400: 0.0529s
 [Normal step time] batch 500: 0.0530s
 [Normal step time] batch 600: 0.0530s
 [Normal step time] batch 700: 0.0529s
 [Normal step time] batch 800: 0.0530s
 [Normal step time] batch 900: 0.0529s
 [Normal step time] batch 1000: 0.0526s
 [Normal step time] batch 1100: 0.0530s
 [Normal step time] batch 1200: 0.0530s
 [Normal step time] batch 1300: 0.0534s
 [Normal step time] batch 1400: 0.0527s
 [Normal step time] batch 1500: 0.0530s
 [Normal step time] batch 1600: 0.0572s
 [Normal step time] batch 1700: 0.0528s
 [Normal step time] batch 1800: 0.0546s
 [Normal step time] batch 1900: 0.0532s
 [Normal step time] batch 2000: 0.0527s
Epoch 40/200 | Loss: 0.6080 | Val Acc: 75.56% | Peak VRAM: 4692.23 MB
 [Normal step time] batch 0: 0.0622s
 [Normal step time] batch 100: 0.0527s
 [Normal step time] batch 200: 0.0535s
 [Normal step time] batch 300: 0.0528s
 [Normal step time] batch 400: 0.0559s
 [Normal step time] batch 500: 0.0526s
 [Normal step time] batch 600: 0.0528s
 [Normal step time] batch 700: 0.0535s
 [Normal step time] batch 800: 0.0599s
 [Normal step time] batch 900: 0.0526s
 [Normal step time] batch 1000: 0.0528s
 [Normal step time] batch 1100: 0.0529s
 [Normal step time] batch 1200: 0.0526s
 [Normal step time] batch 1300: 0.0530s
 [Normal step time] batch 1400: 0.0526s
 [Normal step time] batch 1500: 0.0527s
 [Normal step time] batch 1600: 0.0530s
 [Normal step time] batch 1700: 0.0525s
 [Normal step time] batch 1800: 0.0548s
 [Normal step time] batch 1900: 0.0528s
 [Normal step time] batch 2000: 0.0529s
Epoch 41/200 | Loss: 0.6058 | Val Acc: 76.28% | Peak VRAM: 4692.23 MB
 [Normal step time] batch 0: 0.0606s
 [Normal step time] batch 100: 0.0531s
 [Normal step time] batch 200: 0.0529s
 [Normal step time] batch 300: 0.0536s
 [Normal step time] batch 400: 0.0540s
 [Normal step time] batch 500: 0.0529s
 [Normal step time] batch 600: 0.0523s
 [Normal step time] batch 700: 0.0530s
 [Normal step time] batch 800: 0.0531s
 [Normal step time] batch 900: 0.0528s
 [Normal step time] batch 1000: 0.0603s
 [Normal step time] batch 1100: 0.0529s
 [Normal step time] batch 1200: 0.0533s
 [Normal step time] batch 1300: 0.0527s
 [Normal step time] batch 1400: 0.0528s
 [Normal step time] batch 1500: 0.0571s
 [Normal step time] batch 1600: 0.0535s
 [Normal step time] batch 1700: 0.0530s
 [Normal step time] batch 1800: 0.0530s
 [Normal step time] batch 1900: 0.0523s
 [Normal step time] batch 2000: 0.0533s
Epoch 42/200 | Loss: 0.5969 | Val Acc: 75.86% | Peak VRAM: 4692.23 MB
 [Normal step time] batch 0: 0.0594s
 [Normal step time] batch 100: 0.0530s
 [Normal step time] batch 200: 0.0528s
 [Normal step time] batch 300: 0.0530s
 [Normal step time] batch 400: 0.0530s
 [Normal step time] batch 500: 0.0529s
 [Normal step time] batch 600: 0.0532s
 [Normal step time] batch 700: 0.0530s
 [Normal step time] batch 800: 0.0532s
 [Normal step time] batch 900: 0.0528s
 [Normal step time] batch 1000: 0.0529s
 [Normal step time] batch 1100: 0.0529s
 [Normal step time] batch 1200: 0.0530s
 [Normal step time] batch 1300: 0.0523s
 [Normal step time] batch 1400: 0.0530s
 [Normal step time] batch 1500: 0.0528s
 [Normal step time] batch 1600: 0.0531s
 [Normal step time] batch 1700: 0.0533s
 [Normal step time] batch 1800: 0.0532s
 [Normal step time] batch 1900: 0.0529s
 [Normal step time] batch 2000: 0.0563s
Epoch 43/200 | Loss: 0.6006 | Val Acc: 75.44% | Peak VRAM: 4692.23 MB
 [Normal step time] batch 0: 0.0569s
 [Normal step time] batch 100: 0.0529s
 [Normal step time] batch 200: 0.0525s
 [Normal step time] batch 300: 0.0535s
 [Normal step time] batch 400: 0.0533s
 [Normal step time] batch 500: 0.0529s
 [Normal step time] batch 600: 0.0531s
 [Normal step time] batch 700: 0.0548s
 [Normal step time] batch 800: 0.0530s
 [Normal step time] batch 900: 0.0529s
 [Normal step time] batch 1000: 0.0528s
 [Normal step time] batch 1100: 0.0528s
 [Normal step time] batch 1200: 0.0530s
 [Normal step time] batch 1300: 0.0531s
 [Normal step time] batch 1400: 0.0525s
 [Normal step time] batch 1500: 0.0531s
 [Normal step time] batch 1600: 0.0527s
 [Normal step time] batch 1700: 0.0529s
 [Normal step time] batch 1800: 0.0529s
 [Normal step time] batch 1900: 0.0529s
 [Normal step time] batch 2000: 0.0529s
Epoch 44/200 | Loss: 0.5966 | Val Acc: 77.02% | Peak VRAM: 4692.23 MB
 [Normal step time] batch 0: 0.0570s
 [Normal step time] batch 100: 0.0527s
 [Normal step time] batch 200: 0.0529s
 [Normal step time] batch 300: 0.0529s
 [Normal step time] batch 400: 0.0527s
 [Normal step time] batch 500: 0.0529s
 [Normal step time] batch 600: 0.0529s
 [Normal step time] batch 700: 0.0533s
 [Normal step time] batch 800: 0.0529s
 [Normal step time] batch 900: 0.0531s
 [Normal step time] batch 1000: 0.0530s
 [Normal step time] batch 1100: 0.0528s
 [Normal step time] batch 1200: 0.0526s
 [Normal step time] batch 1300: 0.0540s
 [Normal step time] batch 1400: 0.0577s
 [Normal step time] batch 1500: 0.0529s
 [Normal step time] batch 1600: 0.0529s
 [Normal step time] batch 1700: 0.0532s
 [Normal step time] batch 1800: 0.0528s
 [Normal step time] batch 1900: 0.0580s
 [Normal step time] batch 2000: 0.0529s
Epoch 45/200 | Loss: 0.5945 | Val Acc: 75.88% | Peak VRAM: 4692.23 MB
 [Normal step time] batch 0: 0.0587s
 [Normal step time] batch 100: 0.0528s
 [Normal step time] batch 200: 0.0527s
 [Normal step time] batch 300: 0.0528s
 [Normal step time] batch 400: 0.0528s
 [Normal step time] batch 500: 0.0529s
 [Normal step time] batch 600: 0.0587s
 [Normal step time] batch 700: 0.0528s
 [Normal step time] batch 800: 0.0529s
 [Normal step time] batch 900: 0.0526s
 [Normal step time] batch 1000: 0.0523s
 [Normal step time] batch 1100: 0.0529s
 [Normal step time] batch 1200: 0.0524s
 [Normal step time] batch 1300: 0.0527s
 [Normal step time] batch 1400: 0.0531s
 [Normal step time] batch 1500: 0.0527s
 [Normal step time] batch 1600: 0.0531s
 [Normal step time] batch 1700: 0.0531s
 [Normal step time] batch 1800: 0.0530s
 [Normal step time] batch 1900: 0.0535s
 [Normal step time] batch 2000: 0.0583s
Epoch 46/200 | Loss: 0.5865 | Val Acc: 75.84% | Peak VRAM: 4692.23 MB
 [Normal step time] batch 0: 0.0642s
 [Normal step time] batch 100: 0.0545s
 [Normal step time] batch 200: 0.0528s
 [Normal step time] batch 300: 0.0575s
 [Normal step time] batch 400: 0.0523s
 [Normal step time] batch 500: 0.0531s
 [Normal step time] batch 600: 0.0521s
 [Normal step time] batch 700: 0.0526s
 [Normal step time] batch 800: 0.0534s
 [Normal step time] batch 900: 0.0530s
 [Normal step time] batch 1000: 0.0528s
 [Normal step time] batch 1100: 0.0528s
 [Normal step time] batch 1200: 0.0530s
 [Normal step time] batch 1300: 0.0531s
 [Normal step time] batch 1400: 0.0572s
 [Normal step time] batch 1500: 0.0529s
 [Normal step time] batch 1600: 0.0563s
 [Normal step time] batch 1700: 0.0531s
 [Normal step time] batch 1800: 0.0527s
 [Normal step time] batch 1900: 0.0530s
 [Normal step time] batch 2000: 0.0528s
Epoch 47/200 | Loss: 0.5812 | Val Acc: 76.44% | Peak VRAM: 4692.23 MB
 [Normal step time] batch 0: 0.0556s
 [Normal step time] batch 100: 0.0527s
 [Normal step time] batch 200: 0.0530s
 [Normal step time] batch 300: 0.0528s
 [Normal step time] batch 400: 0.0532s
 [Normal step time] batch 500: 0.0530s
 [Normal step time] batch 600: 0.0527s
 [Normal step time] batch 700: 0.0533s
 [Normal step time] batch 800: 0.0530s
 [Normal step time] batch 900: 0.0524s
 [Normal step time] batch 1000: 0.0529s
 [Normal step time] batch 1100: 0.0530s
 [Normal step time] batch 1200: 0.0525s
 [Normal step time] batch 1300: 0.0530s
 [Normal step time] batch 1400: 0.0538s
 [Normal step time] batch 1500: 0.0530s
 [Normal step time] batch 1600: 0.0528s
 [Normal step time] batch 1700: 0.0556s
 [Normal step time] batch 1800: 0.0530s
 [Normal step time] batch 1900: 0.0528s
 [Normal step time] batch 2000: 0.0531s
Epoch 48/200 | Loss: 0.5785 | Val Acc: 74.80% | Peak VRAM: 4692.23 MB
 [Normal step time] batch 0: 0.0540s
 [Normal step time] batch 100: 0.0528s
 [Normal step time] batch 200: 0.0534s
 [Normal step time] batch 300: 0.0536s
 [Normal step time] batch 400: 0.0529s
 [Normal step time] batch 500: 0.0531s
 [Normal step time] batch 600: 0.0533s
 [Normal step time] batch 700: 0.0532s
 [Normal step time] batch 800: 0.0530s
 [Normal step time] batch 900: 0.0532s
 [Normal step time] batch 1000: 0.0534s
 [Normal step time] batch 1100: 0.0529s
 [Normal step time] batch 1200: 0.0529s
 [Normal step time] batch 1300: 0.0530s
 [Normal step time] batch 1400: 0.0530s
 [Normal step time] batch 1500: 0.0547s
 [Normal step time] batch 1600: 0.0545s
 [Normal step time] batch 1700: 0.0528s
 [Normal step time] batch 1800: 0.0529s
 [Normal step time] batch 1900: 0.0534s
 [Normal step time] batch 2000: 0.0530s
Epoch 49/200 | Loss: 0.5791 | Val Acc: 76.12% | Peak VRAM: 4692.23 MB

[DEBUG] >>> PRUNING @ Epoch 50

[DEBUG] === ViT PDT Pruning (k-horizon=5): Epoch 50 ===

============================== ViT PDT k-horizon Pruning Report ==============================
 k_horizon=5 | Pruned: 2776 units | Overhead: 14.85s
 [ATTN] blocks.0.attn.qkv                        |    4/   6 |  33.3% pruned
 [FFN] blocks.0.mlp.fc1                         | 1448/1536 |   5.7% pruned
 [ATTN] blocks.1.attn.qkv                        |    5/   6 |  16.7% pruned
 [FFN] blocks.1.mlp.fc1                         | 1504/1536 |   2.1% pruned
 [ATTN] blocks.2.attn.qkv                        |    3/   6 |  50.0% pruned
 [FFN] blocks.2.mlp.fc1                         | 1392/1536 |   9.4% pruned
 [ATTN] blocks.3.attn.qkv                        |    4/   6 |  33.3% pruned
 [FFN] blocks.3.mlp.fc1                         | 1292/1536 |  15.9% pruned
 [ATTN] blocks.4.attn.qkv                        |    4/   6 |  33.3% pruned
 [FFN] blocks.4.mlp.fc1                         | 1356/1536 |  11.7% pruned
 [ATTN] blocks.5.attn.qkv                        |    4/   6 |  33.3% pruned
 [FFN] blocks.5.mlp.fc1                         | 1456/1536 |   5.2% pruned
 [ATTN] blocks.6.attn.qkv                        |    5/   6 |  16.7% pruned
 [FFN] blocks.6.mlp.fc1                         | 1487/1536 |   3.2% pruned
 [ATTN] blocks.7.attn.qkv                        |    5/   6 |  16.7% pruned
 [FFN] blocks.7.mlp.fc1                         | 1385/1536 |   9.8% pruned
 [ATTN] blocks.8.attn.qkv                        |    5/   6 |  16.7% pruned
 [FFN] blocks.8.mlp.fc1                         | 1403/1536 |   8.7% pruned
 [ATTN] blocks.9.attn.qkv                        |    4/   6 |  33.3% pruned
 [FFN] blocks.9.mlp.fc1                         | 1315/1536 |  14.4% pruned
 [ATTN] blocks.10.attn.qkv                       |    5/   6 |  16.7% pruned
 [FFN] blocks.10.mlp.fc1                        |  905/1536 |  41.1% pruned
 [ATTN] blocks.11.attn.qkv                       |    4/   6 |  33.3% pruned
 [FFN] blocks.11.mlp.fc1                        |  400/1536 |  74.0% pruned

 Size: 64.45MB | Sparsity(weight): 20.43% | Speedup: 1.26x
===================================================================
🧹 Post-Pruning Memory Cleared & Graph Destroyed.

[Scientific Metrics - Epoch 50]
 🟢 Model Size: 81.00 MB -> 64.45 MB
 🔵 Sparsity: 16.80 %
 🟡 Speedup: 1.26x
💾 Checkpoint saved: deit_small_patch16_224_vit_pdt_ep50_sp16.80.pth
 [Normal step time] batch 100: 0.0530s
 [Normal step time] batch 200: 0.0529s
 [Normal step time] batch 300: 0.0528s
 [Normal step time] batch 400: 0.0529s
 [Normal step time] batch 500: 0.0586s
 [Normal step time] batch 600: 0.0526s
 [Normal step time] batch 700: 0.0529s
 [Normal step time] batch 800: 0.0529s
 [Normal step time] batch 900: 0.0528s
 [Normal step time] batch 1000: 0.0530s
 [Normal step time] batch 1100: 0.0531s
 [Normal step time] batch 1200: 0.0529s
 [Normal step time] batch 1300: 0.0530s
 [Normal step time] batch 1400: 0.0550s
 [Normal step time] batch 1500: 0.0530s
 [Normal step time] batch 1600: 0.0528s
 [Normal step time] batch 1700: 0.0530s
 [Normal step time] batch 1800: 0.0530s
 [Normal step time] batch 1900: 0.0529s
 [Normal step time] batch 2000: 0.0527s
Epoch 50/200 | Loss: 0.6146 | Val Acc: 74.66% | Peak VRAM: 21706.69 MB
 [Normal step time] batch 0: 0.0535s
 [Normal step time] batch 100: 0.0528s
 [Normal step time] batch 200: 0.0529s
 [Normal step time] batch 300: 0.0528s
 [Normal step time] batch 400: 0.0534s
 [Normal step time] batch 500: 0.0527s
 [Normal step time] batch 600: 0.0529s
 [Normal step time] batch 700: 0.0531s
 [Normal step time] batch 800: 0.0527s
 [Normal step time] batch 900: 0.0526s
 [Normal step time] batch 1000: 0.0544s
 [Normal step time] batch 1100: 0.0525s
 [Normal step time] batch 1200: 0.0530s
 [Normal step time] batch 1300: 0.0527s
 [Normal step time] batch 1400: 0.0528s
 [Normal step time] batch 1500: 0.0526s
 [Normal step time] batch 1600: 0.0525s
 [Normal step time] batch 1700: 0.0530s
 [Normal step time] batch 1800: 0.0525s
 [Normal step time] batch 1900: 0.0527s
 [Normal step time] batch 2000: 0.0575s
Epoch 51/200 | Loss: 0.5963 | Val Acc: 75.50% | Peak VRAM: 4686.10 MB
 [Normal step time] batch 0: 0.0563s
 [Normal step time] batch 100: 0.0529s
 [Normal step time] batch 200: 0.0526s
 [Normal step time] batch 300: 0.0528s
 [Normal step time] batch 400: 0.0529s
 [Normal step time] batch 500: 0.0528s
 [Normal step time] batch 600: 0.0526s
 [Normal step time] batch 700: 0.0529s
 [Normal step time] batch 800: 0.0525s
 [Normal step time] batch 900: 0.0532s
 [Normal step time] batch 1000: 0.0529s
 [Normal step time] batch 1100: 0.0532s
 [Normal step time] batch 1200: 0.0526s
 [Normal step time] batch 1300: 0.0526s
 [Normal step time] batch 1400: 0.0523s
 [Normal step time] batch 1500: 0.0656s
 [Normal step time] batch 1600: 0.0528s
 [Normal step time] batch 1700: 0.0525s
 [Normal step time] batch 1800: 0.0523s
 [Normal step time] batch 1900: 0.0531s
 [Normal step time] batch 2000: 0.0527s
Epoch 52/200 | Loss: 0.5888 | Val Acc: 74.96% | Peak VRAM: 4686.10 MB
 [Normal step time] batch 0: 0.0551s
 [Normal step time] batch 100: 0.0523s
 [Normal step time] batch 200: 0.0526s
 [Normal step time] batch 300: 0.0522s
 [Normal step time] batch 400: 0.0592s
 [Normal step time] batch 500: 0.0525s
 [Normal step time] batch 600: 0.0554s
 [Normal step time] batch 700: 0.0593s
 [Normal step time] batch 800: 0.0530s
 [Normal step time] batch 900: 0.0581s
 [Normal step time] batch 1000: 0.0525s
 [Normal step time] batch 1100: 0.0526s
 [Normal step time] batch 1200: 0.0544s
 [Normal step time] batch 1300: 0.0528s
 [Normal step time] batch 1400: 0.0531s
 [Normal step time] batch 1500: 0.0528s
 [Normal step time] batch 1600: 0.0530s
 [Normal step time] batch 1700: 0.0529s
 [Normal step time] batch 1800: 0.0526s
 [Normal step time] batch 1900: 0.0527s
 [Normal step time] batch 2000: 0.0530s
Epoch 53/200 | Loss: 0.5939 | Val Acc: 75.76% | Peak VRAM: 4686.10 MB
 [Normal step time] batch 0: 0.0596s
 [Normal step time] batch 100: 0.0537s
 [Normal step time] batch 200: 0.0527s
 [Normal step time] batch 300: 0.0529s
 [Normal step time] batch 400: 0.0532s
 [Normal step time] batch 500: 0.0580s
 [Normal step time] batch 600: 0.0528s
 [Normal step time] batch 700: 0.0588s
 [Normal step time] batch 800: 0.0528s
 [Normal step time] batch 900: 0.0532s
 [Normal step time] batch 1000: 0.0529s
 [Normal step time] batch 1100: 0.0529s
 [Normal step time] batch 1200: 0.0523s
 [Normal step time] batch 1300: 0.0528s
 [Normal step time] batch 1400: 0.0523s
 [Normal step time] batch 1500: 0.0529s
 [Normal step time] batch 1600: 0.0526s
 [Normal step time] batch 1700: 0.0529s
 [Normal step time] batch 1800: 0.0528s
 [Normal step time] batch 1900: 0.0528s
 [Normal step time] batch 2000: 0.0528s
Epoch 54/200 | Loss: 0.5843 | Val Acc: 75.58% | Peak VRAM: 4686.10 MB
 [Normal step time] batch 0: 0.0596s
 [Normal step time] batch 100: 0.0529s
 [Normal step time] batch 200: 0.0566s
 [Normal step time] batch 300: 0.0580s
 [Normal step time] batch 400: 0.0529s
 [Normal step time] batch 500: 0.0532s
 [Normal step time] batch 600: 0.0532s
 [Normal step time] batch 700: 0.0531s
 [Normal step time] batch 800: 0.0528s
 [Normal step time] batch 900: 0.0529s
 [Normal step time] batch 1000: 0.0542s
 [Normal step time] batch 1100: 0.0529s
 [Normal step time] batch 1200: 0.0528s
 [Normal step time] batch 1300: 0.0542s
 [Normal step time] batch 1400: 0.0527s
 [Normal step time] batch 1500: 0.0529s
 [Normal step time] batch 1600: 0.0528s
 [Normal step time] batch 1700: 0.0527s
 [Normal step time] batch 1800: 0.0553s
 [Normal step time] batch 1900: 0.0528s
 [Normal step time] batch 2000: 0.0527s
Epoch 55/200 | Loss: 0.5833 | Val Acc: 75.84% | Peak VRAM: 4686.10 MB
 [Normal step time] batch 0: 0.0613s
 [Normal step time] batch 100: 0.0616s
 [Normal step time] batch 200: 0.0523s
 [Normal step time] batch 300: 0.1024s
 [Normal step time] batch 400: 0.0534s
 [Normal step time] batch 500: 0.0531s
 [Normal step time] batch 600: 0.1423s
 [Normal step time] batch 700: 0.0546s
 [Normal step time] batch 800: 0.1404s
 [Normal step time] batch 900: 0.1394s
 [Normal step time] batch 1000: 0.0532s
 [Normal step time] batch 1100: 0.0529s
 [Normal step time] batch 1200: 0.0527s
 [Normal step time] batch 1300: 0.0547s
 [Normal step time] batch 1400: 0.0536s
 [Normal step time] batch 1500: 0.0530s
 [Normal step time] batch 1600: 0.0528s
 [Normal step time] batch 1700: 0.1378s
 [Normal step time] batch 1800: 0.1094s
 [Normal step time] batch 1900: 0.1392s
 [Normal step time] batch 2000: 0.0596s
Epoch 56/200 | Loss: 0.5796 | Val Acc: 75.16% | Peak VRAM: 4686.10 MB
 [Normal step time] batch 0: 0.0643s
 [Normal step time] batch 100: 0.0529s
 [Normal step time] batch 200: 0.1094s
 [Normal step time] batch 300: 0.0529s
 [Normal step time] batch 400: 0.0540s
 [Normal step time] batch 500: 0.0527s
 [Normal step time] batch 600: 0.1304s
 [Normal step time] batch 700: 0.1394s
 [Normal step time] batch 800: 0.0572s
 [Normal step time] batch 900: 0.0535s
 [Normal step time] batch 1000: 0.1373s
 [Normal step time] batch 1100: 0.0529s
 [Normal step time] batch 1200: 0.0531s
 [Normal step time] batch 1300: 0.0547s
 [Normal step time] batch 1400: 0.0533s
 [Normal step time] batch 1500: 0.0524s
 [Normal step time] batch 1600: 0.1491s
 [Normal step time] batch 1700: 0.0532s
 [Normal step time] batch 1800: 0.0528s
 [Normal step time] batch 1900: 0.1499s
 [Normal step time] batch 2000: 0.0530s
Epoch 57/200 | Loss: 0.5763 | Val Acc: 75.18% | Peak VRAM: 4686.10 MB
 [Normal step time] batch 0: 0.0584s
 [Normal step time] batch 100: 0.0530s
 [Normal step time] batch 200: 0.0530s
 [Normal step time] batch 300: 0.0527s
 [Normal step time] batch 400: 0.0538s
 [Normal step time] batch 500: 0.0528s
 [Normal step time] batch 600: 0.1300s
 [Normal step time] batch 700: 0.0531s
 [Normal step time] batch 800: 0.0528s
 [Normal step time] batch 900: 0.0602s
 [Normal step time] batch 1000: 0.1566s
 [Normal step time] batch 1100: 0.0542s
 [Normal step time] batch 1200: 0.0529s
 [Normal step time] batch 1300: 0.1164s
 [Normal step time] batch 1400: 0.0535s
 [Normal step time] batch 1500: 0.1685s
 [Normal step time] batch 1600: 0.0529s
 [Normal step time] batch 1700: 0.0534s
 [Normal step time] batch 1800: 0.1609s
 [Normal step time] batch 1900: 0.1284s
 [Normal step time] batch 2000: 0.0541s
Epoch 58/200 | Loss: 0.5758 | Val Acc: 74.96% | Peak VRAM: 4686.10 MB
 [Normal step time] batch 0: 0.0583s
 [Normal step time] batch 100: 0.1313s
 [Normal step time] batch 200: 0.0534s
 [Normal step time] batch 300: 0.0543s
 [Normal step time] batch 400: 0.1187s
 [Normal step time] batch 500: 0.0528s
 [Normal step time] batch 600: 0.1322s
 [Normal step time] batch 700: 0.0527s
 [Normal step time] batch 800: 0.1326s
 [Normal step time] batch 900: 0.0532s
 [Normal step time] batch 1000: 0.1673s
 [Normal step time] batch 1100: 0.1582s
 [Normal step time] batch 1200: 0.0532s
 [Normal step time] batch 1300: 0.1451s
 [Normal step time] batch 1400: 0.0535s
 [Normal step time] batch 1500: 0.1681s
 [Normal step time] batch 1600: 0.1405s
 [Normal step time] batch 1700: 0.0531s
 [Normal step time] batch 1800: 0.1678s
 [Normal step time] batch 1900: 0.1585s
 [Normal step time] batch 2000: 0.0531s
Epoch 59/200 | Loss: 0.5719 | Val Acc: 75.20% | Peak VRAM: 4686.10 MB
 [Normal step time] batch 0: 0.0599s
 [Normal step time] batch 100: 0.1681s
 [Normal step time] batch 200: 0.1611s
 [Normal step time] batch 300: 0.1675s
 [Normal step time] batch 400: 0.1656s
 [Normal step time] batch 500: 0.0526s
 [Normal step time] batch 600: 0.0537s
 [Normal step time] batch 700: 0.1674s
 [Normal step time] batch 800: 0.1262s
 [Normal step time] batch 900: 0.1671s
 [Normal step time] batch 1000: 0.1646s
 [Normal step time] batch 1100: 0.0588s
 [Normal step time] batch 1200: 0.1672s
 [Normal step time] batch 1300: 0.0613s
 [Normal step time] batch 1400: 0.1607s
 [Normal step time] batch 1500: 0.1486s
 [Normal step time] batch 1600: 0.1295s
 [Normal step time] batch 1700: 0.1681s
 [Normal step time] batch 1800: 0.0538s
 [Normal step time] batch 1900: 0.1672s
 [Normal step time] batch 2000: 0.0539s
Epoch 60/200 | Loss: 0.5705 | Val Acc: 75.48% | Peak VRAM: 4686.10 MB
 [Normal step time] batch 0: 0.1418s
 [Normal step time] batch 100: 0.1670s
 [Normal step time] batch 200: 0.0530s
 [Normal step time] batch 300: 0.1670s
 [Normal step time] batch 400: 0.1423s
 [Normal step time] batch 500: 0.0534s
 [Normal step time] batch 600: 0.1658s
 [Normal step time] batch 700: 0.1663s
 [Normal step time] batch 800: 0.1260s
 [Normal step time] batch 900: 0.1586s
 [Normal step time] batch 1000: 0.1371s
 [Normal step time] batch 1100: 0.1568s
 [Normal step time] batch 1200: 0.0529s
 [Normal step time] batch 1300: 0.1413s
 [Normal step time] batch 1400: 0.0530s
 [Normal step time] batch 1500: 0.1564s
 [Normal step time] batch 1600: 0.1660s
 [Normal step time] batch 1700: 0.1659s
 [Normal step time] batch 1800: 0.1415s
 [Normal step time] batch 1900: 0.0528s
 [Normal step time] batch 2000: 0.0655s
Epoch 61/200 | Loss: 0.5677 | Val Acc: 75.06% | Peak VRAM: 4686.10 MB
 [Normal step time] batch 0: 0.1750s
 [Normal step time] batch 100: 0.1640s
 [Normal step time] batch 200: 0.1745s
 [Normal step time] batch 300: 0.1699s
 [Normal step time] batch 400: 0.1284s
 [Normal step time] batch 500: 0.1746s
 [Normal step time] batch 600: 0.1176s
 [Normal step time] batch 700: 0.1499s
 [Normal step time] batch 800: 0.1334s
 [Normal step time] batch 900: 0.1410s
 [Normal step time] batch 1000: 0.0535s
 [Normal step time] batch 1100: 0.1409s
 [Normal step time] batch 1200: 0.1746s
 [Normal step time] batch 1300: 0.1703s
 [Normal step time] batch 1400: 0.1404s
 [Normal step time] batch 1500: 0.1698s
 [Normal step time] batch 1600: 0.0525s
 [Normal step time] batch 1700: 0.0531s
 [Normal step time] batch 1800: 0.1703s
 [Normal step time] batch 1900: 0.1748s
 [Normal step time] batch 2000: 0.1700s
Epoch 62/200 | Loss: 0.5672 | Val Acc: 74.46% | Peak VRAM: 4686.10 MB
 [Normal step time] batch 0: 0.1342s
 [Normal step time] batch 100: 0.1791s
 [Normal step time] batch 200: 0.0569s
 [Normal step time] batch 300: 0.1363s
 [Normal step time] batch 400: 0.1694s
 [Normal step time] batch 500: 0.1695s
 [Normal step time] batch 600: 0.1745s
 [Normal step time] batch 700: 0.1788s
 [Normal step time] batch 800: 0.0529s
 [Normal step time] batch 900: 0.0528s
 [Normal step time] batch 1000: 0.1268s
 [Normal step time] batch 1100: 0.1421s
 [Normal step time] batch 1200: 0.1693s
 [Normal step time] batch 1300: 0.1744s
 [Normal step time] batch 1400: 0.1810s
 [Normal step time] batch 1500: 0.0526s
 [Normal step time] batch 1600: 0.1331s
 [Normal step time] batch 1700: 0.1727s
 [Normal step time] batch 1800: 0.1695s
 [Normal step time] batch 1900: 0.1700s
 [Normal step time] batch 2000: 0.1746s
Epoch 63/200 | Loss: 0.5591 | Val Acc: 74.50% | Peak VRAM: 4686.10 MB
 [Normal step time] batch 0: 0.0557s
 [Normal step time] batch 100: 0.1228s
 [Normal step time] batch 200: 0.1406s
 [Normal step time] batch 300: 0.1384s
 [Normal step time] batch 400: 0.1302s
 [Normal step time] batch 500: 0.1701s
 [Normal step time] batch 600: 0.0532s
 [Normal step time] batch 700: 0.1745s
 [Normal step time] batch 800: 0.1744s
 [Normal step time] batch 900: 0.1696s
 [Normal step time] batch 1000: 0.1698s
 [Normal step time] batch 1100: 0.1745s
 [Normal step time] batch 1200: 0.0529s
 [Normal step time] batch 1300: 0.1702s
 [Normal step time] batch 1400: 0.1407s
 [Normal step time] batch 1500: 0.1748s
 [Normal step time] batch 1600: 0.1695s
 [Normal step time] batch 1700: 0.1394s
 [Normal step time] batch 1800: 0.0534s
 [Normal step time] batch 1900: 0.1379s
 [Normal step time] batch 2000: 0.1745s
Epoch 64/200 | Loss: 0.5662 | Val Acc: 75.50% | Peak VRAM: 4686.10 MB
 [Normal step time] batch 0: 0.1749s
 [Normal step time] batch 100: 0.1745s
 [Normal step time] batch 200: 0.1744s
 [Normal step time] batch 300: 0.0530s
 [Normal step time] batch 400: 0.0529s
 [Normal step time] batch 500: 0.1732s
 [Normal step time] batch 600: 0.1686s
 [Normal step time] batch 700: 0.1689s
 [Normal step time] batch 800: 0.1745s
 [Normal step time] batch 900: 0.1749s
 [Normal step time] batch 1000: 0.0535s
 [Normal step time] batch 1100: 0.0527s
 [Normal step time] batch 1200: 0.1701s
 [Normal step time] batch 1300: 0.1746s
 [Normal step time] batch 1400: 0.1683s
 [Normal step time] batch 1500: 0.1746s
 [Normal step time] batch 1600: 0.1438s
 [Normal step time] batch 1700: 0.0555s
 [Normal step time] batch 1800: 0.1682s
 [Normal step time] batch 1900: 0.1284s
 [Normal step time] batch 2000: 0.1744s
Epoch 65/200 | Loss: 0.5627 | Val Acc: 74.26% | Peak VRAM: 4686.10 MB
 [Normal step time] batch 0: 0.1815s
 [Normal step time] batch 100: 0.1744s
 [Normal step time] batch 200: 0.0528s
 [Normal step time] batch 300: 0.1746s
 [Normal step time] batch 400: 0.1673s
 [Normal step time] batch 500: 0.1674s
 [Normal step time] batch 600: 0.1752s
 [Normal step time] batch 700: 0.1542s
 [Normal step time] batch 800: 0.0530s
 [Normal step time] batch 900: 0.1745s
 [Normal step time] batch 1000: 0.1744s
 [Normal step time] batch 1100: 0.1689s
 [Normal step time] batch 1200: 0.1701s
 [Normal step time] batch 1300: 0.1435s
 [Normal step time] batch 1400: 0.1247s
 [Normal step time] batch 1500: 0.1674s
 [Normal step time] batch 1600: 0.1659s
 [Normal step time] batch 1700: 0.1686s
 [Normal step time] batch 1800: 0.1743s
 [Normal step time] batch 1900: 0.0534s
 [Normal step time] batch 2000: 0.1745s
Epoch 66/200 | Loss: 0.5616 | Val Acc: 74.68% | Peak VRAM: 4686.10 MB
 [Normal step time] batch 0: 0.1591s
 [Normal step time] batch 100: 0.1703s
 [Normal step time] batch 200: 0.1686s
 [Normal step time] batch 300: 0.1788s
 [Normal step time] batch 400: 0.1442s
 [Normal step time] batch 500: 0.0533s
 [Normal step time] batch 600: 0.1746s
 [Normal step time] batch 700: 0.1696s
 [Normal step time] batch 800: 0.1747s
 [Normal step time] batch 900: 0.1745s
 [Normal step time] batch 1000: 0.0536s
 [Normal step time] batch 1100: 0.1718s
 [Normal step time] batch 1200: 0.1699s
 [Normal step time] batch 1300: 0.1741s
 [Normal step time] batch 1400: 0.1746s
 [Normal step time] batch 1500: 0.1347s
 [Normal step time] batch 1600: 0.0528s
 [Normal step time] batch 1700: 0.0530s
 [Normal step time] batch 1800: 0.0526s
 [Normal step time] batch 1900: 0.0527s
 [Normal step time] batch 2000: 0.0523s
Epoch 67/200 | Loss: 0.5554 | Val Acc: 74.78% | Peak VRAM: 4686.10 MB
 [Normal step time] batch 0: 0.0532s
 [Normal step time] batch 100: 0.0529s
 [Normal step time] batch 200: 0.0526s
 [Normal step time] batch 300: 0.0530s
 [Normal step time] batch 400: 0.0527s
 [Normal step time] batch 500: 0.0529s
 [Normal step time] batch 600: 0.0527s
 [Normal step time] batch 700: 0.0531s
 [Normal step time] batch 800: 0.0581s
 [Normal step time] batch 900: 0.0530s
 [Normal step time] batch 1000: 0.0527s
 [Normal step time] batch 1100: 0.0529s
 [Normal step time] batch 1200: 0.0525s
 [Normal step time] batch 1300: 0.0535s
 [Normal step time] batch 1400: 0.0531s
 [Normal step time] batch 1500: 0.0527s
 [Normal step time] batch 1600: 0.0527s
 [Normal step time] batch 1700: 0.0529s
 [Normal step time] batch 1800: 0.0527s
 [Normal step time] batch 1900: 0.0530s
 [Normal step time] batch 2000: 0.0528s
Epoch 68/200 | Loss: 0.5541 | Val Acc: 74.52% | Peak VRAM: 4686.10 MB
 [Normal step time] batch 0: 0.0545s
 [Normal step time] batch 100: 0.0530s
 [Normal step time] batch 200: 0.0544s
 [Normal step time] batch 300: 0.0526s
 [Normal step time] batch 400: 0.0529s
 [Normal step time] batch 500: 0.0529s
 [Normal step time] batch 600: 0.0530s
 [Normal step time] batch 700: 0.0530s
 [Normal step time] batch 800: 0.0529s
 [Normal step time] batch 900: 0.0529s
 [Normal step time] batch 1000: 0.0530s
 [Normal step time] batch 1100: 0.0558s
 [Normal step time] batch 1200: 0.0528s
 [Normal step time] batch 1300: 0.0529s
 [Normal step time] batch 1400: 0.0531s
 [Normal step time] batch 1500: 0.0528s
 [Normal step time] batch 1600: 0.0529s
 [Normal step time] batch 1700: 0.0552s
 [Normal step time] batch 1800: 0.0529s
 [Normal step time] batch 1900: 0.0527s
 [Normal step time] batch 2000: 0.0605s
Epoch 69/200 | Loss: 0.5564 | Val Acc: 75.66% | Peak VRAM: 4686.10 MB

[DEBUG] >>> PRUNING @ Epoch 70

[DEBUG] === ViT PDT Pruning (k-horizon=5): Epoch 70 ===

============================== ViT PDT k-horizon Pruning Report ==============================
 k_horizon=5 | Pruned: 2052 units | Overhead: 13.51s
 [ATTN] blocks.0.attn.qkv                        |    4/   6 |  33.3% pruned
 [FFN] blocks.0.mlp.fc1                         | 1376/1536 |  10.4% pruned
 [ATTN] blocks.1.attn.qkv                        |    4/   6 |  33.3% pruned
 [FFN] blocks.1.mlp.fc1                         | 1420/1536 |   7.6% pruned
 [ATTN] blocks.2.attn.qkv                        |    2/   6 |  66.7% pruned
 [FFN] blocks.2.mlp.fc1                         | 1326/1536 |  13.7% pruned
 [ATTN] blocks.3.attn.qkv                        |    4/   6 |  33.3% pruned
 [FFN] blocks.3.mlp.fc1                         | 1239/1536 |  19.3% pruned
 [ATTN] blocks.4.attn.qkv                        |    3/   6 |  50.0% pruned
 [FFN] blocks.4.mlp.fc1                         | 1300/1536 |  15.4% pruned
 [ATTN] blocks.5.attn.qkv                        |    3/   6 |  50.0% pruned
 [FFN] blocks.5.mlp.fc1                         | 1387/1536 |   9.7% pruned
 [ATTN] blocks.6.attn.qkv                        |    4/   6 |  33.3% pruned
 [FFN] blocks.6.mlp.fc1                         | 1440/1536 |   6.2% pruned
 [ATTN] blocks.7.attn.qkv                        |    3/   6 |  50.0% pruned
 [FFN] blocks.7.mlp.fc1                         | 1331/1536 |  13.3% pruned
 [ATTN] blocks.8.attn.qkv                        |    3/   6 |  50.0% pruned
 [FFN] blocks.8.mlp.fc1                         | 1369/1536 |  10.9% pruned
 [ATTN] blocks.9.attn.qkv                        |    4/   6 |  33.3% pruned
 [FFN] blocks.9.mlp.fc1                         | 1196/1536 |  22.1% pruned
 [ATTN] blocks.10.attn.qkv                       |    2/   6 |  66.7% pruned
 [FFN] blocks.10.mlp.fc1                        |  696/1536 |  54.7% pruned
 [ATTN] blocks.11.attn.qkv                       |    3/   6 |  50.0% pruned
 [FFN] blocks.11.mlp.fc1                        |  250/1536 |  83.7% pruned

 Size: 56.61MB | Sparsity(weight): 30.11% | Speedup: 1.43x
===================================================================
🧹 Post-Pruning Memory Cleared & Graph Destroyed.

[Scientific Metrics - Epoch 70]
 🟢 Model Size: 81.00 MB -> 56.61 MB
 🔵 Sparsity: 22.35 %
 🟡 Speedup: 1.43x
💾 Checkpoint saved: deit_small_patch16_224_vit_pdt_ep70_sp22.35.pth
 [Normal step time] batch 100: 0.0523s
 [Normal step time] batch 200: 0.0525s
 [Normal step time] batch 300: 0.0524s
 [Normal step time] batch 400: 0.0525s
 [Normal step time] batch 500: 0.0525s
 [Normal step time] batch 600: 0.0524s
 [Normal step time] batch 700: 0.0526s
 [Normal step time] batch 800: 0.0525s
 [Normal step time] batch 900: 0.0553s
 [Normal step time] batch 1000: 0.0526s
 [Normal step time] batch 1100: 0.0523s
 [Normal step time] batch 1200: 0.0526s
 [Normal step time] batch 1300: 0.0528s
 [Normal step time] batch 1400: 0.0526s
 [Normal step time] batch 1500: 0.0525s
 [Normal step time] batch 1600: 0.0524s
 [Normal step time] batch 1700: 0.0524s
 [Normal step time] batch 1800: 0.0527s
 [Normal step time] batch 1900: 0.0525s
 [Normal step time] batch 2000: 0.0526s
Epoch 70/200 | Loss: 0.6734 | Val Acc: 73.72% | Peak VRAM: 21700.69 MB
 [Normal step time] batch 0: 0.0600s
 [Normal step time] batch 100: 0.0527s
 [Normal step time] batch 200: 0.0525s
 [Normal step time] batch 300: 0.0527s
 [Normal step time] batch 400: 0.0525s
 [Normal step time] batch 500: 0.0527s
 [Normal step time] batch 600: 0.0525s
 [Normal step time] batch 700: 0.0530s
 [Normal step time] batch 800: 0.0530s
 [Normal step time] batch 900: 0.0527s
 [Normal step time] batch 1000: 0.0553s
 [Normal step time] batch 1100: 0.0526s
 [Normal step time] batch 1200: 0.0536s
 [Normal step time] batch 1300: 0.0527s
 [Normal step time] batch 1400: 0.0525s
 [Normal step time] batch 1500: 0.0529s
 [Normal step time] batch 1600: 0.0524s
 [Normal step time] batch 1700: 0.0527s
 [Normal step time] batch 1800: 0.0525s
 [Normal step time] batch 1900: 0.0526s
 [Normal step time] batch 2000: 0.0529s
Epoch 71/200 | Loss: 0.6338 | Val Acc: 73.88% | Peak VRAM: 4682.54 MB
 [Normal step time] batch 0: 0.0596s
 [Normal step time] batch 100: 0.0525s
 [Normal step time] batch 200: 0.0528s
 [Normal step time] batch 300: 0.0526s
 [Normal step time] batch 400: 0.0545s
 [Normal step time] batch 500: 0.0528s
 [Normal step time] batch 600: 0.0526s
 [Normal step time] batch 700: 0.0526s
 [Normal step time] batch 800: 0.0525s
 [Normal step time] batch 900: 0.0526s
 [Normal step time] batch 1000: 0.0531s
 [Normal step time] batch 1100: 0.0525s
 [Normal step time] batch 1200: 0.0528s
 [Normal step time] batch 1300: 0.0522s
 [Normal step time] batch 1400: 0.0528s
 [Normal step time] batch 1500: 0.0525s
 [Normal step time] batch 1600: 0.0526s
 [Normal step time] batch 1700: 0.0527s
 [Normal step time] batch 1800: 0.0527s
 [Normal step time] batch 1900: 0.0535s
 [Normal step time] batch 2000: 0.0525s
Epoch 72/200 | Loss: 0.6169 | Val Acc: 73.82% | Peak VRAM: 4682.54 MB
 [Normal step time] batch 0: 0.0600s
 [Normal step time] batch 100: 0.0527s
 [Normal step time] batch 200: 0.0529s
 [Normal step time] batch 300: 0.0529s
 [Normal step time] batch 400: 0.0533s
 [Normal step time] batch 500: 0.0552s
 [Normal step time] batch 600: 0.0529s
 [Normal step time] batch 700: 0.0527s
 [Normal step time] batch 800: 0.0563s
 [Normal step time] batch 900: 0.0529s
 [Normal step time] batch 1000: 0.0528s
 [Normal step time] batch 1100: 0.0526s
 [Normal step time] batch 1200: 0.0527s
 [Normal step time] batch 1300: 0.0529s
 [Normal step time] batch 1400: 0.0540s
 [Normal step time] batch 1500: 0.0527s
 [Normal step time] batch 1600: 0.0529s
 [Normal step time] batch 1700: 0.0528s
 [Normal step time] batch 1800: 0.0529s
 [Normal step time] batch 1900: 0.0529s
 [Normal step time] batch 2000: 0.0605s
Epoch 73/200 | Loss: 0.6074 | Val Acc: 73.12% | Peak VRAM: 4682.54 MB
 [Normal step time] batch 0: 0.0542s
 [Normal step time] batch 100: 0.0527s
 [Normal step time] batch 200: 0.0528s
 [Normal step time] batch 300: 0.0526s
 [Normal step time] batch 400: 0.0528s
 [Normal step time] batch 500: 0.0527s
 [Normal step time] batch 600: 0.0526s
 [Normal step time] batch 700: 0.0526s
 [Normal step time] batch 800: 0.0527s
 [Normal step time] batch 900: 0.0536s
 [Normal step time] batch 1000: 0.0526s
 [Normal step time] batch 1100: 0.0526s
 [Normal step time] batch 1200: 0.0526s
 [Normal step time] batch 1300: 0.0526s
 [Normal step time] batch 1400: 0.0527s
 [Normal step time] batch 1500: 0.0526s
 [Normal step time] batch 1600: 0.0526s
 [Normal step time] batch 1700: 0.0526s
 [Normal step time] batch 1800: 0.0532s
 [Normal step time] batch 1900: 0.0527s
 [Normal step time] batch 2000: 0.0526s
Epoch 74/200 | Loss: 0.6009 | Val Acc: 72.88% | Peak VRAM: 4682.54 MB
 [Normal step time] batch 0: 0.0597s
 [Normal step time] batch 100: 0.0527s
 [Normal step time] batch 200: 0.0558s
 [Normal step time] batch 300: 0.0574s
 [Normal step time] batch 400: 0.0551s
 [Normal step time] batch 500: 0.0528s
 [Normal step time] batch 600: 0.0525s
 [Normal step time] batch 700: 0.0542s
 [Normal step time] batch 800: 0.0527s
 [Normal step time] batch 900: 0.0529s
 [Normal step time] batch 1000: 0.0526s
 [Normal step time] batch 1100: 0.0529s
 [Normal step time] batch 1200: 0.0528s
 [Normal step time] batch 1300: 0.0529s
 [Normal step time] batch 1400: 0.0530s
 [Normal step time] batch 1500: 0.0528s
 [Normal step time] batch 1600: 0.0532s
 [Normal step time] batch 1700: 0.0545s
 [Normal step time] batch 1800: 0.0526s
 [Normal step time] batch 1900: 0.0527s
 [Normal step time] batch 2000: 0.0527s
Epoch 75/200 | Loss: 0.5991 | Val Acc: 73.68% | Peak VRAM: 4682.54 MB
 [Normal step time] batch 0: 0.0557s
 [Normal step time] batch 100: 0.0566s
 [Normal step time] batch 200: 0.0528s
 [Normal step time] batch 300: 0.0535s
 [Normal step time] batch 400: 0.0527s
 [Normal step time] batch 500: 0.0585s
 [Normal step time] batch 600: 0.0581s
 [Normal step time] batch 700: 0.0526s
 [Normal step time] batch 800: 0.0526s
 [Normal step time] batch 900: 0.0526s
 [Normal step time] batch 1000: 0.0527s
 [Normal step time] batch 1100: 0.0529s
 [Normal step time] batch 1200: 0.0527s
 [Normal step time] batch 1300: 0.0605s
 [Normal step time] batch 1400: 0.0526s
 [Normal step time] batch 1500: 0.0595s
 [Normal step time] batch 1600: 0.0523s
 [Normal step time] batch 1700: 0.0525s
 [Normal step time] batch 1800: 0.0524s
 [Normal step time] batch 1900: 0.0527s
 [Normal step time] batch 2000: 0.0527s
Epoch 76/200 | Loss: 0.5976 | Val Acc: 73.34% | Peak VRAM: 4682.54 MB
 [Normal step time] batch 0: 0.0567s
 [Normal step time] batch 100: 0.0530s
 [Normal step time] batch 200: 0.0528s
 [Normal step time] batch 300: 0.0530s
 [Normal step time] batch 400: 0.0526s
 [Normal step time] batch 500: 0.0529s
 [Normal step time] batch 600: 0.0527s
 [Normal step time] batch 700: 0.0529s
 [Normal step time] batch 800: 0.0528s
 [Normal step time] batch 900: 0.0530s
 [Normal step time] batch 1000: 0.0527s
 [Normal step time] batch 1100: 0.0529s
 [Normal step time] batch 1200: 0.0524s
 [Normal step time] batch 1300: 0.0549s
 [Normal step time] batch 1400: 0.0526s
 [Normal step time] batch 1500: 0.0529s
 [Normal step time] batch 1600: 0.0531s
 [Normal step time] batch 1700: 0.0530s
 [Normal step time] batch 1800: 0.0525s
 [Normal step time] batch 1900: 0.0531s
 [Normal step time] batch 2000: 0.0526s
Epoch 77/200 | Loss: 0.5932 | Val Acc: 73.48% | Peak VRAM: 4682.54 MB
 [Normal step time] batch 0: 0.0543s
 [Normal step time] batch 100: 0.0526s
 [Normal step time] batch 200: 0.0527s
 [Normal step time] batch 300: 0.0527s
 [Normal step time] batch 400: 0.0527s
 [Normal step time] batch 500: 0.0526s
 [Normal step time] batch 600: 0.0527s
 [Normal step time] batch 700: 0.0527s
 [Normal step time] batch 800: 0.0527s
 [Normal step time] batch 900: 0.0527s
 [Normal step time] batch 1000: 0.0527s
 [Normal step time] batch 1100: 0.0527s
 [Normal step time] batch 1200: 0.0525s
 [Normal step time] batch 1300: 0.0529s
 [Normal step time] batch 1400: 0.0574s
 [Normal step time] batch 1500: 0.0527s
 [Normal step time] batch 1600: 0.0526s
 [Normal step time] batch 1700: 0.0528s
 [Normal step time] batch 1800: 0.0528s
 [Normal step time] batch 1900: 0.0528s
 [Normal step time] batch 2000: 0.0528s
Epoch 78/200 | Loss: 0.5841 | Val Acc: 73.08% | Peak VRAM: 4682.54 MB
 [Normal step time] batch 0: 0.0562s
 [Normal step time] batch 100: 0.0529s
 [Normal step time] batch 200: 0.0528s
 [Normal step time] batch 300: 0.0529s
 [Normal step time] batch 400: 0.0528s
 [Normal step time] batch 500: 0.0531s
 [Normal step time] batch 600: 0.0531s
 [Normal step time] batch 700: 0.0530s
 [Normal step time] batch 800: 0.0531s
 [Normal step time] batch 900: 0.0530s
 [Normal step time] batch 1000: 0.0527s
 [Normal step time] batch 1100: 0.0529s
 [Normal step time] batch 1200: 0.0531s
 [Normal step time] batch 1300: 0.0530s
 [Normal step time] batch 1400: 0.0529s
 [Normal step time] batch 1500: 0.0542s
 [Normal step time] batch 1600: 0.0530s
 [Normal step time] batch 1700: 0.0530s
 [Normal step time] batch 1800: 0.0616s
 [Normal step time] batch 1900: 0.0530s
 [Normal step time] batch 2000: 0.0600s
Epoch 79/200 | Loss: 0.5831 | Val Acc: 72.76% | Peak VRAM: 4682.54 MB
 [Normal step time] batch 0: 0.0571s
 [Normal step time] batch 100: 0.0527s
 [Normal step time] batch 200: 0.0528s
 [Normal step time] batch 300: 0.0569s
 [Normal step time] batch 400: 0.0527s
 [Normal step time] batch 500: 0.0545s
 [Normal step time] batch 600: 0.0527s
 [Normal step time] batch 700: 0.0527s
 [Normal step time] batch 800: 0.0525s
 [Normal step time] batch 900: 0.0528s
 [Normal step time] batch 1000: 0.0528s
 [Normal step time] batch 1100: 0.0526s
 [Normal step time] batch 1200: 0.0529s
 [Normal step time] batch 1300: 0.0528s
 [Normal step time] batch 1400: 0.0575s
 [Normal step time] batch 1500: 0.0527s
 [Normal step time] batch 1600: 0.0529s
 [Normal step time] batch 1700: 0.0532s
 [Normal step time] batch 1800: 0.0526s
 [Normal step time] batch 1900: 0.0530s
 [Normal step time] batch 2000: 0.0525s
Epoch 80/200 | Loss: 0.5790 | Val Acc: 74.06% | Peak VRAM: 4682.54 MB
 [Normal step time] batch 0: 0.0540s
 [Normal step time] batch 100: 0.0526s
 [Normal step time] batch 200: 0.0523s
 [Normal step time] batch 300: 0.0525s
 [Normal step time] batch 400: 0.0592s
 [Normal step time] batch 500: 0.0524s
 [Normal step time] batch 600: 0.0528s
 [Normal step time] batch 700: 0.0526s
 [Normal step time] batch 800: 0.0528s
 [Normal step time] batch 900: 0.0528s
 [Normal step time] batch 1000: 0.0527s
 [Normal step time] batch 1100: 0.0527s
 [Normal step time] batch 1200: 0.0529s
 [Normal step time] batch 1300: 0.0558s
 [Normal step time] batch 1400: 0.0524s
 [Normal step time] batch 1500: 0.0525s
 [Normal step time] batch 1600: 0.0525s
 [Normal step time] batch 1700: 0.0525s
 [Normal step time] batch 1800: 0.0534s
 [Normal step time] batch 1900: 0.0525s
 [Normal step time] batch 2000: 0.0523s
Epoch 81/200 | Loss: 0.5780 | Val Acc: 73.18% | Peak VRAM: 4682.54 MB
 [Normal step time] batch 0: 0.0624s
 [Normal step time] batch 100: 0.0527s
 [Normal step time] batch 200: 0.0527s
 [Normal step time] batch 300: 0.0526s
 [Normal step time] batch 400: 0.0526s
 [Normal step time] batch 500: 0.0527s
 [Normal step time] batch 600: 0.0529s
 [Normal step time] batch 700: 0.0528s
 [Normal step time] batch 800: 0.0530s
 [Normal step time] batch 900: 0.0526s
 [Normal step time] batch 1000: 0.0532s
 [Normal step time] batch 1100: 0.0535s
 [Normal step time] batch 1200: 0.0528s
 [Normal step time] batch 1300: 0.0527s
 [Normal step time] batch 1400: 0.0532s
 [Normal step time] batch 1500: 0.0530s
 [Normal step time] batch 1600: 0.0529s
 [Normal step time] batch 1700: 0.0530s
 [Normal step time] batch 1800: 0.0530s
 [Normal step time] batch 1900: 0.0599s
 [Normal step time] batch 2000: 0.0530s
Epoch 82/200 | Loss: 0.5800 | Val Acc: 73.24% | Peak VRAM: 4682.54 MB
 [Normal step time] batch 0: 0.0656s
 [Normal step time] batch 100: 0.0525s
 [Normal step time] batch 200: 0.0526s
 [Normal step time] batch 300: 0.0526s
 [Normal step time] batch 400: 0.0526s
 [Normal step time] batch 500: 0.0528s
 [Normal step time] batch 600: 0.0527s
 [Normal step time] batch 700: 0.0528s
 [Normal step time] batch 800: 0.0526s
 [Normal step time] batch 900: 0.0527s
 [Normal step time] batch 1000: 0.0527s
 [Normal step time] batch 1100: 0.0530s
 [Normal step time] batch 1200: 0.0526s
 [Normal step time] batch 1300: 0.0527s
 [Normal step time] batch 1400: 0.0527s
 [Normal step time] batch 1500: 0.0527s
 [Normal step time] batch 1600: 0.0525s
 [Normal step time] batch 1700: 0.0535s
 [Normal step time] batch 1800: 0.0577s
 [Normal step time] batch 1900: 0.0527s
 [Normal step time] batch 2000: 0.0550s
Epoch 83/200 | Loss: 0.5751 | Val Acc: 72.86% | Peak VRAM: 4682.54 MB
 [Normal step time] batch 0: 0.0608s
 [Normal step time] batch 100: 0.0529s
 [Normal step time] batch 200: 0.0529s
 [Normal step time] batch 300: 0.0529s
 [Normal step time] batch 400: 0.0527s
 [Normal step time] batch 500: 0.0600s
 [Normal step time] batch 600: 0.0528s
 [Normal step time] batch 700: 0.0524s
 [Normal step time] batch 800: 0.0526s
 [Normal step time] batch 900: 0.0527s
 [Normal step time] batch 1000: 0.0526s
 [Normal step time] batch 1100: 0.0525s
 [Normal step time] batch 1200: 0.0524s
 [Normal step time] batch 1300: 0.0526s
 [Normal step time] batch 1400: 0.0527s
 [Normal step time] batch 1500: 0.0525s
 [Normal step time] batch 1600: 0.0527s
 [Normal step time] batch 1700: 0.0529s
 [Normal step time] batch 1800: 0.0526s
 [Normal step time] batch 1900: 0.0525s
 [Normal step time] batch 2000: 0.0526s
Epoch 84/200 | Loss: 0.5733 | Val Acc: 73.82% | Peak VRAM: 4682.54 MB
 [Normal step time] batch 0: 0.0664s
 [Normal step time] batch 100: 0.0529s
 [Normal step time] batch 200: 0.0527s
 [Normal step time] batch 300: 0.0527s
 [Normal step time] batch 400: 0.0529s
 [Normal step time] batch 500: 0.0531s
 [Normal step time] batch 600: 0.0526s
 [Normal step time] batch 700: 0.0527s
 [Normal step time] batch 800: 0.0529s
 [Normal step time] batch 900: 0.0530s
 [Normal step time] batch 1000: 0.0527s
 [Normal step time] batch 1100: 0.0528s
 [Normal step time] batch 1200: 0.0590s
 [Normal step time] batch 1300: 0.0530s
 [Normal step time] batch 1400: 0.0528s
 [Normal step time] batch 1500: 0.0532s
 [Normal step time] batch 1600: 0.0525s
 [Normal step time] batch 1700: 0.0527s
 [Normal step time] batch 1800: 0.0527s
 [Normal step time] batch 1900: 0.0531s
 [Normal step time] batch 2000: 0.0528s
Epoch 85/200 | Loss: 0.5675 | Val Acc: 73.20% | Peak VRAM: 4682.54 MB
 [Normal step time] batch 0: 0.0546s
 [Normal step time] batch 100: 0.0525s
 [Normal step time] batch 200: 0.0567s
 [Normal step time] batch 300: 0.0524s
 [Normal step time] batch 400: 0.0523s
 [Normal step time] batch 500: 0.0527s
 [Normal step time] batch 600: 0.0593s
 [Normal step time] batch 700: 0.0526s
 [Normal step time] batch 800: 0.0526s
 [Normal step time] batch 900: 0.0526s
 [Normal step time] batch 1000: 0.0527s
 [Normal step time] batch 1100: 0.0527s
 [Normal step time] batch 1200: 0.0529s
 [Normal step time] batch 1300: 0.0527s
 [Normal step time] batch 1400: 0.0524s
 [Normal step time] batch 1500: 0.0526s
 [Normal step time] batch 1600: 0.0526s
 [Normal step time] batch 1700: 0.0527s
 [Normal step time] batch 1800: 0.0524s
 [Normal step time] batch 1900: 0.0528s
 [Normal step time] batch 2000: 0.0527s
Epoch 86/200 | Loss: 0.5717 | Val Acc: 73.14% | Peak VRAM: 4682.54 MB
 [Normal step time] batch 0: 0.0635s
 [Normal step time] batch 100: 0.0524s
 [Normal step time] batch 200: 0.0525s
 [Normal step time] batch 300: 0.0526s
 [Normal step time] batch 400: 0.0593s
 [Normal step time] batch 500: 0.0526s
 [Normal step time] batch 600: 0.0525s
 [Normal step time] batch 700: 0.0525s
 [Normal step time] batch 800: 0.0526s
 [Normal step time] batch 900: 0.0536s
 [Normal step time] batch 1000: 0.0526s
 [Normal step time] batch 1100: 0.0525s
 [Normal step time] batch 1200: 0.0530s
 [Normal step time] batch 1300: 0.0527s
 [Normal step time] batch 1400: 0.0526s
 [Normal step time] batch 1500: 0.0526s
 [Normal step time] batch 1600: 0.0525s
 [Normal step time] batch 1700: 0.0527s
 [Normal step time] batch 1800: 0.0589s
 [Normal step time] batch 1900: 0.0526s
 [Normal step time] batch 2000: 0.0525s
Epoch 87/200 | Loss: 0.5675 | Val Acc: 74.58% | Peak VRAM: 4682.54 MB
 [Normal step time] batch 0: 0.0593s
 [Normal step time] batch 100: 0.0526s
 [Normal step time] batch 200: 0.0525s
 [Normal step time] batch 300: 0.0528s
 [Normal step time] batch 400: 0.0528s
 [Normal step time] batch 500: 0.0531s
 [Normal step time] batch 600: 0.0527s
 [Normal step time] batch 700: 0.0527s
 [Normal step time] batch 800: 0.0525s
 [Normal step time] batch 900: 0.0527s
 [Normal step time] batch 1000: 0.0527s
 [Normal step time] batch 1100: 0.0528s
 [Normal step time] batch 1200: 0.0539s
 [Normal step time] batch 1300: 0.0535s
 [Normal step time] batch 1400: 0.0528s
 [Normal step time] batch 1500: 0.0530s
 [Normal step time] batch 1600: 0.0527s
 [Normal step time] batch 1700: 0.0529s
 [Normal step time] batch 1800: 0.0528s
 [Normal step time] batch 1900: 0.0530s
 [Normal step time] batch 2000: 0.0527s
Epoch 88/200 | Loss: 0.5652 | Val Acc: 73.80% | Peak VRAM: 4682.54 MB
 [Normal step time] batch 0: 0.0585s
 [Normal step time] batch 100: 0.0526s
 [Normal step time] batch 200: 0.0526s
 [Normal step time] batch 300: 0.0525s
 [Normal step time] batch 400: 0.0525s
 [Normal step time] batch 500: 0.0531s
 [Normal step time] batch 600: 0.0525s
 [Normal step time] batch 700: 0.0527s
 [Normal step time] batch 800: 0.0526s
 [Normal step time] batch 900: 0.0527s
 [Normal step time] batch 1000: 0.0523s
 [Normal step time] batch 1100: 0.0527s
 [Normal step time] batch 1200: 0.0528s
 [Normal step time] batch 1300: 0.0529s
 [Normal step time] batch 1400: 0.0525s
 [Normal step time] batch 1500: 0.0529s
 [Normal step time] batch 1600: 0.0528s
 [Normal step time] batch 1700: 0.0528s
 [Normal step time] batch 1800: 0.0528s
 [Normal step time] batch 1900: 0.0526s
 [Normal step time] batch 2000: 0.0528s
Epoch 89/200 | Loss: 0.5691 | Val Acc: 73.78% | Peak VRAM: 4682.54 MB

[DEBUG] >>> PRUNING @ Epoch 90

[DEBUG] === ViT PDT Pruning (k-horizon=5): Epoch 90 ===

============================== ViT PDT k-horizon Pruning Report ==============================
 k_horizon=5 | Pruned: 1398 units | Overhead: 15.55s
 [ATTN] blocks.0.attn.qkv                        |    2/   6 |  66.7% pruned
 [FFN] blocks.0.mlp.fc1                         | 1247/1536 |  18.8% pruned
 [ATTN] blocks.1.attn.qkv                        |    1/   6 |  83.3% pruned
 [FFN] blocks.1.mlp.fc1                         | 1389/1536 |   9.6% pruned
 [ATTN] blocks.2.attn.qkv                        |    2/   6 |  66.7% pruned
 [FFN] blocks.2.mlp.fc1                         | 1283/1536 |  16.5% pruned
 [ATTN] blocks.3.attn.qkv                        |    1/   6 |  83.3% pruned
 [FFN] blocks.3.mlp.fc1                         | 1201/1536 |  21.8% pruned
 [ATTN] blocks.4.attn.qkv                        |    2/   6 |  66.7% pruned
 [FFN] blocks.4.mlp.fc1                         | 1253/1536 |  18.4% pruned
 [ATTN] blocks.5.attn.qkv                        |    2/   6 |  66.7% pruned
 [FFN] blocks.5.mlp.fc1                         | 1358/1536 |  11.6% pruned
 [ATTN] blocks.6.attn.qkv                        |    2/   6 |  66.7% pruned
 [FFN] blocks.6.mlp.fc1                         | 1416/1536 |   7.8% pruned
 [ATTN] blocks.7.attn.qkv                        |    1/   6 |  83.3% pruned
 [FFN] blocks.7.mlp.fc1                         | 1305/1536 |  15.0% pruned
 [ATTN] blocks.8.attn.qkv                        |    1/   6 |  83.3% pruned
 [FFN] blocks.8.mlp.fc1                         | 1263/1536 |  17.8% pruned
 [ATTN] blocks.9.attn.qkv                        |    1/   6 |  83.3% pruned
 [FFN] blocks.9.mlp.fc1                         | 1143/1536 |  25.6% pruned
 [ATTN] blocks.10.attn.qkv                       |    0/   6 | 100.0% pruned
 [FFN] blocks.10.mlp.fc1                        |  580/1536 |  62.2% pruned
 [ATTN] blocks.11.attn.qkv                       |    1/   6 |  83.3% pruned
 [FFN] blocks.11.mlp.fc1                        |  216/1536 |  85.9% pruned

 Size: 46.00MB | Sparsity(weight): 43.21% | Speedup: 1.76x
===================================================================
🧹 Post-Pruning Memory Cleared & Graph Destroyed.

[Scientific Metrics - Epoch 90]
 🟢 Model Size: 81.00 MB -> 46.00 MB
 🔵 Sparsity: 26.12 %
 🟡 Speedup: 1.76x
💾 Checkpoint saved: deit_small_patch16_224_vit_pdt_ep90_sp26.12.pth
 [Normal step time] batch 100: 0.0537s
 [Normal step time] batch 200: 0.0543s
 [Normal step time] batch 300: 0.0534s
 [Normal step time] batch 400: 0.0533s
 [Normal step time] batch 500: 0.0534s
 [Normal step time] batch 600: 0.0534s
 [Normal step time] batch 700: 0.0535s
 [Normal step time] batch 800: 0.0535s
 [Normal step time] batch 900: 0.0531s
 [Normal step time] batch 1000: 0.0530s
 [Normal step time] batch 1100: 0.0536s
 [Normal step time] batch 1200: 0.0532s
 [Normal step time] batch 1300: 0.0532s
 [Normal step time] batch 1400: 0.0531s
 [Normal step time] batch 1500: 0.0530s
 [Normal step time] batch 1600: 0.0531s
 [Normal step time] batch 1700: 0.0532s
 [Normal step time] batch 1800: 0.0530s
 [Normal step time] batch 1900: 0.0531s
 [Normal step time] batch 2000: 0.0531s
Epoch 90/200 | Loss: 0.9880 | Val Acc: 69.08% | Peak VRAM: 21697.44 MB
 [Normal step time] batch 0: 0.0642s
 [Normal step time] batch 100: 0.0533s
 [Normal step time] batch 200: 0.0534s
 [Normal step time] batch 300: 0.0533s
 [Normal step time] batch 400: 0.0534s
 [Normal step time] batch 500: 0.0533s
 [Normal step time] batch 600: 0.0591s
 [Normal step time] batch 700: 0.0538s
 [Normal step time] batch 800: 0.0532s
 [Normal step time] batch 900: 0.0532s
 [Normal step time] batch 1000: 0.0533s
 [Normal step time] batch 1100: 0.0533s
 [Normal step time] batch 1200: 0.0533s
 [Normal step time] batch 1300: 0.0533s
 [Normal step time] batch 1400: 0.0534s
 [Normal step time] batch 1500: 0.0533s
 [Normal step time] batch 1600: 0.0534s
 [Normal step time] batch 1700: 0.0534s
 [Normal step time] batch 1800: 0.0533s
 [Normal step time] batch 1900: 0.0532s
 [Normal step time] batch 2000: 0.0532s
Epoch 91/200 | Loss: 0.7980 | Val Acc: 70.84% | Peak VRAM: 4680.76 MB
 [Normal step time] batch 0: 0.0540s
 [Normal step time] batch 100: 0.0541s
 [Normal step time] batch 200: 0.0536s
 [Normal step time] batch 300: 0.0533s
 [Normal step time] batch 400: 0.0532s
 [Normal step time] batch 500: 0.0533s
 [Normal step time] batch 600: 0.0532s
 [Normal step time] batch 700: 0.0535s
 [Normal step time] batch 800: 0.0533s
 [Normal step time] batch 900: 0.0534s
 [Normal step time] batch 1000: 0.0533s
 [Normal step time] batch 1100: 0.0533s
 [Normal step time] batch 1200: 0.0531s
 [Normal step time] batch 1300: 0.0541s
 [Normal step time] batch 1400: 0.0574s
 [Normal step time] batch 1500: 0.0608s
 [Normal step time] batch 1600: 0.0531s
 [Normal step time] batch 1700: 0.0600s
 [Normal step time] batch 1800: 0.0532s
 [Normal step time] batch 1900: 0.0535s
 [Normal step time] batch 2000: 0.0538s
Epoch 92/200 | Loss: 0.7438 | Val Acc: 72.22% | Peak VRAM: 4680.76 MB
 [Normal step time] batch 0: 0.0588s
 [Normal step time] batch 100: 0.0539s
 [Normal step time] batch 200: 0.0532s
 [Normal step time] batch 300: 0.0536s
 [Normal step time] batch 400: 0.0535s
 [Normal step time] batch 500: 0.0536s
 [Normal step time] batch 600: 0.0533s
 [Normal step time] batch 700: 0.0538s
 [Normal step time] batch 800: 0.0553s
 [Normal step time] batch 900: 0.0536s
 [Normal step time] batch 1000: 0.0532s
 [Normal step time] batch 1100: 0.0536s
 [Normal step time] batch 1200: 0.0534s
 [Normal step time] batch 1300: 0.0535s
 [Normal step time] batch 1400: 0.0533s
 [Normal step time] batch 1500: 0.0534s
 [Normal step time] batch 1600: 0.0545s
 [Normal step time] batch 1700: 0.0533s
 [Normal step time] batch 1800: 0.0534s
 [Normal step time] batch 1900: 0.0533s
 [Normal step time] batch 2000: 0.0535s
Epoch 93/200 | Loss: 0.7229 | Val Acc: 69.20% | Peak VRAM: 4680.76 MB
 [Normal step time] batch 0: 0.0563s
 [Normal step time] batch 100: 0.0531s
 [Normal step time] batch 200: 0.0535s
 [Normal step time] batch 300: 0.0532s
 [Normal step time] batch 400: 0.0531s
 [Normal step time] batch 500: 0.0535s
 [Normal step time] batch 600: 0.0532s
 [Normal step time] batch 700: 0.0575s
 [Normal step time] batch 800: 0.0541s
 [Normal step time] batch 900: 0.0532s
 [Normal step time] batch 1000: 0.0530s
 [Normal step time] batch 1100: 0.0542s
 [Normal step time] batch 1200: 0.0538s
 [Normal step time] batch 1300: 0.0531s
 [Normal step time] batch 1400: 0.0531s
 [Normal step time] batch 1500: 0.0533s
 [Normal step time] batch 1600: 0.0532s
 [Normal step time] batch 1700: 0.0534s
 [Normal step time] batch 1800: 0.0533s
 [Normal step time] batch 1900: 0.0579s
 [Normal step time] batch 2000: 0.0536s
Epoch 94/200 | Loss: 0.7046 | Val Acc: 70.98% | Peak VRAM: 4680.76 MB
 [Normal step time] batch 0: 0.0564s
 [Normal step time] batch 100: 0.0535s
 [Normal step time] batch 200: 0.0532s
 [Normal step time] batch 300: 0.0534s
 [Normal step time] batch 400: 0.0534s
 [Normal step time] batch 500: 0.0542s
 [Normal step time] batch 600: 0.0534s
 [Normal step time] batch 700: 0.0538s
 [Normal step time] batch 800: 0.0532s
 [Normal step time] batch 900: 0.0537s
 [Normal step time] batch 1000: 0.0532s
 [Normal step time] batch 1100: 0.0536s
 [Normal step time] batch 1200: 0.0539s
 [Normal step time] batch 1300: 0.0534s
 [Normal step time] batch 1400: 0.0533s
 [Normal step time] batch 1500: 0.0535s
 [Normal step time] batch 1600: 0.0533s
 [Normal step time] batch 1700: 0.0534s
 [Normal step time] batch 1800: 0.0540s
 [Normal step time] batch 1900: 0.0532s
 [Normal step time] batch 2000: 0.0585s
Epoch 95/200 | Loss: 0.6913 | Val Acc: 70.74% | Peak VRAM: 4680.76 MB
 [Normal step time] batch 0: 0.0679s
 [Normal step time] batch 100: 0.0550s
 [Normal step time] batch 200: 0.0531s
 [Normal step time] batch 300: 0.0535s
 [Normal step time] batch 400: 0.0530s
 [Normal step time] batch 500: 0.0539s
 [Normal step time] batch 600: 0.0532s
 [Normal step time] batch 700: 0.0537s
 [Normal step time] batch 800: 0.0565s
 [Normal step time] batch 900: 0.0596s
 [Normal step time] batch 1000: 0.0532s
 [Normal step time] batch 1100: 0.0546s
 [Normal step time] batch 1200: 0.0535s
 [Normal step time] batch 1300: 0.0541s
 [Normal step time] batch 1400: 0.0533s
 [Normal step time] batch 1500: 0.0530s
 [Normal step time] batch 1600: 0.0531s
 [Normal step time] batch 1700: 0.0531s
 [Normal step time] batch 1800: 0.0532s
 [Normal step time] batch 1900: 0.0598s
 [Normal step time] batch 2000: 0.0529s
Epoch 96/200 | Loss: 0.6784 | Val Acc: 71.60% | Peak VRAM: 4680.76 MB
 [Normal step time] batch 0: 0.0592s
 [Normal step time] batch 100: 0.0538s
 [Normal step time] batch 200: 0.0533s
 [Normal step time] batch 300: 0.0534s
 [Normal step time] batch 400: 0.0532s
 [Normal step time] batch 500: 0.0532s
 [Normal step time] batch 600: 0.0536s
 [Normal step time] batch 700: 0.0539s
 [Normal step time] batch 800: 0.0532s
 [Normal step time] batch 900: 0.0537s
 [Normal step time] batch 1000: 0.0533s
 [Normal step time] batch 1100: 0.0537s
 [Normal step time] batch 1200: 0.0535s
 [Normal step time] batch 1300: 0.0538s
 [Normal step time] batch 1400: 0.0533s
 [Normal step time] batch 1500: 0.0537s
 [Normal step time] batch 1600: 0.0537s
 [Normal step time] batch 1700: 0.0538s
 [Normal step time] batch 1800: 0.0532s
 [Normal step time] batch 1900: 0.0537s
 [Normal step time] batch 2000: 0.0533s
Epoch 97/200 | Loss: 0.6705 | Val Acc: 70.52% | Peak VRAM: 4680.76 MB
 [Normal step time] batch 0: 0.0655s
 [Normal step time] batch 100: 0.0538s
 [Normal step time] batch 200: 0.0532s
 [Normal step time] batch 300: 0.0532s
 [Normal step time] batch 400: 0.0534s
 [Normal step time] batch 500: 0.0536s
 [Normal step time] batch 600: 0.0533s
 [Normal step time] batch 700: 0.0534s
 [Normal step time] batch 800: 0.0536s
 [Normal step time] batch 900: 0.0594s
 [Normal step time] batch 1000: 0.0535s
 [Normal step time] batch 1100: 0.0533s
 [Normal step time] batch 1200: 0.0534s
 [Normal step time] batch 1300: 0.0538s
 [Normal step time] batch 1400: 0.0533s
 [Normal step time] batch 1500: 0.0537s
 [Normal step time] batch 1600: 0.0531s
 [Normal step time] batch 1700: 0.0532s
 [Normal step time] batch 1800: 0.0532s
 [Normal step time] batch 1900: 0.0548s
 [Normal step time] batch 2000: 0.0530s
Epoch 98/200 | Loss: 0.6690 | Val Acc: 71.14% | Peak VRAM: 4680.76 MB
 [Normal step time] batch 0: 0.0634s
 [Normal step time] batch 100: 0.0538s
 [Normal step time] batch 200: 0.0532s
 [Normal step time] batch 300: 0.0532s
 [Normal step time] batch 400: 0.0530s
 [Normal step time] batch 500: 0.0535s
 [Normal step time] batch 600: 0.0530s
 [Normal step time] batch 700: 0.0535s
 [Normal step time] batch 800: 0.0534s
 [Normal step time] batch 900: 0.0534s
 [Normal step time] batch 1000: 0.0530s
 [Normal step time] batch 1100: 0.0533s
 [Normal step time] batch 1200: 0.0530s
 [Normal step time] batch 1300: 0.0535s
 [Normal step time] batch 1400: 0.0534s
 [Normal step time] batch 1500: 0.0533s
 [Normal step time] batch 1600: 0.0548s
 [Normal step time] batch 1700: 0.0533s
 [Normal step time] batch 1800: 0.0531s
 [Normal step time] batch 1900: 0.0537s
 [Normal step time] batch 2000: 0.0530s
Epoch 99/200 | Loss: 0.6638 | Val Acc: 71.34% | Peak VRAM: 4680.76 MB
 [Normal step time] batch 0: 0.0567s
 [Normal step time] batch 100: 0.0542s
 [Normal step time] batch 200: 0.0532s
 [Normal step time] batch 300: 0.0535s
 [Normal step time] batch 400: 0.0535s
 [Normal step time] batch 500: 0.0535s
 [Normal step time] batch 600: 0.0550s
 [Normal step time] batch 700: 0.0533s
 [Normal step time] batch 800: 0.0535s
 [Normal step time] batch 900: 0.0535s
 [Normal step time] batch 1000: 0.0549s
 [Normal step time] batch 1100: 0.0536s
 [Normal step time] batch 1200: 0.0540s
 [Normal step time] batch 1300: 0.0538s
 [Normal step time] batch 1400: 0.0534s
 [Normal step time] batch 1500: 0.0533s
 [Normal step time] batch 1600: 0.0533s
 [Normal step time] batch 1700: 0.0538s
 [Normal step time] batch 1800: 0.0537s
 [Normal step time] batch 1900: 0.0533s
 [Normal step time] batch 2000: 0.0536s
Epoch 100/200 | Loss: 0.6534 | Val Acc: 71.04% | Peak VRAM: 4680.76 MB
 [Normal step time] batch 0: 0.0642s
 [Normal step time] batch 100: 0.0534s
 [Normal step time] batch 200: 0.0581s
 [Normal step time] batch 300: 0.0534s
 [Normal step time] batch 400: 0.0530s
 [Normal step time] batch 500: 0.0529s
 [Normal step time] batch 600: 0.0530s
 [Normal step time] batch 700: 0.0536s
 [Normal step time] batch 800: 0.0540s
 [Normal step time] batch 900: 0.0533s
 [Normal step time] batch 1000: 0.0530s
 [Normal step time] batch 1100: 0.0532s
 [Normal step time] batch 1200: 0.0531s
 [Normal step time] batch 1300: 0.0531s
 [Normal step time] batch 1400: 0.0532s
 [Normal step time] batch 1500: 0.0530s
 [Normal step time] batch 1600: 0.0531s
 [Normal step time] batch 1700: 0.0531s
 [Normal step time] batch 1800: 0.0583s
 [Normal step time] batch 1900: 0.0533s
 [Normal step time] batch 2000: 0.0529s
Epoch 101/200 | Loss: 0.6490 | Val Acc: 70.58% | Peak VRAM: 4680.76 MB
 [Normal step time] batch 0: 0.0578s
 [Normal step time] batch 100: 0.0529s
 [Normal step time] batch 200: 0.0578s
 [Normal step time] batch 300: 0.0530s
 [Normal step time] batch 400: 0.0530s
 [Normal step time] batch 500: 0.0563s
 [Normal step time] batch 600: 0.0537s
 [Normal step time] batch 700: 0.0532s
 [Normal step time] batch 800: 0.0530s
 [Normal step time] batch 900: 0.0536s
 [Normal step time] batch 1000: 0.0531s
 [Normal step time] batch 1100: 0.0536s
 [Normal step time] batch 1200: 0.0533s
 [Normal step time] batch 1300: 0.0535s
 [Normal step time] batch 1400: 0.0530s
 [Normal step time] batch 1500: 0.0529s
 [Normal step time] batch 1600: 0.0535s
 [Normal step time] batch 1700: 0.0534s
 [Normal step time] batch 1800: 0.0533s
 [Normal step time] batch 1900: 0.0534s
 [Normal step time] batch 2000: 0.0533s
Epoch 102/200 | Loss: 0.6431 | Val Acc: 70.96% | Peak VRAM: 4680.76 MB
 [Normal step time] batch 0: 0.0554s
 [Normal step time] batch 100: 0.0533s
 [Normal step time] batch 200: 0.0539s
 [Normal step time] batch 300: 0.0556s
 [Normal step time] batch 400: 0.0619s
 [Normal step time] batch 500: 0.0534s
 [Normal step time] batch 600: 0.0532s
 [Normal step time] batch 700: 0.0533s
 [Normal step time] batch 800: 0.0533s
 [Normal step time] batch 900: 0.0534s
 [Normal step time] batch 1000: 0.0533s
 [Normal step time] batch 1100: 0.0611s
 [Normal step time] batch 1200: 0.0533s
 [Normal step time] batch 1300: 0.0532s
 [Normal step time] batch 1400: 0.0536s
 [Normal step time] batch 1500: 0.0536s
 [Normal step time] batch 1600: 0.0534s
 [Normal step time] batch 1700: 0.0599s
 [Normal step time] batch 1800: 0.0594s
 [Normal step time] batch 1900: 0.0534s
 [Normal step time] batch 2000: 0.0534s
Epoch 103/200 | Loss: 0.6456 | Val Acc: 71.16% | Peak VRAM: 4680.76 MB
 [Normal step time] batch 0: 0.0554s
 [Normal step time] batch 100: 0.0531s
 [Normal step time] batch 200: 0.0531s
 [Normal step time] batch 300: 0.0601s
 [Normal step time] batch 400: 0.0607s
 [Normal step time] batch 500: 0.0534s
 [Normal step time] batch 600: 0.0530s
 [Normal step time] batch 700: 0.0534s
 [Normal step time] batch 800: 0.0530s
 [Normal step time] batch 900: 0.0531s
 [Normal step time] batch 1000: 0.0530s
 [Normal step time] batch 1100: 0.0529s
 [Normal step time] batch 1200: 0.0529s
 [Normal step time] batch 1300: 0.0594s
 [Normal step time] batch 1400: 0.0530s
 [Normal step time] batch 1500: 0.0529s
 [Normal step time] batch 1600: 0.0529s
 [Normal step time] batch 1700: 0.0530s
 [Normal step time] batch 1800: 0.0569s
 [Normal step time] batch 1900: 0.0562s
 [Normal step time] batch 2000: 0.0532s
Epoch 104/200 | Loss: 0.6382 | Val Acc: 70.28% | Peak VRAM: 4680.76 MB
 [Normal step time] batch 0: 0.0554s
 [Normal step time] batch 100: 0.0530s
 [Normal step time] batch 200: 0.0529s
 [Normal step time] batch 300: 0.0529s
 [Normal step time] batch 400: 0.0530s
 [Normal step time] batch 500: 0.0531s
 [Normal step time] batch 600: 0.0555s
 [Normal step time] batch 700: 0.0530s
 [Normal step time] batch 800: 0.0529s
 [Normal step time] batch 900: 0.0565s
 [Normal step time] batch 1000: 0.0539s
 [Normal step time] batch 1100: 0.0530s
 [Normal step time] batch 1200: 0.0530s
 [Normal step time] batch 1300: 0.0538s
 [Normal step time] batch 1400: 0.0530s
 [Normal step time] batch 1500: 0.0531s
 [Normal step time] batch 1600: 0.0529s
 [Normal step time] batch 1700: 0.0529s
 [Normal step time] batch 1800: 0.0591s
 [Normal step time] batch 1900: 0.0530s
 [Normal step time] batch 2000: 0.0531s
Epoch 105/200 | Loss: 0.6340 | Val Acc: 71.64% | Peak VRAM: 4680.76 MB
 [Normal step time] batch 0: 0.0571s
 [Normal step time] batch 100: 0.0538s
 [Normal step time] batch 200: 0.0534s
 [Normal step time] batch 300: 0.0535s
 [Normal step time] batch 400: 0.0532s
 [Normal step time] batch 500: 0.0543s
 [Normal step time] batch 600: 0.0533s
 [Normal step time] batch 700: 0.0533s
 [Normal step time] batch 800: 0.0533s
 [Normal step time] batch 900: 0.0534s
 [Normal step time] batch 1000: 0.0530s
 [Normal step time] batch 1100: 0.0536s
 [Normal step time] batch 1200: 0.0532s
 [Normal step time] batch 1300: 0.0536s
 [Normal step time] batch 1400: 0.0533s
 [Normal step time] batch 1500: 0.0533s
 [Normal step time] batch 1600: 0.0533s
 [Normal step time] batch 1700: 0.0534s
 [Normal step time] batch 1800: 0.0533s
 [Normal step time] batch 1900: 0.0535s
 [Normal step time] batch 2000: 0.0532s
Epoch 106/200 | Loss: 0.6322 | Val Acc: 71.44% | Peak VRAM: 4680.76 MB
 [Normal step time] batch 0: 0.0558s
 [Normal step time] batch 100: 0.0532s
 [Normal step time] batch 200: 0.0532s
 [Normal step time] batch 300: 0.0535s
 [Normal step time] batch 400: 0.0532s
 [Normal step time] batch 500: 0.0532s
 [Normal step time] batch 600: 0.0532s
 [Normal step time] batch 700: 0.0533s
 [Normal step time] batch 800: 0.0533s
 [Normal step time] batch 900: 0.0536s
 [Normal step time] batch 1000: 0.0532s
 [Normal step time] batch 1100: 0.0534s
 [Normal step time] batch 1200: 0.0532s
 [Normal step time] batch 1300: 0.0530s
 [Normal step time] batch 1400: 0.0534s
 [Normal step time] batch 1500: 0.0530s
 [Normal step time] batch 1600: 0.0537s
 [Normal step time] batch 1700: 0.0531s
 [Normal step time] batch 1800: 0.0530s
 [Normal step time] batch 1900: 0.0531s
 [Normal step time] batch 2000: 0.0530s
Epoch 107/200 | Loss: 0.6269 | Val Acc: 71.50% | Peak VRAM: 4680.76 MB
 [Normal step time] batch 0: 0.0594s
 [Normal step time] batch 100: 0.0535s
 [Normal step time] batch 200: 0.0533s
 [Normal step time] batch 300: 0.0536s
 [Normal step time] batch 400: 0.0585s
 [Normal step time] batch 500: 0.0536s
 [Normal step time] batch 600: 0.0534s
 [Normal step time] batch 700: 0.0540s
 [Normal step time] batch 800: 0.0555s
 [Normal step time] batch 900: 0.0531s
 [Normal step time] batch 1000: 0.0602s
 [Normal step time] batch 1100: 0.0530s
 [Normal step time] batch 1200: 0.0532s
 [Normal step time] batch 1300: 0.0603s
 [Normal step time] batch 1400: 0.0531s
 [Normal step time] batch 1500: 0.0531s
 [Normal step time] batch 1600: 0.0531s
 [Normal step time] batch 1700: 0.0530s
 [Normal step time] batch 1800: 0.0571s
 [Normal step time] batch 1900: 0.0538s
 [Normal step time] batch 2000: 0.0530s
Epoch 108/200 | Loss: 0.6261 | Val Acc: 71.44% | Peak VRAM: 4680.76 MB
 [Normal step time] batch 0: 0.0609s
 [Normal step time] batch 100: 0.0532s
 [Normal step time] batch 200: 0.0536s
 [Normal step time] batch 300: 0.0536s
 [Normal step time] batch 400: 0.0535s
 [Normal step time] batch 500: 0.0532s
 [Normal step time] batch 600: 0.0569s
 [Normal step time] batch 700: 0.0530s
 [Normal step time] batch 800: 0.0533s
 [Normal step time] batch 900: 0.0531s
 [Normal step time] batch 1000: 0.0534s
 [Normal step time] batch 1100: 0.0530s
 [Normal step time] batch 1200: 0.0534s
 [Normal step time] batch 1300: 0.0530s
 [Normal step time] batch 1400: 0.0537s
 [Normal step time] batch 1500: 0.0530s
 [Normal step time] batch 1600: 0.0598s
 [Normal step time] batch 1700: 0.0531s
 [Normal step time] batch 1800: 0.0534s
 [Normal step time] batch 1900: 0.0533s
 [Normal step time] batch 2000: 0.0541s
Epoch 109/200 | Loss: 0.6171 | Val Acc: 71.78% | Peak VRAM: 4680.76 MB

[DEBUG] >>> PRUNING @ Epoch 110

[DEBUG] === ViT PDT Pruning (k-horizon=5): Epoch 110 ===

============================== ViT PDT k-horizon Pruning Report ==============================
 k_horizon=5 | Pruned: 3626 units | Overhead: 14.84s
 [ATTN] blocks.0.attn.qkv                        |    2/   6 |  66.7% pruned
 [FFN] blocks.0.mlp.fc1                         | 1071/1536 |  30.3% pruned
 [ATTN] blocks.1.attn.qkv                        |    1/   6 |  83.3% pruned
 [FFN] blocks.1.mlp.fc1                         | 1256/1536 |  18.2% pruned
 [ATTN] blocks.2.attn.qkv                        |    2/   6 |  66.7% pruned
 [FFN] blocks.2.mlp.fc1                         | 1122/1536 |  27.0% pruned
 [ATTN] blocks.3.attn.qkv                        |    1/   6 |  83.3% pruned
 [FFN] blocks.3.mlp.fc1                         |  938/1536 |  38.9% pruned
 [ATTN] blocks.4.attn.qkv                        |    2/   6 |  66.7% pruned
 [FFN] blocks.4.mlp.fc1                         | 1092/1536 |  28.9% pruned
 [ATTN] blocks.5.attn.qkv                        |    2/   6 |  66.7% pruned
 [FFN] blocks.5.mlp.fc1                         | 1204/1536 |  21.6% pruned
 [ATTN] blocks.6.attn.qkv                        |    1/   6 |  83.3% pruned
 [FFN] blocks.6.mlp.fc1                         | 1193/1536 |  22.3% pruned
 [ATTN] blocks.7.attn.qkv                        |    0/   6 | 100.0% pruned
 [FFN] blocks.7.mlp.fc1                         | 1115/1536 |  27.4% pruned
 [ATTN] blocks.8.attn.qkv                        |    1/   6 |  83.3% pruned
 [FFN] blocks.8.mlp.fc1                         | 1153/1536 |  24.9% pruned
 [ATTN] blocks.9.attn.qkv                        |    1/   6 |  83.3% pruned
 [FFN] blocks.9.mlp.fc1                         | 1028/1536 |  33.1% pruned
 [ATTN] blocks.10.attn.qkv                       |    0/   6 | 100.0% pruned
 [FFN] blocks.10.mlp.fc1                        |  492/1536 |  68.0% pruned
 [ATTN] blocks.11.attn.qkv                       |    1/   6 |  83.3% pruned
 [FFN] blocks.11.mlp.fc1                        |  179/1536 |  88.3% pruned

 Size: 39.95MB | Sparsity(weight): 50.68% | Speedup: 2.03x
===================================================================
🧹 Post-Pruning Memory Cleared & Graph Destroyed.

[Scientific Metrics - Epoch 110]
 🟢 Model Size: 81.00 MB -> 39.95 MB
 🔵 Sparsity: 35.92 %
 🟡 Speedup: 2.03x
💾 Checkpoint saved: deit_small_patch16_224_vit_pdt_ep110_sp35.92.pth
 [Normal step time] batch 100: 0.0544s
 [Normal step time] batch 200: 0.0528s
 [Normal step time] batch 300: 0.0528s
 [Normal step time] batch 400: 0.0529s
 [Normal step time] batch 500: 0.0529s
 [Normal step time] batch 600: 0.0528s
 [Normal step time] batch 700: 0.0528s
 [Normal step time] batch 800: 0.0529s
 [Normal step time] batch 900: 0.0539s
 [Normal step time] batch 1000: 0.0531s
 [Normal step time] batch 1100: 0.0534s
 [Normal step time] batch 1200: 0.0532s
 [Normal step time] batch 1300: 0.0532s
 [Normal step time] batch 1400: 0.0587s
 [Normal step time] batch 1500: 0.0528s
 [Normal step time] batch 1600: 0.0545s
 [Normal step time] batch 1700: 0.0532s
 [Normal step time] batch 1800: 0.0538s
 [Normal step time] batch 1900: 0.0540s
 [Normal step time] batch 2000: 0.0531s
Epoch 110/200 | Loss: 0.7513 | Val Acc: 70.54% | Peak VRAM: 21695.16 MB
 [Normal step time] batch 0: 0.0581s
 [Normal step time] batch 100: 0.0528s
 [Normal step time] batch 200: 0.0566s
 [Normal step time] batch 300: 0.0529s
 [Normal step time] batch 400: 0.0532s
 [Normal step time] batch 500: 0.0530s
 [Normal step time] batch 600: 0.0529s
 [Normal step time] batch 700: 0.0539s
 [Normal step time] batch 800: 0.0529s
 [Normal step time] batch 900: 0.0528s
 [Normal step time] batch 1000: 0.0529s
 [Normal step time] batch 1100: 0.0529s
 [Normal step time] batch 1200: 0.0528s
 [Normal step time] batch 1300: 0.0601s
 [Normal step time] batch 1400: 0.0529s
 [Normal step time] batch 1500: 0.0529s
 [Normal step time] batch 1600: 0.0532s
 [Normal step time] batch 1700: 0.0531s
 [Normal step time] batch 1800: 0.0528s
 [Normal step time] batch 1900: 0.0535s
 [Normal step time] batch 2000: 0.0529s
Epoch 111/200 | Loss: 0.7008 | Val Acc: 70.68% | Peak VRAM: 4680.76 MB
 [Normal step time] batch 0: 0.0544s
 [Normal step time] batch 100: 0.0528s
 [Normal step time] batch 200: 0.0532s
 [Normal step time] batch 300: 0.0531s
 [Normal step time] batch 400: 0.0535s
 [Normal step time] batch 500: 0.0531s
 [Normal step time] batch 600: 0.0534s
 [Normal step time] batch 700: 0.0531s
 [Normal step time] batch 800: 0.0536s
 [Normal step time] batch 900: 0.0536s
 [Normal step time] batch 1000: 0.0531s
 [Normal step time] batch 1100: 0.0531s
 [Normal step time] batch 1200: 0.0609s
 [Normal step time] batch 1300: 0.0545s
 [Normal step time] batch 1400: 0.0569s
 [Normal step time] batch 1500: 0.0550s
 [Normal step time] batch 1600: 0.0534s
 [Normal step time] batch 1700: 0.0532s
 [Normal step time] batch 1800: 0.0534s
 [Normal step time] batch 1900: 0.0532s
 [Normal step time] batch 2000: 0.0532s
Epoch 112/200 | Loss: 0.6855 | Val Acc: 69.42% | Peak VRAM: 4680.76 MB
 [Normal step time] batch 0: 0.0679s
 [Normal step time] batch 100: 0.0528s
 [Normal step time] batch 200: 0.0603s
 [Normal step time] batch 300: 0.0529s
 [Normal step time] batch 400: 0.0530s
 [Normal step time] batch 500: 0.0539s
 [Normal step time] batch 600: 0.0532s
 [Normal step time] batch 700: 0.0530s
 [Normal step time] batch 800: 0.0603s
 [Normal step time] batch 900: 0.0532s
 [Normal step time] batch 1000: 0.0532s
 [Normal step time] batch 1100: 0.0529s
 [Normal step time] batch 1200: 0.0528s
 [Normal step time] batch 1300: 0.0529s
 [Normal step time] batch 1400: 0.0530s
 [Normal step time] batch 1500: 0.0529s
 [Normal step time] batch 1600: 0.0528s
 [Normal step time] batch 1700: 0.0528s
 [Normal step time] batch 1800: 0.0528s
 [Normal step time] batch 1900: 0.0529s
 [Normal step time] batch 2000: 0.0528s
Epoch 113/200 | Loss: 0.6731 | Val Acc: 71.58% | Peak VRAM: 4680.76 MB
 [Normal step time] batch 0: 0.0596s
 [Normal step time] batch 100: 0.0535s
 [Normal step time] batch 200: 0.0531s
 [Normal step time] batch 300: 0.0537s
 [Normal step time] batch 400: 0.0531s
 [Normal step time] batch 500: 0.0533s
 [Normal step time] batch 600: 0.0541s
 [Normal step time] batch 700: 0.0529s
 [Normal step time] batch 800: 0.0531s
 [Normal step time] batch 900: 0.0533s
 [Normal step time] batch 1000: 0.0531s
 [Normal step time] batch 1100: 0.0534s
 [Normal step time] batch 1200: 0.0531s
 [Normal step time] batch 1300: 0.0533s
 [Normal step time] batch 1400: 0.0528s
 [Normal step time] batch 1500: 0.0533s
 [Normal step time] batch 1600: 0.0528s
 [Normal step time] batch 1700: 0.0529s
 [Normal step time] batch 1800: 0.0529s
 [Normal step time] batch 1900: 0.0529s
 [Normal step time] batch 2000: 0.0529s
Epoch 114/200 | Loss: 0.6682 | Val Acc: 70.44% | Peak VRAM: 4680.76 MB
 [Normal step time] batch 0: 0.0566s
 [Normal step time] batch 100: 0.0534s
 [Normal step time] batch 200: 0.0534s
 [Normal step time] batch 300: 0.0533s
 [Normal step time] batch 400: 0.0531s
 [Normal step time] batch 500: 0.0534s
 [Normal step time] batch 600: 0.0531s
 [Normal step time] batch 700: 0.0534s
 [Normal step time] batch 800: 0.0536s
 [Normal step time] batch 900: 0.0533s
 [Normal step time] batch 1000: 0.0531s
 [Normal step time] batch 1100: 0.0529s
 [Normal step time] batch 1200: 0.0529s
 [Normal step time] batch 1300: 0.0531s
 [Normal step time] batch 1400: 0.0532s
 [Normal step time] batch 1500: 0.0529s
 [Normal step time] batch 1600: 0.0529s
 [Normal step time] batch 1700: 0.0532s
 [Normal step time] batch 1800: 0.0529s
 [Normal step time] batch 1900: 0.0529s
 [Normal step time] batch 2000: 0.0531s
Epoch 115/200 | Loss: 0.6632 | Val Acc: 70.68% | Peak VRAM: 4680.76 MB
 [Normal step time] batch 0: 0.0651s
 [Normal step time] batch 100: 0.0541s
 [Normal step time] batch 200: 0.0530s
 [Normal step time] batch 300: 0.0528s
 [Normal step time] batch 400: 0.0529s
 [Normal step time] batch 500: 0.0530s
 [Normal step time] batch 600: 0.0529s
 [Normal step time] batch 700: 0.0580s
 [Normal step time] batch 800: 0.0529s
 [Normal step time] batch 900: 0.0603s
 [Normal step time] batch 1000: 0.0528s
 [Normal step time] batch 1100: 0.0601s
 [Normal step time] batch 1200: 0.0529s
 [Normal step time] batch 1300: 0.0529s
 [Normal step time] batch 1400: 0.0529s
 [Normal step time] batch 1500: 0.0529s
 [Normal step time] batch 1600: 0.0528s
 [Normal step time] batch 1700: 0.0600s
 [Normal step time] batch 1800: 0.0561s
 [Normal step time] batch 1900: 0.0531s
 [Normal step time] batch 2000: 0.0533s
Epoch 116/200 | Loss: 0.6607 | Val Acc: 70.56% | Peak VRAM: 4680.76 MB
 [Normal step time] batch 0: 0.0608s
 [Normal step time] batch 100: 0.0529s
 [Normal step time] batch 200: 0.0532s
 [Normal step time] batch 300: 0.0531s
 [Normal step time] batch 400: 0.0531s
 [Normal step time] batch 500: 0.0530s
 [Normal step time] batch 600: 0.0530s
 [Normal step time] batch 700: 0.0531s
 [Normal step time] batch 800: 0.0531s
 [Normal step time] batch 900: 0.0534s
 [Normal step time] batch 1000: 0.0531s
 [Normal step time] batch 1100: 0.0530s
 [Normal step time] batch 1200: 0.0530s
 [Normal step time] batch 1300: 0.0531s
 [Normal step time] batch 1400: 0.0531s
 [Normal step time] batch 1500: 0.0531s
 [Normal step time] batch 1600: 0.0530s
 [Normal step time] batch 1700: 0.0530s
 [Normal step time] batch 1800: 0.0533s
 [Normal step time] batch 1900: 0.0532s
 [Normal step time] batch 2000: 0.0531s
Epoch 117/200 | Loss: 0.6469 | Val Acc: 71.14% | Peak VRAM: 4680.76 MB
 [Normal step time] batch 0: 0.0573s
 [Normal step time] batch 100: 0.0528s
 [Normal step time] batch 200: 0.0535s
 [Normal step time] batch 300: 0.0531s
 [Normal step time] batch 400: 0.0532s
 [Normal step time] batch 500: 0.0541s
 [Normal step time] batch 600: 0.0532s
 [Normal step time] batch 700: 0.0534s
 [Normal step time] batch 800: 0.0531s
 [Normal step time] batch 900: 0.0530s
 [Normal step time] batch 1000: 0.0532s
 [Normal step time] batch 1100: 0.0534s
 [Normal step time] batch 1200: 0.0532s
 [Normal step time] batch 1300: 0.0563s
 [Normal step time] batch 1400: 0.0532s
 [Normal step time] batch 1500: 0.0531s
 [Normal step time] batch 1600: 0.0552s
 [Normal step time] batch 1700: 0.0532s
 [Normal step time] batch 1800: 0.0528s
 [Normal step time] batch 1900: 0.0529s
 [Normal step time] batch 2000: 0.0542s
Epoch 118/200 | Loss: 0.6480 | Val Acc: 71.60% | Peak VRAM: 4680.76 MB
 [Normal step time] batch 0: 0.0630s
 [Normal step time] batch 100: 0.0533s
 [Normal step time] batch 200: 0.0532s
 [Normal step time] batch 300: 0.0544s
 [Normal step time] batch 400: 0.0534s
 [Normal step time] batch 500: 0.0535s
 [Normal step time] batch 600: 0.0536s
 [Normal step time] batch 700: 0.0538s
 [Normal step time] batch 800: 0.0532s
 [Normal step time] batch 900: 0.0536s
 [Normal step time] batch 1000: 0.0534s
 [Normal step time] batch 1100: 0.0559s
 [Normal step time] batch 1200: 0.0532s
 [Normal step time] batch 1300: 0.0534s
 [Normal step time] batch 1400: 0.0531s
 [Normal step time] batch 1500: 0.0535s
 [Normal step time] batch 1600: 0.0529s
 [Normal step time] batch 1700: 0.0532s
 [Normal step time] batch 1800: 0.0529s
 [Normal step time] batch 1900: 0.0530s
 [Normal step time] batch 2000: 0.0529s
Epoch 119/200 | Loss: 0.6447 | Val Acc: 70.88% | Peak VRAM: 4680.76 MB
 [Normal step time] batch 0: 0.0693s
 [Normal step time] batch 100: 0.0603s
 [Normal step time] batch 200: 0.0533s
 [Normal step time] batch 300: 0.0529s
 [Normal step time] batch 400: 0.0530s
 [Normal step time] batch 500: 0.0532s
 [Normal step time] batch 600: 0.0532s
 [Normal step time] batch 700: 0.0608s
 [Normal step time] batch 800: 0.0529s
 [Normal step time] batch 900: 0.0529s
 [Normal step time] batch 1000: 0.0528s
 [Normal step time] batch 1100: 0.0533s
 [Normal step time] batch 1200: 0.0533s
 [Normal step time] batch 1300: 0.0596s
 [Normal step time] batch 1400: 0.0531s
 [Normal step time] batch 1500: 0.0529s
 [Normal step time] batch 1600: 0.0530s
 [Normal step time] batch 1700: 0.0527s
 [Normal step time] batch 1800: 0.0529s
 [Normal step time] batch 1900: 0.0528s
 [Normal step time] batch 2000: 0.0557s
Epoch 120/200 | Loss: 0.6405 | Val Acc: 71.46% | Peak VRAM: 4680.76 MB
 [Normal step time] batch 0: 0.0584s
 [Normal step time] batch 100: 0.0533s
 [Normal step time] batch 200: 0.0542s
 [Normal step time] batch 300: 0.0533s
 [Normal step time] batch 400: 0.0530s
 [Normal step time] batch 500: 0.0536s
 [Normal step time] batch 600: 0.0533s
 [Normal step time] batch 700: 0.0531s
 [Normal step time] batch 800: 0.0531s
 [Normal step time] batch 900: 0.0530s
 [Normal step time] batch 1000: 0.0531s
 [Normal step time] batch 1100: 0.0529s
 [Normal step time] batch 1200: 0.0530s
 [Normal step time] batch 1300: 0.0529s
 [Normal step time] batch 1400: 0.0528s
 [Normal step time] batch 1500: 0.0569s
 [Normal step time] batch 1600: 0.0528s
 [Normal step time] batch 1700: 0.0529s
 [Normal step time] batch 1800: 0.0529s
 [Normal step time] batch 1900: 0.0529s
 [Normal step time] batch 2000: 0.0535s
Epoch 121/200 | Loss: 0.6417 | Val Acc: 70.98% | Peak VRAM: 4680.76 MB
 [Normal step time] batch 0: 0.0595s
 [Normal step time] batch 100: 0.0537s
 [Normal step time] batch 200: 0.0533s
 [Normal step time] batch 300: 0.0531s
 [Normal step time] batch 400: 0.0529s
 [Normal step time] batch 500: 0.0529s
 [Normal step time] batch 600: 0.0529s
 [Normal step time] batch 700: 0.0529s
 [Normal step time] batch 800: 0.0530s
 [Normal step time] batch 900: 0.0534s
 [Normal step time] batch 1000: 0.0529s
 [Normal step time] batch 1100: 0.0529s
 [Normal step time] batch 1200: 0.0529s
 [Normal step time] batch 1300: 0.0528s
 [Normal step time] batch 1400: 0.0536s
 [Normal step time] batch 1500: 0.0529s
 [Normal step time] batch 1600: 0.0531s
 [Normal step time] batch 1700: 0.0532s
 [Normal step time] batch 1800: 0.0529s
 [Normal step time] batch 1900: 0.0529s
 [Normal step time] batch 2000: 0.0532s
Epoch 122/200 | Loss: 0.6351 | Val Acc: 69.92% | Peak VRAM: 4680.76 MB
 [Normal step time] batch 0: 0.0599s
 [Normal step time] batch 100: 0.0533s
 [Normal step time] batch 200: 0.0535s
 [Normal step time] batch 300: 0.0532s
 [Normal step time] batch 400: 0.0533s
 [Normal step time] batch 500: 0.0530s
 [Normal step time] batch 600: 0.0532s
 [Normal step time] batch 700: 0.0532s
 [Normal step time] batch 800: 0.0533s
 [Normal step time] batch 900: 0.0530s
 [Normal step time] batch 1000: 0.0532s
 [Normal step time] batch 1100: 0.0531s
 [Normal step time] batch 1200: 0.0532s
 [Normal step time] batch 1300: 0.0535s
 [Normal step time] batch 1400: 0.0532s
 [Normal step time] batch 1500: 0.0530s
 [Normal step time] batch 1600: 0.0535s
 [Normal step time] batch 1700: 0.0607s
 [Normal step time] batch 1800: 0.0532s
 [Normal step time] batch 1900: 0.0551s
 [Normal step time] batch 2000: 0.0532s
Epoch 123/200 | Loss: 0.6326 | Val Acc: 70.14% | Peak VRAM: 4680.76 MB
 [Normal step time] batch 0: 0.0644s
 [Normal step time] batch 100: 0.0537s
 [Normal step time] batch 200: 0.0531s
 [Normal step time] batch 300: 0.0578s
 [Normal step time] batch 400: 0.0531s
 [Normal step time] batch 500: 0.0531s
 [Normal step time] batch 600: 0.0529s
 [Normal step time] batch 700: 0.0612s
 [Normal step time] batch 800: 0.0535s
 [Normal step time] batch 900: 0.0542s
 [Normal step time] batch 1000: 0.0530s
 [Normal step time] batch 1100: 0.0532s
 [Normal step time] batch 1200: 0.0575s
 [Normal step time] batch 1300: 0.0552s
 [Normal step time] batch 1400: 0.0531s
 [Normal step time] batch 1500: 0.0531s
 [Normal step time] batch 1600: 0.0530s
 [Normal step time] batch 1700: 0.0529s
 [Normal step time] batch 1800: 0.0529s
 [Normal step time] batch 1900: 0.0534s
 [Normal step time] batch 2000: 0.0555s
Epoch 124/200 | Loss: 0.6333 | Val Acc: 70.50% | Peak VRAM: 4680.76 MB
 [Normal step time] batch 0: 0.0688s
 [Normal step time] batch 100: 0.0530s
 [Normal step time] batch 200: 0.0532s
 [Normal step time] batch 300: 0.0530s
 [Normal step time] batch 400: 0.0529s
 [Normal step time] batch 500: 0.0541s
 [Normal step time] batch 600: 0.0528s
 [Normal step time] batch 700: 0.0531s
 [Normal step time] batch 800: 0.0532s
 [Normal step time] batch 900: 0.0537s
 [Normal step time] batch 1000: 0.0536s
 [Normal step time] batch 1100: 0.0614s
 [Normal step time] batch 1200: 0.0530s
 [Normal step time] batch 1300: 0.0532s
 [Normal step time] batch 1400: 0.0534s
 [Normal step time] batch 1500: 0.0537s
 [Normal step time] batch 1600: 0.0532s
 [Normal step time] batch 1700: 0.0531s
 [Normal step time] batch 1800: 0.0532s
 [Normal step time] batch 1900: 0.0531s
 [Normal step time] batch 2000: 0.0532s
Epoch 125/200 | Loss: 0.6273 | Val Acc: 70.08% | Peak VRAM: 4680.76 MB
 [Normal step time] batch 0: 0.0602s
 [Normal step time] batch 100: 0.0533s
 [Normal step time] batch 200: 0.0531s
 [Normal step time] batch 300: 0.0530s
 [Normal step time] batch 400: 0.0535s
 [Normal step time] batch 500: 0.0531s
 [Normal step time] batch 600: 0.0529s
 [Normal step time] batch 700: 0.0531s
 [Normal step time] batch 800: 0.0564s
 [Normal step time] batch 900: 0.0536s
 [Normal step time] batch 1000: 0.0529s
 [Normal step time] batch 1100: 0.0531s
 [Normal step time] batch 1200: 0.0550s
 [Normal step time] batch 1300: 0.0533s
 [Normal step time] batch 1400: 0.0541s
 [Normal step time] batch 1500: 0.0529s
 [Normal step time] batch 1600: 0.0535s
 [Normal step time] batch 1700: 0.0536s
 [Normal step time] batch 1800: 0.0530s
 [Normal step time] batch 1900: 0.0532s
 [Normal step time] batch 2000: 0.0533s
Epoch 126/200 | Loss: 0.6298 | Val Acc: 70.40% | Peak VRAM: 4680.76 MB
 [Normal step time] batch 0: 0.0628s
 [Normal step time] batch 100: 0.0537s
 [Normal step time] batch 200: 0.0532s
 [Normal step time] batch 300: 0.0531s
 [Normal step time] batch 400: 0.0532s
 [Normal step time] batch 500: 0.0531s
 [Normal step time] batch 600: 0.0532s
 [Normal step time] batch 700: 0.0529s
 [Normal step time] batch 800: 0.0612s
 [Normal step time] batch 900: 0.0537s
 [Normal step time] batch 1000: 0.0555s
 [Normal step time] batch 1100: 0.0532s
 [Normal step time] batch 1200: 0.0531s
 [Normal step time] batch 1300: 0.0567s
 [Normal step time] batch 1400: 0.0539s
 [Normal step time] batch 1500: 0.0532s
 [Normal step time] batch 1600: 0.0530s
 [Normal step time] batch 1700: 0.0535s
 [Normal step time] batch 1800: 0.0534s
 [Normal step time] batch 1900: 0.0550s
 [Normal step time] batch 2000: 0.0536s
Epoch 127/200 | Loss: 0.6281 | Val Acc: 71.10% | Peak VRAM: 4680.76 MB
 [Normal step time] batch 0: 0.0543s
 [Normal step time] batch 100: 0.0533s
 [Normal step time] batch 200: 0.0543s
 [Normal step time] batch 300: 0.0530s
 [Normal step time] batch 400: 0.0529s
 [Normal step time] batch 500: 0.0527s
 [Normal step time] batch 600: 0.0538s
 [Normal step time] batch 700: 0.0527s
 [Normal step time] batch 800: 0.0527s
 [Normal step time] batch 900: 0.0527s
 [Normal step time] batch 1000: 0.0528s
 [Normal step time] batch 1100: 0.0567s
 [Normal step time] batch 1200: 0.0528s
 [Normal step time] batch 1300: 0.0532s
 [Normal step time] batch 1400: 0.0528s
 [Normal step time] batch 1500: 0.0530s
 [Normal step time] batch 1600: 0.0530s
 [Normal step time] batch 1700: 0.0529s
 [Normal step time] batch 1800: 0.0536s
 [Normal step time] batch 1900: 0.0529s
 [Normal step time] batch 2000: 0.0531s
Epoch 128/200 | Loss: 0.6275 | Val Acc: 69.36% | Peak VRAM: 4680.76 MB
 [Normal step time] batch 0: 0.0566s
 [Normal step time] batch 100: 0.0533s
 [Normal step time] batch 200: 0.0530s
 [Normal step time] batch 300: 0.0531s
 [Normal step time] batch 400: 0.0531s
 [Normal step time] batch 500: 0.0530s
 [Normal step time] batch 600: 0.0532s
 [Normal step time] batch 700: 0.0544s
 [Normal step time] batch 800: 0.0532s
 [Normal step time] batch 900: 0.0529s
 [Normal step time] batch 1000: 0.0532s
 [Normal step time] batch 1100: 0.0532s
 [Normal step time] batch 1200: 0.0531s
 [Normal step time] batch 1300: 0.0529s
 [Normal step time] batch 1400: 0.0531s
 [Normal step time] batch 1500: 0.0533s
 [Normal step time] batch 1600: 0.0530s
 [Normal step time] batch 1700: 0.0580s
 [Normal step time] batch 1800: 0.0535s
 [Normal step time] batch 1900: 0.0572s
 [Normal step time] batch 2000: 0.0533s
Epoch 129/200 | Loss: 0.6280 | Val Acc: 70.00% | Peak VRAM: 4680.76 MB

[DEBUG] >>> PRUNING @ Epoch 130

[DEBUG] === ViT PDT Pruning (k-horizon=5): Epoch 130 ===

============================== ViT PDT k-horizon Pruning Report ==============================
 k_horizon=5 | Pruned: 2840 units | Overhead: 13.63s
 [ATTN] blocks.0.attn.qkv                        |    2/   6 |  66.7% pruned
 [FFN] blocks.0.mlp.fc1                         |  968/1536 |  37.0% pruned
 [ATTN] blocks.1.attn.qkv                        |    1/   6 |  83.3% pruned
 [FFN] blocks.1.mlp.fc1                         | 1155/1536 |  24.8% pruned
 [ATTN] blocks.2.attn.qkv                        |    0/   6 | 100.0% pruned
 [FFN] blocks.2.mlp.fc1                         | 1023/1536 |  33.4% pruned
 [ATTN] blocks.3.attn.qkv                        |    1/   6 |  83.3% pruned
 [FFN] blocks.3.mlp.fc1                         |  831/1536 |  45.9% pruned
 [ATTN] blocks.4.attn.qkv                        |    1/   6 |  83.3% pruned
 [FFN] blocks.4.mlp.fc1                         | 1030/1536 |  32.9% pruned
 [ATTN] blocks.5.attn.qkv                        |    2/   6 |  66.7% pruned
 [FFN] blocks.5.mlp.fc1                         | 1028/1536 |  33.1% pruned
 [ATTN] blocks.6.attn.qkv                        |    1/   6 |  83.3% pruned
 [FFN] blocks.6.mlp.fc1                         |  949/1536 |  38.2% pruned
 [ATTN] blocks.7.attn.qkv                        |    0/   6 | 100.0% pruned
 [FFN] blocks.7.mlp.fc1                         | 1005/1536 |  34.6% pruned
 [ATTN] blocks.8.attn.qkv                        |    1/   6 |  83.3% pruned
 [FFN] blocks.8.mlp.fc1                         | 1077/1536 |  29.9% pruned
 [ATTN] blocks.9.attn.qkv                        |    1/   6 |  83.3% pruned
 [FFN] blocks.9.mlp.fc1                         |  844/1536 |  45.1% pruned
 [ATTN] blocks.10.attn.qkv                       |    0/   6 | 100.0% pruned
 [FFN] blocks.10.mlp.fc1                        |  359/1536 |  76.6% pruned
 [ATTN] blocks.11.attn.qkv                       |    1/   6 |  83.3% pruned
 [FFN] blocks.11.mlp.fc1                        |  157/1536 |  89.8% pruned

 Size: 34.67MB | Sparsity(weight): 57.20% | Speedup: 2.34x
===================================================================
🧹 Post-Pruning Memory Cleared & Graph Destroyed.

[Scientific Metrics - Epoch 130]
 🟢 Model Size: 81.00 MB -> 34.67 MB
 🔵 Sparsity: 43.60 %
 🟡 Speedup: 2.34x
💾 Checkpoint saved: deit_small_patch16_224_vit_pdt_ep130_sp43.60.pth
 [Normal step time] batch 100: 0.0530s
 [Normal step time] batch 200: 0.0530s
 [Normal step time] batch 300: 0.0536s
 [Normal step time] batch 400: 0.0555s
 [Normal step time] batch 500: 0.0539s
 [Normal step time] batch 600: 0.0537s
 [Normal step time] batch 700: 0.0576s
 [Normal step time] batch 800: 0.0529s
 [Normal step time] batch 900: 0.0540s
 [Normal step time] batch 1000: 0.0534s
 [Normal step time] batch 1100: 0.0538s
 [Normal step time] batch 1200: 0.0533s
 [Normal step time] batch 1300: 0.0546s
 [Normal step time] batch 1400: 0.0529s
 [Normal step time] batch 1500: 0.0532s
 [Normal step time] batch 1600: 0.0531s
 [Normal step time] batch 1700: 0.0541s
 [Normal step time] batch 1800: 0.0529s
 [Normal step time] batch 1900: 0.0532s
 [Normal step time] batch 2000: 0.0532s
Epoch 130/200 | Loss: 0.8017 | Val Acc: 69.78% | Peak VRAM: 21695.16 MB
 [Normal step time] batch 0: 0.0568s
 [Normal step time] batch 100: 0.0533s
 [Normal step time] batch 200: 0.0532s
 [Normal step time] batch 300: 0.0533s
 [Normal step time] batch 400: 0.0531s
 [Normal step time] batch 500: 0.0532s
 [Normal step time] batch 600: 0.0533s
 [Normal step time] batch 700: 0.0533s
 [Normal step time] batch 800: 0.0531s
 [Normal step time] batch 900: 0.0529s
 [Normal step time] batch 1000: 0.0533s
 [Normal step time] batch 1100: 0.0542s
 [Normal step time] batch 1200: 0.0530s
 [Normal step time] batch 1300: 0.0541s
 [Normal step time] batch 1400: 0.0533s
 [Normal step time] batch 1500: 0.0593s
 [Normal step time] batch 1600: 0.0598s
 [Normal step time] batch 1700: 0.0534s
 [Normal step time] batch 1800: 0.0535s
 [Normal step time] batch 1900: 0.0531s
 [Normal step time] batch 2000: 0.0533s
Epoch 131/200 | Loss: 0.7316 | Val Acc: 69.12% | Peak VRAM: 4680.76 MB
 [Normal step time] batch 0: 0.0575s
 [Normal step time] batch 100: 0.0532s
 [Normal step time] batch 200: 0.0531s
 [Normal step time] batch 300: 0.0533s
 [Normal step time] batch 400: 0.0530s
 [Normal step time] batch 500: 0.0592s
 [Normal step time] batch 600: 0.0532s
 [Normal step time] batch 700: 0.0536s
 [Normal step time] batch 800: 0.0531s
 [Normal step time] batch 900: 0.0533s
 [Normal step time] batch 1000: 0.0529s
 [Normal step time] batch 1100: 0.0597s
 [Normal step time] batch 1200: 0.0586s
 [Normal step time] batch 1300: 0.0529s
 [Normal step time] batch 1400: 0.0533s
 [Normal step time] batch 1500: 0.0550s
 [Normal step time] batch 1600: 0.0590s
 [Normal step time] batch 1700: 0.0538s
 [Normal step time] batch 1800: 0.0559s
 [Normal step time] batch 1900: 0.0532s
 [Normal step time] batch 2000: 0.0544s
Epoch 132/200 | Loss: 0.7184 | Val Acc: 69.46% | Peak VRAM: 4680.76 MB
 [Normal step time] batch 0: 0.0612s
 [Normal step time] batch 100: 0.0543s
 [Normal step time] batch 200: 0.0532s
 [Normal step time] batch 300: 0.0534s
 [Normal step time] batch 400: 0.0543s
 [Normal step time] batch 500: 0.0531s
 [Normal step time] batch 600: 0.0527s
 [Normal step time] batch 700: 0.0529s
 [Normal step time] batch 800: 0.0527s
 [Normal step time] batch 900: 0.0556s
 [Normal step time] batch 1000: 0.0528s
 [Normal step time] batch 1100: 0.0529s
 [Normal step time] batch 1200: 0.0529s
 [Normal step time] batch 1300: 0.0530s
 [Normal step time] batch 1400: 0.0562s
 [Normal step time] batch 1500: 0.0529s
 [Normal step time] batch 1600: 0.0601s
 [Normal step time] batch 1700: 0.0529s
 [Normal step time] batch 1800: 0.0529s
 [Normal step time] batch 1900: 0.0529s
 [Normal step time] batch 2000: 0.0609s
Epoch 133/200 | Loss: 0.7060 | Val Acc: 69.08% | Peak VRAM: 4680.76 MB
 [Normal step time] batch 0: 0.0574s
 [Normal step time] batch 100: 0.0531s
 [Normal step time] batch 200: 0.0529s
 [Normal step time] batch 300: 0.0529s
 [Normal step time] batch 400: 0.0531s
 [Normal step time] batch 500: 0.0530s
 [Normal step time] batch 600: 0.0529s
 [Normal step time] batch 700: 0.0531s
 [Normal step time] batch 800: 0.0531s
 [Normal step time] batch 900: 0.0532s
 [Normal step time] batch 1000: 0.0598s
 [Normal step time] batch 1100: 0.0530s
 [Normal step time] batch 1200: 0.0534s
 [Normal step time] batch 1300: 0.0531s
 [Normal step time] batch 1400: 0.0530s
 [Normal step time] batch 1500: 0.0529s
 [Normal step time] batch 1600: 0.0528s
 [Normal step time] batch 1700: 0.0529s
 [Normal step time] batch 1800: 0.0529s
 [Normal step time] batch 1900: 0.0528s
 [Normal step time] batch 2000: 0.0532s
Epoch 134/200 | Loss: 0.7013 | Val Acc: 69.44% | Peak VRAM: 4680.76 MB
 [Normal step time] batch 0: 0.0572s
 [Normal step time] batch 100: 0.0531s
 [Normal step time] batch 200: 0.0528s
 [Normal step time] batch 300: 0.0531s
 [Normal step time] batch 400: 0.0602s
 [Normal step time] batch 500: 0.0531s
 [Normal step time] batch 600: 0.0529s
 [Normal step time] batch 700: 0.0530s
 [Normal step time] batch 800: 0.0553s
 [Normal step time] batch 900: 0.0537s
 [Normal step time] batch 1000: 0.0533s
 [Normal step time] batch 1100: 0.0534s
 [Normal step time] batch 1200: 0.0539s
 [Normal step time] batch 1300: 0.0535s
 [Normal step time] batch 1400: 0.0534s
 [Normal step time] batch 1500: 0.0535s
 [Normal step time] batch 1600: 0.0531s
 [Normal step time] batch 1700: 0.0537s
 [Normal step time] batch 1800: 0.0531s
 [Normal step time] batch 1900: 0.0536s
 [Normal step time] batch 2000: 0.0533s
Epoch 135/200 | Loss: 0.6918 | Val Acc: 68.20% | Peak VRAM: 4680.76 MB
 [Normal step time] batch 0: 0.0682s
 [Normal step time] batch 100: 0.0533s
 [Normal step time] batch 200: 0.0545s
 [Normal step time] batch 300: 0.0533s
 [Normal step time] batch 400: 0.0532s
 [Normal step time] batch 500: 0.0531s
 [Normal step time] batch 600: 0.0531s
 [Normal step time] batch 700: 0.0527s
 [Normal step time] batch 800: 0.0529s
 [Normal step time] batch 900: 0.0541s
 [Normal step time] batch 1000: 0.0532s
 [Normal step time] batch 1100: 0.0533s
 [Normal step time] batch 1200: 0.0535s
 [Normal step time] batch 1300: 0.0531s
 [Normal step time] batch 1400: 0.0542s
 [Normal step time] batch 1500: 0.0530s
 [Normal step time] batch 1600: 0.0532s
 [Normal step time] batch 1700: 0.0601s
 [Normal step time] batch 1800: 0.0531s
 [Normal step time] batch 1900: 0.0529s
 [Normal step time] batch 2000: 0.0530s
Epoch 136/200 | Loss: 0.6888 | Val Acc: 69.18% | Peak VRAM: 4680.76 MB
 [Normal step time] batch 0: 0.0763s
 [Normal step time] batch 100: 0.0529s
 [Normal step time] batch 200: 0.0564s
 [Normal step time] batch 300: 0.0531s
 [Normal step time] batch 400: 0.0536s
 [Normal step time] batch 500: 0.0532s
 [Normal step time] batch 600: 0.0533s
 [Normal step time] batch 700: 0.0529s
 [Normal step time] batch 800: 0.0529s
 [Normal step time] batch 900: 0.0530s
 [Normal step time] batch 1000: 0.0564s
 [Normal step time] batch 1100: 0.0529s
 [Normal step time] batch 1200: 0.0541s
 [Normal step time] batch 1300: 0.0537s
 [Normal step time] batch 1400: 0.0529s
 [Normal step time] batch 1500: 0.0589s
 [Normal step time] batch 1600: 0.0529s
 [Normal step time] batch 1700: 0.0529s
 [Normal step time] batch 1800: 0.0603s
 [Normal step time] batch 1900: 0.0533s
 [Normal step time] batch 2000: 0.0529s
Epoch 137/200 | Loss: 0.6820 | Val Acc: 69.34% | Peak VRAM: 4680.76 MB
 [Normal step time] batch 0: 0.0642s
 [Normal step time] batch 100: 0.0534s
 [Normal step time] batch 200: 0.0533s
 [Normal step time] batch 300: 0.0531s
 [Normal step time] batch 400: 0.0532s
 [Normal step time] batch 500: 0.0529s
 [Normal step time] batch 600: 0.0535s
 [Normal step time] batch 700: 0.0534s
 [Normal step time] batch 800: 0.0537s
 [Normal step time] batch 900: 0.0534s
 [Normal step time] batch 1000: 0.0531s
 [Normal step time] batch 1100: 0.0535s
 [Normal step time] batch 1200: 0.0533s
 [Normal step time] batch 1300: 0.0532s
 [Normal step time] batch 1400: 0.0529s
 [Normal step time] batch 1500: 0.0529s
 [Normal step time] batch 1600: 0.0529s
 [Normal step time] batch 1700: 0.0533s
 [Normal step time] batch 1800: 0.0533s
 [Normal step time] batch 1900: 0.0536s
 [Normal step time] batch 2000: 0.0535s
Epoch 138/200 | Loss: 0.6802 | Val Acc: 69.62% | Peak VRAM: 4680.76 MB
 [Normal step time] batch 0: 0.0558s
 [Normal step time] batch 100: 0.0530s
 [Normal step time] batch 200: 0.0578s
 [Normal step time] batch 300: 0.0531s
 [Normal step time] batch 400: 0.0613s
 [Normal step time] batch 500: 0.0545s
 [Normal step time] batch 600: 0.0602s
 [Normal step time] batch 700: 0.0533s
 [Normal step time] batch 800: 0.0535s
 [Normal step time] batch 900: 0.0532s
 [Normal step time] batch 1000: 0.0541s
 [Normal step time] batch 1100: 0.0533s
 [Normal step time] batch 1200: 0.0534s
 [Normal step time] batch 1300: 0.0529s
 [Normal step time] batch 1400: 0.0530s
 [Normal step time] batch 1500: 0.0603s
 [Normal step time] batch 1600: 0.0533s
 [Normal step time] batch 1700: 0.0607s
 [Normal step time] batch 1800: 0.0540s
 [Normal step time] batch 1900: 0.0532s
 [Normal step time] batch 2000: 0.0533s
Epoch 139/200 | Loss: 0.6785 | Val Acc: 69.72% | Peak VRAM: 4680.76 MB
 [Normal step time] batch 0: 0.0557s
 [Normal step time] batch 100: 0.0529s
 [Normal step time] batch 200: 0.0531s
 [Normal step time] batch 300: 0.0529s
 [Normal step time] batch 400: 0.0532s
 [Normal step time] batch 500: 0.0547s
 [Normal step time] batch 600: 0.0529s
 [Normal step time] batch 700: 0.0529s
 [Normal step time] batch 800: 0.0531s
 [Normal step time] batch 900: 0.0530s
 [Normal step time] batch 1000: 0.0529s
 [Normal step time] batch 1100: 0.0533s
 [Normal step time] batch 1200: 0.0532s
 [Normal step time] batch 1300: 0.0533s
 [Normal step time] batch 1400: 0.0531s
 [Normal step time] batch 1500: 0.0531s
 [Normal step time] batch 1600: 0.0532s
 [Normal step time] batch 1700: 0.0530s
 [Normal step time] batch 1800: 0.0531s
 [Normal step time] batch 1900: 0.0531s
 [Normal step time] batch 2000: 0.0535s
Epoch 140/200 | Loss: 0.6701 | Val Acc: 69.62% | Peak VRAM: 4680.76 MB
 [Normal step time] batch 0: 0.0659s
 [Normal step time] batch 100: 0.0530s
 [Normal step time] batch 200: 0.0531s
 [Normal step time] batch 300: 0.0532s
 [Normal step time] batch 400: 0.0531s
 [Normal step time] batch 500: 0.0531s
 [Normal step time] batch 600: 0.0533s
 [Normal step time] batch 700: 0.0529s
 [Normal step time] batch 800: 0.0532s
 [Normal step time] batch 900: 0.0527s
 [Normal step time] batch 1000: 0.0529s
 [Normal step time] batch 1100: 0.0529s
 [Normal step time] batch 1200: 0.0528s
 [Normal step time] batch 1300: 0.0534s
 [Normal step time] batch 1400: 0.0529s
 [Normal step time] batch 1500: 0.0608s
 [Normal step time] batch 1600: 0.0529s
 [Normal step time] batch 1700: 0.0566s
 [Normal step time] batch 1800: 0.0529s
 [Normal step time] batch 1900: 0.0529s
 [Normal step time] batch 2000: 0.0529s
Epoch 141/200 | Loss: 0.6662 | Val Acc: 68.80% | Peak VRAM: 4680.76 MB
 [Normal step time] batch 0: 0.0561s
 [Normal step time] batch 100: 0.0533s
 [Normal step time] batch 200: 0.0530s
 [Normal step time] batch 300: 0.0603s
 [Normal step time] batch 400: 0.0533s
 [Normal step time] batch 500: 0.0533s
 [Normal step time] batch 600: 0.0531s
 [Normal step time] batch 700: 0.0533s
 [Normal step time] batch 800: 0.0531s
 [Normal step time] batch 900: 0.0542s
 [Normal step time] batch 1000: 0.0530s
 [Normal step time] batch 1100: 0.0534s
 [Normal step time] batch 1200: 0.0532s
 [Normal step time] batch 1300: 0.0536s
 [Normal step time] batch 1400: 0.0530s
 [Normal step time] batch 1500: 0.0533s
 [Normal step time] batch 1600: 0.0534s
 [Normal step time] batch 1700: 0.0533s
 [Normal step time] batch 1800: 0.0535s
 [Normal step time] batch 1900: 0.0533s
 [Normal step time] batch 2000: 0.0550s
Epoch 142/200 | Loss: 0.6718 | Val Acc: 68.84% | Peak VRAM: 4680.76 MB
 [Normal step time] batch 0: 0.0571s
 [Normal step time] batch 100: 0.0532s
 [Normal step time] batch 200: 0.0531s
 [Normal step time] batch 300: 0.0535s
 [Normal step time] batch 400: 0.0532s
 [Normal step time] batch 500: 0.0545s
 [Normal step time] batch 600: 0.0530s
 [Normal step time] batch 700: 0.0530s
 [Normal step time] batch 800: 0.0561s
 [Normal step time] batch 900: 0.0534s
 [Normal step time] batch 1000: 0.0532s
 [Normal step time] batch 1100: 0.0530s
 [Normal step time] batch 1200: 0.0532s
 [Normal step time] batch 1300: 0.0530s
 [Normal step time] batch 1400: 0.0533s
 [Normal step time] batch 1500: 0.0530s
 [Normal step time] batch 1600: 0.0532s
 [Normal step time] batch 1700: 0.0531s
 [Normal step time] batch 1800: 0.0536s
 [Normal step time] batch 1900: 0.0533s
 [Normal step time] batch 2000: 0.0531s
Epoch 143/200 | Loss: 0.6635 | Val Acc: 69.52% | Peak VRAM: 4680.76 MB
 [Normal step time] batch 0: 0.0569s
 [Normal step time] batch 100: 0.0535s
 [Normal step time] batch 200: 0.0530s
 [Normal step time] batch 300: 0.0537s
 [Normal step time] batch 400: 0.0528s
 [Normal step time] batch 500: 0.0528s
 [Normal step time] batch 600: 0.0528s
 [Normal step time] batch 700: 0.0538s
 [Normal step time] batch 800: 0.0532s
 [Normal step time] batch 900: 0.0531s
 [Normal step time] batch 1000: 0.0618s
 [Normal step time] batch 1100: 0.0530s
 [Normal step time] batch 1200: 0.0535s
 [Normal step time] batch 1300: 0.0531s
 [Normal step time] batch 1400: 0.0535s
 [Normal step time] batch 1500: 0.0533s
 [Normal step time] batch 1600: 0.0548s
 [Normal step time] batch 1700: 0.0608s
 [Normal step time] batch 1800: 0.0533s
 [Normal step time] batch 1900: 0.0529s
 [Normal step time] batch 2000: 0.0540s
Epoch 144/200 | Loss: 0.6623 | Val Acc: 68.06% | Peak VRAM: 4680.76 MB
 [Normal step time] batch 0: 0.0657s
 [Normal step time] batch 100: 0.0535s
 [Normal step time] batch 200: 0.0532s
 [Normal step time] batch 300: 0.0531s
 [Normal step time] batch 400: 0.0606s
 [Normal step time] batch 500: 0.0533s
 [Normal step time] batch 600: 0.0530s
 [Normal step time] batch 700: 0.0538s
 [Normal step time] batch 800: 0.0533s
 [Normal step time] batch 900: 0.0532s
 [Normal step time] batch 1000: 0.0539s
 [Normal step time] batch 1100: 0.0531s
 [Normal step time] batch 1200: 0.0534s
 [Normal step time] batch 1300: 0.0536s
 [Normal step time] batch 1400: 0.0556s
 [Normal step time] batch 1500: 0.0613s
 [Normal step time] batch 1600: 0.0533s
 [Normal step time] batch 1700: 0.0531s
 [Normal step time] batch 1800: 0.0532s
 [Normal step time] batch 1900: 0.0534s
 [Normal step time] batch 2000: 0.0533s
Epoch 145/200 | Loss: 0.6588 | Val Acc: 69.04% | Peak VRAM: 4680.76 MB
 [Normal step time] batch 0: 0.0577s
 [Normal step time] batch 100: 0.0533s
 [Normal step time] batch 200: 0.0571s
 [Normal step time] batch 300: 0.0532s
 [Normal step time] batch 400: 0.0530s
 [Normal step time] batch 500: 0.0560s
 [Normal step time] batch 600: 0.0529s
 [Normal step time] batch 700: 0.0530s
 [Normal step time] batch 800: 0.0532s
 [Normal step time] batch 900: 0.0532s
 [Normal step time] batch 1000: 0.0531s
 [Normal step time] batch 1100: 0.0529s
 [Normal step time] batch 1200: 0.0529s
 [Normal step time] batch 1300: 0.0528s
 [Normal step time] batch 1400: 0.0530s
 [Normal step time] batch 1500: 0.0604s
 [Normal step time] batch 1600: 0.0532s
 [Normal step time] batch 1700: 0.0531s
 [Normal step time] batch 1800: 0.0532s
 [Normal step time] batch 1900: 0.0540s
 [Normal step time] batch 2000: 0.0531s
Epoch 146/200 | Loss: 0.6593 | Val Acc: 69.88% | Peak VRAM: 4680.76 MB
 [Normal step time] batch 0: 0.0574s
 [Normal step time] batch 100: 0.0534s
 [Normal step time] batch 200: 0.0532s
 [Normal step time] batch 300: 0.0573s
 [Normal step time] batch 400: 0.0544s
 [Normal step time] batch 500: 0.0530s
 [Normal step time] batch 600: 0.0531s
 [Normal step time] batch 700: 0.0531s
 [Normal step time] batch 800: 0.0533s
 [Normal step time] batch 900: 0.0531s
 [Normal step time] batch 1000: 0.0533s
 [Normal step time] batch 1100: 0.0530s
 [Normal step time] batch 1200: 0.0538s
 [Normal step time] batch 1300: 0.0531s
 [Normal step time] batch 1400: 0.0532s
 [Normal step time] batch 1500: 0.0553s
 [Normal step time] batch 1600: 0.0561s
 [Normal step time] batch 1700: 0.0530s
 [Normal step time] batch 1800: 0.0555s
 [Normal step time] batch 1900: 0.0530s
 [Normal step time] batch 2000: 0.0534s
Epoch 147/200 | Loss: 0.6566 | Val Acc: 68.88% | Peak VRAM: 4680.76 MB
 [Normal step time] batch 0: 0.0681s
 [Normal step time] batch 100: 0.0530s
 [Normal step time] batch 200: 0.0529s
 [Normal step time] batch 300: 0.0533s
 [Normal step time] batch 400: 0.0529s
 [Normal step time] batch 500: 0.0528s
 [Normal step time] batch 600: 0.0528s
 [Normal step time] batch 700: 0.0529s
 [Normal step time] batch 800: 0.0529s
 [Normal step time] batch 900: 0.0529s
 [Normal step time] batch 1000: 0.0529s
 [Normal step time] batch 1100: 0.0573s
 [Normal step time] batch 1200: 0.0564s
 [Normal step time] batch 1300: 0.0529s
 [Normal step time] batch 1400: 0.0534s
 [Normal step time] batch 1500: 0.0528s
 [Normal step time] batch 1600: 0.0573s
 [Normal step time] batch 1700: 0.0529s
 [Normal step time] batch 1800: 0.0529s
 [Normal step time] batch 1900: 0.0528s
 [Normal step time] batch 2000: 0.0548s
Epoch 148/200 | Loss: 0.6526 | Val Acc: 68.96% | Peak VRAM: 4680.76 MB
 [Normal step time] batch 0: 0.0564s
 [Normal step time] batch 100: 0.0529s
 [Normal step time] batch 200: 0.0535s
 [Normal step time] batch 300: 0.0528s
 [Normal step time] batch 400: 0.0532s
 [Normal step time] batch 500: 0.0529s
 [Normal step time] batch 600: 0.0529s
 [Normal step time] batch 700: 0.0531s
 [Normal step time] batch 800: 0.0603s
 [Normal step time] batch 900: 0.0531s
 [Normal step time] batch 1000: 0.0530s
 [Normal step time] batch 1100: 0.0555s
 [Normal step time] batch 1200: 0.0532s
 [Normal step time] batch 1300: 0.0536s
 [Normal step time] batch 1400: 0.0531s
 [Normal step time] batch 1500: 0.0531s
 [Normal step time] batch 1600: 0.0531s
 [Normal step time] batch 1700: 0.0579s
 [Normal step time] batch 1800: 0.0532s
 [Normal step time] batch 1900: 0.0530s
 [Normal step time] batch 2000: 0.0530s
Epoch 149/200 | Loss: 0.6496 | Val Acc: 69.10% | Peak VRAM: 4680.76 MB

[DEBUG] >>> PRUNING @ Epoch 150

[DEBUG] === ViT PDT Pruning (k-horizon=5): Epoch 150 ===

============================== ViT PDT k-horizon Pruning Report ==============================
 k_horizon=5 | Pruned: 3074 units | Overhead: 12.91s
 [ATTN] blocks.0.attn.qkv                        |    1/   6 |  83.3% pruned
 [FFN] blocks.0.mlp.fc1                         |  671/1536 |  56.3% pruned
 [ATTN] blocks.1.attn.qkv                        |    0/   6 | 100.0% pruned
 [FFN] blocks.1.mlp.fc1                         | 1060/1536 |  31.0% pruned
 [ATTN] blocks.2.attn.qkv                        |    0/   6 | 100.0% pruned
 [FFN] blocks.2.mlp.fc1                         |  959/1536 |  37.6% pruned
 [ATTN] blocks.3.attn.qkv                        |    1/   6 |  83.3% pruned
 [FFN] blocks.3.mlp.fc1                         |  579/1536 |  62.3% pruned
 [ATTN] blocks.4.attn.qkv                        |    1/   6 |  83.3% pruned
 [FFN] blocks.4.mlp.fc1                         |  842/1536 |  45.2% pruned
 [ATTN] blocks.5.attn.qkv                        |    2/   6 |  66.7% pruned
 [FFN] blocks.5.mlp.fc1                         |  913/1536 |  40.6% pruned
 [ATTN] blocks.6.attn.qkv                        |    1/   6 |  83.3% pruned
 [FFN] blocks.6.mlp.fc1                         |  857/1536 |  44.2% pruned
 [ATTN] blocks.7.attn.qkv                        |    0/   6 | 100.0% pruned
 [FFN] blocks.7.mlp.fc1                         |  897/1536 |  41.6% pruned
 [ATTN] blocks.8.attn.qkv                        |    1/   6 |  83.3% pruned
 [FFN] blocks.8.mlp.fc1                         |  954/1536 |  37.9% pruned
 [ATTN] blocks.9.attn.qkv                        |    1/   6 |  83.3% pruned
 [FFN] blocks.9.mlp.fc1                         |  754/1536 |  50.9% pruned
 [ATTN] blocks.10.attn.qkv                       |    0/   6 | 100.0% pruned
 [FFN] blocks.10.mlp.fc1                        |  291/1536 |  81.1% pruned
 [ATTN] blocks.11.attn.qkv                       |    1/   6 |  83.3% pruned
 [FFN] blocks.11.mlp.fc1                        |  114/1536 |  92.6% pruned

 Size: 29.42MB | Sparsity(weight): 63.68% | Speedup: 2.75x
===================================================================
🧹 Post-Pruning Memory Cleared & Graph Destroyed.

[Scientific Metrics - Epoch 150]
 🟢 Model Size: 81.00 MB -> 29.42 MB
 🔵 Sparsity: 51.90 %
 🟡 Speedup: 2.75x
💾 Checkpoint saved: deit_small_patch16_224_vit_pdt_ep150_sp51.90.pth
 [Normal step time] batch 100: 0.0600s
 [Normal step time] batch 200: 0.0529s
 [Normal step time] batch 300: 0.0530s
 [Normal step time] batch 400: 0.0530s
 [Normal step time] batch 500: 0.0529s
 [Normal step time] batch 600: 0.0606s
 [Normal step time] batch 700: 0.0534s
 [Normal step time] batch 800: 0.0534s
 [Normal step time] batch 900: 0.0605s
 [Normal step time] batch 1000: 0.0530s
 [Normal step time] batch 1100: 0.0534s
 [Normal step time] batch 1200: 0.0529s
 [Normal step time] batch 1300: 0.0533s
 [Normal step time] batch 1400: 0.0543s
 [Normal step time] batch 1500: 0.0532s
 [Normal step time] batch 1600: 0.0531s
 [Normal step time] batch 1700: 0.0533s
 [Normal step time] batch 1800: 0.0527s
 [Normal step time] batch 1900: 0.0528s
 [Normal step time] batch 2000: 0.0528s
Epoch 150/200 | Loss: 0.7825 | Val Acc: 66.96% | Peak VRAM: 21695.16 MB
 [Normal step time] batch 0: 0.0641s
 [Normal step time] batch 100: 0.0533s
 [Normal step time] batch 200: 0.0535s
 [Normal step time] batch 300: 0.0533s
 [Normal step time] batch 400: 0.0531s
 [Normal step time] batch 500: 0.0533s
 [Normal step time] batch 600: 0.0532s
 [Normal step time] batch 700: 0.0530s
 [Normal step time] batch 800: 0.0540s
 [Normal step time] batch 900: 0.0533s
 [Normal step time] batch 1000: 0.0531s
 [Normal step time] batch 1100: 0.0533s
 [Normal step time] batch 1200: 0.0532s
 [Normal step time] batch 1300: 0.0531s
 [Normal step time] batch 1400: 0.0529s
 [Normal step time] batch 1500: 0.0528s
 [Normal step time] batch 1600: 0.0531s
 [Normal step time] batch 1700: 0.0528s
 [Normal step time] batch 1800: 0.0528s
 [Normal step time] batch 1900: 0.0528s
 [Normal step time] batch 2000: 0.0528s
Epoch 151/200 | Loss: 0.7350 | Val Acc: 67.94% | Peak VRAM: 4680.76 MB
 [Normal step time] batch 0: 0.0637s
 [Normal step time] batch 100: 0.0534s
 [Normal step time] batch 200: 0.0530s
 [Normal step time] batch 300: 0.0529s
 [Normal step time] batch 400: 0.0528s
 [Normal step time] batch 500: 0.0529s
 [Normal step time] batch 600: 0.0600s
 [Normal step time] batch 700: 0.0532s
 [Normal step time] batch 800: 0.0530s
 [Normal step time] batch 900: 0.0533s
 [Normal step time] batch 1000: 0.0530s
 [Normal step time] batch 1100: 0.0527s
 [Normal step time] batch 1200: 0.0527s
 [Normal step time] batch 1300: 0.0529s
 [Normal step time] batch 1400: 0.0607s
 [Normal step time] batch 1500: 0.0533s
 [Normal step time] batch 1600: 0.0546s
 [Normal step time] batch 1700: 0.0534s
 [Normal step time] batch 1800: 0.0530s
 [Normal step time] batch 1900: 0.0530s
 [Normal step time] batch 2000: 0.0549s
Epoch 152/200 | Loss: 0.7291 | Val Acc: 68.88% | Peak VRAM: 4680.76 MB
 [Normal step time] batch 0: 0.0603s
 [Normal step time] batch 100: 0.0528s
 [Normal step time] batch 200: 0.0529s
 [Normal step time] batch 300: 0.0528s
 [Normal step time] batch 400: 0.0527s
 [Normal step time] batch 500: 0.0539s
 [Normal step time] batch 600: 0.0554s
 [Normal step time] batch 700: 0.0529s
 [Normal step time] batch 800: 0.0527s
 [Normal step time] batch 900: 0.0527s
 [Normal step time] batch 1000: 0.0526s
 [Normal step time] batch 1100: 0.0526s
 [Normal step time] batch 1200: 0.0526s
 [Normal step time] batch 1300: 0.0528s
 [Normal step time] batch 1400: 0.0527s
 [Normal step time] batch 1500: 0.0529s
 [Normal step time] batch 1600: 0.0528s
 [Normal step time] batch 1700: 0.0533s
 [Normal step time] batch 1800: 0.0531s
 [Normal step time] batch 1900: 0.0608s
 [Normal step time] batch 2000: 0.0532s
Epoch 153/200 | Loss: 0.7217 | Val Acc: 67.16% | Peak VRAM: 4680.76 MB
 [Normal step time] batch 0: 0.0614s
 [Normal step time] batch 100: 0.0570s
 [Normal step time] batch 200: 0.0531s
 [Normal step time] batch 300: 0.0538s
 [Normal step time] batch 400: 0.0610s
 [Normal step time] batch 500: 0.0531s
 [Normal step time] batch 600: 0.0549s
 [Normal step time] batch 700: 0.0535s
 [Normal step time] batch 800: 0.0532s
 [Normal step time] batch 900: 0.0530s
 [Normal step time] batch 1000: 0.0530s
 [Normal step time] batch 1100: 0.0527s
 [Normal step time] batch 1200: 0.0610s
 [Normal step time] batch 1300: 0.0526s
 [Normal step time] batch 1400: 0.0536s
 [Normal step time] batch 1500: 0.0574s
 [Normal step time] batch 1600: 0.0528s
 [Normal step time] batch 1700: 0.0529s
 [Normal step time] batch 1800: 0.0528s
 [Normal step time] batch 1900: 0.0529s
 [Normal step time] batch 2000: 0.0528s
Epoch 154/200 | Loss: 0.7107 | Val Acc: 68.64% | Peak VRAM: 4680.76 MB
 [Normal step time] batch 0: 0.0563s
 [Normal step time] batch 100: 0.0531s
 [Normal step time] batch 200: 0.0530s
 [Normal step time] batch 300: 0.0536s
 [Normal step time] batch 400: 0.0531s
 [Normal step time] batch 500: 0.0535s
 [Normal step time] batch 600: 0.0530s
 [Normal step time] batch 700: 0.0533s
 [Normal step time] batch 800: 0.0536s
 [Normal step time] batch 900: 0.0529s
 [Normal step time] batch 1000: 0.0532s
 [Normal step time] batch 1100: 0.0532s
 [Normal step time] batch 1200: 0.0533s
 [Normal step time] batch 1300: 0.0530s
 [Normal step time] batch 1400: 0.0533s
 [Normal step time] batch 1500: 0.0535s
 [Normal step time] batch 1600: 0.0554s
 [Normal step time] batch 1700: 0.0529s
 [Normal step time] batch 1800: 0.0533s
 [Normal step time] batch 1900: 0.0528s
 [Normal step time] batch 2000: 0.0534s
Epoch 155/200 | Loss: 0.7080 | Val Acc: 68.64% | Peak VRAM: 4680.76 MB
 [Normal step time] batch 0: 0.0588s
 [Normal step time] batch 100: 0.0532s
 [Normal step time] batch 200: 0.0560s
 [Normal step time] batch 300: 0.0528s
 [Normal step time] batch 400: 0.0532s
 [Normal step time] batch 500: 0.0532s
 [Normal step time] batch 600: 0.0606s
 [Normal step time] batch 700: 0.0531s
 [Normal step time] batch 800: 0.0577s
 [Normal step time] batch 900: 0.0530s
 [Normal step time] batch 1000: 0.0527s
 [Normal step time] batch 1100: 0.0532s
 [Normal step time] batch 1200: 0.0532s
 [Normal step time] batch 1300: 0.0529s
 [Normal step time] batch 1400: 0.0527s
 [Normal step time] batch 1500: 0.0534s
 [Normal step time] batch 1600: 0.0527s
 [Normal step time] batch 1700: 0.0544s
 [Normal step time] batch 1800: 0.0528s
 [Normal step time] batch 1900: 0.0531s
 [Normal step time] batch 2000: 0.0527s
Epoch 156/200 | Loss: 0.7011 | Val Acc: 67.86% | Peak VRAM: 4680.76 MB
 [Normal step time] batch 0: 0.0578s
 [Normal step time] batch 100: 0.0527s
 [Normal step time] batch 200: 0.0530s
 [Normal step time] batch 300: 0.0527s
 [Normal step time] batch 400: 0.0531s
 [Normal step time] batch 500: 0.0530s
 [Normal step time] batch 600: 0.0533s
 [Normal step time] batch 700: 0.0560s
 [Normal step time] batch 800: 0.0532s
 [Normal step time] batch 900: 0.0533s
 [Normal step time] batch 1000: 0.0603s
 [Normal step time] batch 1100: 0.0528s
 [Normal step time] batch 1200: 0.0529s
 [Normal step time] batch 1300: 0.0529s
 [Normal step time] batch 1400: 0.0528s
 [Normal step time] batch 1500: 0.0527s
 [Normal step time] batch 1600: 0.0538s
 [Normal step time] batch 1700: 0.0531s
 [Normal step time] batch 1800: 0.0593s
 [Normal step time] batch 1900: 0.0528s
 [Normal step time] batch 2000: 0.0533s
Epoch 157/200 | Loss: 0.7022 | Val Acc: 68.34% | Peak VRAM: 4680.76 MB
 [Normal step time] batch 0: 0.0653s
 [Normal step time] batch 100: 0.0528s
 [Normal step time] batch 200: 0.0536s
 [Normal step time] batch 300: 0.0532s
 [Normal step time] batch 400: 0.0527s
 [Normal step time] batch 500: 0.0529s
 [Normal step time] batch 600: 0.0531s
 [Normal step time] batch 700: 0.0531s
 [Normal step time] batch 800: 0.0604s
 [Normal step time] batch 900: 0.0529s
 [Normal step time] batch 1000: 0.0530s
 [Normal step time] batch 1100: 0.0527s
 [Normal step time] batch 1200: 0.0531s
 [Normal step time] batch 1300: 0.0608s
 [Normal step time] batch 1400: 0.0527s
 [Normal step time] batch 1500: 0.0529s
 [Normal step time] batch 1600: 0.0532s
 [Normal step time] batch 1700: 0.0529s
 [Normal step time] batch 1800: 0.0527s
 [Normal step time] batch 1900: 0.0528s
 [Normal step time] batch 2000: 0.0527s
Epoch 158/200 | Loss: 0.7023 | Val Acc: 68.22% | Peak VRAM: 4680.76 MB
 [Normal step time] batch 0: 0.0579s
 [Normal step time] batch 100: 0.0534s
 [Normal step time] batch 200: 0.0527s
 [Normal step time] batch 300: 0.0543s
 [Normal step time] batch 400: 0.0533s
 [Normal step time] batch 500: 0.0543s
 [Normal step time] batch 600: 0.0608s
 [Normal step time] batch 700: 0.0567s
 [Normal step time] batch 800: 0.0540s
 [Normal step time] batch 900: 0.0530s
 [Normal step time] batch 1000: 0.0530s
 [Normal step time] batch 1100: 0.0531s
 [Normal step time] batch 1200: 0.0529s
 [Normal step time] batch 1300: 0.0530s
 [Normal step time] batch 1400: 0.0539s
 [Normal step time] batch 1500: 0.0530s
 [Normal step time] batch 1600: 0.0529s
 [Normal step time] batch 1700: 0.0531s
 [Normal step time] batch 1800: 0.0529s
 [Normal step time] batch 1900: 0.0532s
 [Normal step time] batch 2000: 0.0527s
Epoch 159/200 | Loss: 0.6893 | Val Acc: 68.12% | Peak VRAM: 4680.76 MB
 [Normal step time] batch 0: 0.0577s
 [Normal step time] batch 100: 0.0529s
 [Normal step time] batch 200: 0.0532s
 [Normal step time] batch 300: 0.0529s
 [Normal step time] batch 400: 0.0536s
 [Normal step time] batch 500: 0.0571s
 [Normal step time] batch 600: 0.0530s
 [Normal step time] batch 700: 0.0529s
 [Normal step time] batch 800: 0.0529s
 [Normal step time] batch 900: 0.0607s
 [Normal step time] batch 1000: 0.0568s
 [Normal step time] batch 1100: 0.0531s
 [Normal step time] batch 1200: 0.0548s
 [Normal step time] batch 1300: 0.0606s
 [Normal step time] batch 1400: 0.0529s
 [Normal step time] batch 1500: 0.0529s
 [Normal step time] batch 1600: 0.0529s
 [Normal step time] batch 1700: 0.0529s
 [Normal step time] batch 1800: 0.0526s
 [Normal step time] batch 1900: 0.0531s
 [Normal step time] batch 2000: 0.0529s
Epoch 160/200 | Loss: 0.6954 | Val Acc: 69.12% | Peak VRAM: 4680.76 MB
 [Normal step time] batch 0: 0.0579s
 [Normal step time] batch 100: 0.0532s
 [Normal step time] batch 200: 0.0535s
 [Normal step time] batch 300: 0.0546s
 [Normal step time] batch 400: 0.0529s
 [Normal step time] batch 500: 0.0531s
 [Normal step time] batch 600: 0.0534s
 [Normal step time] batch 700: 0.0532s
 [Normal step time] batch 800: 0.0531s
 [Normal step time] batch 900: 0.0584s
 [Normal step time] batch 1000: 0.0613s
 [Normal step time] batch 1100: 0.0537s
 [Normal step time] batch 1200: 0.0535s
 [Normal step time] batch 1300: 0.0542s
 [Normal step time] batch 1400: 0.0532s
 [Normal step time] batch 1500: 0.0553s
 [Normal step time] batch 1600: 0.0530s
 [Normal step time] batch 1700: 0.0531s
 [Normal step time] batch 1800: 0.0529s
 [Normal step time] batch 1900: 0.0554s
 [Normal step time] batch 2000: 0.0528s
Epoch 161/200 | Loss: 0.6841 | Val Acc: 67.76% | Peak VRAM: 4680.76 MB
 [Normal step time] batch 0: 0.0552s
 [Normal step time] batch 100: 0.0527s
 [Normal step time] batch 200: 0.0530s
 [Normal step time] batch 300: 0.0530s
 [Normal step time] batch 400: 0.0586s
 [Normal step time] batch 500: 0.0527s
 [Normal step time] batch 600: 0.0527s
 [Normal step time] batch 700: 0.0527s
 [Normal step time] batch 800: 0.0527s
 [Normal step time] batch 900: 0.0527s
 [Normal step time] batch 1000: 0.0527s
 [Normal step time] batch 1100: 0.0532s
 [Normal step time] batch 1200: 0.0527s
 [Normal step time] batch 1300: 0.0527s
 [Normal step time] batch 1400: 0.0527s
 [Normal step time] batch 1500: 0.0527s
 [Normal step time] batch 1600: 0.0528s
 [Normal step time] batch 1700: 0.0527s
 [Normal step time] batch 1800: 0.0527s
 [Normal step time] batch 1900: 0.0544s
 [Normal step time] batch 2000: 0.0535s
Epoch 162/200 | Loss: 0.6876 | Val Acc: 68.50% | Peak VRAM: 4680.76 MB
 [Normal step time] batch 0: 0.0589s
 [Normal step time] batch 100: 0.0535s
 [Normal step time] batch 200: 0.0534s
 [Normal step time] batch 300: 0.0544s
 [Normal step time] batch 400: 0.0532s
 [Normal step time] batch 500: 0.0531s
 [Normal step time] batch 600: 0.0526s
 [Normal step time] batch 700: 0.0541s
 [Normal step time] batch 800: 0.0528s
 [Normal step time] batch 900: 0.0533s
 [Normal step time] batch 1000: 0.0529s
 [Normal step time] batch 1100: 0.0532s
 [Normal step time] batch 1200: 0.0528s
 [Normal step time] batch 1300: 0.0536s
 [Normal step time] batch 1400: 0.0527s
 [Normal step time] batch 1500: 0.0532s
 [Normal step time] batch 1600: 0.0529s
 [Normal step time] batch 1700: 0.0535s
 [Normal step time] batch 1800: 0.0542s
 [Normal step time] batch 1900: 0.0534s
 [Normal step time] batch 2000: 0.0527s
Epoch 163/200 | Loss: 0.6881 | Val Acc: 68.98% | Peak VRAM: 4680.76 MB
 [Normal step time] batch 0: 0.0611s
 [Normal step time] batch 100: 0.0532s
 [Normal step time] batch 200: 0.0536s
 [Normal step time] batch 300: 0.0529s
 [Normal step time] batch 400: 0.0529s
 [Normal step time] batch 500: 0.0528s
 [Normal step time] batch 600: 0.0529s
 [Normal step time] batch 700: 0.0532s
 [Normal step time] batch 800: 0.0533s
 [Normal step time] batch 900: 0.0529s
 [Normal step time] batch 1000: 0.0535s
 [Normal step time] batch 1100: 0.0527s
 [Normal step time] batch 1200: 0.0527s
 [Normal step time] batch 1300: 0.0527s
 [Normal step time] batch 1400: 0.0528s
 [Normal step time] batch 1500: 0.0528s
 [Normal step time] batch 1600: 0.0527s
 [Normal step time] batch 1700: 0.0527s
 [Normal step time] batch 1800: 0.0528s
 [Normal step time] batch 1900: 0.0595s
 [Normal step time] batch 2000: 0.0527s
Epoch 164/200 | Loss: 0.6869 | Val Acc: 68.26% | Peak VRAM: 4680.76 MB
 [Normal step time] batch 0: 0.0575s
 [Normal step time] batch 100: 0.0535s
 [Normal step time] batch 200: 0.0559s
 [Normal step time] batch 300: 0.0533s
 [Normal step time] batch 400: 0.0531s
 [Normal step time] batch 500: 0.0534s
 [Normal step time] batch 600: 0.0531s
 [Normal step time] batch 700: 0.0530s
 [Normal step time] batch 800: 0.0600s
 [Normal step time] batch 900: 0.0530s
 [Normal step time] batch 1000: 0.0530s
 [Normal step time] batch 1100: 0.0532s
 [Normal step time] batch 1200: 0.0529s
 [Normal step time] batch 1300: 0.0530s
 [Normal step time] batch 1400: 0.0600s
 [Normal step time] batch 1500: 0.0553s
 [Normal step time] batch 1600: 0.0535s
 [Normal step time] batch 1700: 0.0528s
 [Normal step time] batch 1800: 0.0531s
 [Normal step time] batch 1900: 0.0529s
 [Normal step time] batch 2000: 0.0535s
Epoch 165/200 | Loss: 0.6813 | Val Acc: 69.38% | Peak VRAM: 4680.76 MB
 [Normal step time] batch 0: 0.0624s
 [Normal step time] batch 100: 0.0527s
 [Normal step time] batch 200: 0.0584s
 [Normal step time] batch 300: 0.0529s
 [Normal step time] batch 400: 0.0604s
 [Normal step time] batch 500: 0.0533s
 [Normal step time] batch 600: 0.0530s
 [Normal step time] batch 700: 0.0530s
 [Normal step time] batch 800: 0.0530s
 [Normal step time] batch 900: 0.0529s
 [Normal step time] batch 1000: 0.0594s
 [Normal step time] batch 1100: 0.0530s
 [Normal step time] batch 1200: 0.0538s
 [Normal step time] batch 1300: 0.0528s
 [Normal step time] batch 1400: 0.0530s
 [Normal step time] batch 1500: 0.0531s
 [Normal step time] batch 1600: 0.0533s
 [Normal step time] batch 1700: 0.0533s
 [Normal step time] batch 1800: 0.0527s
 [Normal step time] batch 1900: 0.0531s
 [Normal step time] batch 2000: 0.0529s
Epoch 166/200 | Loss: 0.6783 | Val Acc: 68.66% | Peak VRAM: 4680.76 MB
 [Normal step time] batch 0: 0.0583s
 [Normal step time] batch 100: 0.0530s
 [Normal step time] batch 200: 0.0529s
 [Normal step time] batch 300: 0.0532s
 [Normal step time] batch 400: 0.0529s
 [Normal step time] batch 500: 0.0527s
 [Normal step time] batch 600: 0.0529s
 [Normal step time] batch 700: 0.0527s
 [Normal step time] batch 800: 0.0532s
 [Normal step time] batch 900: 0.0528s
 [Normal step time] batch 1000: 0.0532s
 [Normal step time] batch 1100: 0.0529s
 [Normal step time] batch 1200: 0.0529s
 [Normal step time] batch 1300: 0.0529s
 [Normal step time] batch 1400: 0.0538s
 [Normal step time] batch 1500: 0.0529s
 [Normal step time] batch 1600: 0.0529s
 [Normal step time] batch 1700: 0.0529s
 [Normal step time] batch 1800: 0.0529s
 [Normal step time] batch 1900: 0.0529s
 [Normal step time] batch 2000: 0.0528s
Epoch 167/200 | Loss: 0.6764 | Val Acc: 69.26% | Peak VRAM: 4680.76 MB
 [Normal step time] batch 0: 0.0543s
 [Normal step time] batch 100: 0.0532s
 [Normal step time] batch 200: 0.0529s
 [Normal step time] batch 300: 0.0530s
 [Normal step time] batch 400: 0.0560s
 [Normal step time] batch 500: 0.0529s
 [Normal step time] batch 600: 0.0529s
 [Normal step time] batch 700: 0.0533s
 [Normal step time] batch 800: 0.0531s
 [Normal step time] batch 900: 0.0530s
 [Normal step time] batch 1000: 0.0527s
 [Normal step time] batch 1100: 0.0528s
 [Normal step time] batch 1200: 0.0535s
 [Normal step time] batch 1300: 0.0531s
 [Normal step time] batch 1400: 0.0530s
 [Normal step time] batch 1500: 0.0528s
 [Normal step time] batch 1600: 0.0531s
 [Normal step time] batch 1700: 0.0533s
 [Normal step time] batch 1800: 0.0530s
 [Normal step time] batch 1900: 0.0538s
 [Normal step time] batch 2000: 0.0530s
Epoch 168/200 | Loss: 0.6710 | Val Acc: 67.58% | Peak VRAM: 4680.76 MB
 [Normal step time] batch 0: 0.0621s
 [Normal step time] batch 100: 0.0531s
 [Normal step time] batch 200: 0.0529s
 [Normal step time] batch 300: 0.0530s
 [Normal step time] batch 400: 0.0529s
 [Normal step time] batch 500: 0.0527s
 [Normal step time] batch 600: 0.0528s
 [Normal step time] batch 700: 0.0532s
 [Normal step time] batch 800: 0.0527s
 [Normal step time] batch 900: 0.0527s
 [Normal step time] batch 1000: 0.0531s
 [Normal step time] batch 1100: 0.0527s
 [Normal step time] batch 1200: 0.0531s
 [Normal step time] batch 1300: 0.0541s
 [Normal step time] batch 1400: 0.0597s
 [Normal step time] batch 1500: 0.0533s
 [Normal step time] batch 1600: 0.0665s
 [Normal step time] batch 1700: 0.0530s
 [Normal step time] batch 1800: 0.0532s
 [Normal step time] batch 1900: 0.0530s
 [Normal step time] batch 2000: 0.0563s
Epoch 169/200 | Loss: 0.6789 | Val Acc: 69.20% | Peak VRAM: 4680.76 MB

[DEBUG] >>> PRUNING @ Epoch 170

[DEBUG] === ViT PDT Pruning (k-horizon=5): Epoch 170 ===

============================== ViT PDT k-horizon Pruning Report ==============================
 k_horizon=5 | Pruned: 2242 units | Overhead: 13.44s
 [ATTN] blocks.0.attn.qkv                        |    0/   6 | 100.0% pruned
 [FFN] blocks.0.mlp.fc1                         |  662/1536 |  56.9% pruned
 [ATTN] blocks.1.attn.qkv                        |    0/   6 | 100.0% pruned
 [FFN] blocks.1.mlp.fc1                         |  882/1536 |  42.6% pruned
 [ATTN] blocks.2.attn.qkv                        |    0/   6 | 100.0% pruned
 [FFN] blocks.2.mlp.fc1                         |  791/1536 |  48.5% pruned
 [ATTN] blocks.3.attn.qkv                        |    1/   6 |  83.3% pruned
 [FFN] blocks.3.mlp.fc1                         |  547/1536 |  64.4% pruned
 [ATTN] blocks.4.attn.qkv                        |    1/   6 |  83.3% pruned
 [FFN] blocks.4.mlp.fc1                         |  758/1536 |  50.7% pruned
 [ATTN] blocks.5.attn.qkv                        |    2/   6 |  66.7% pruned
 [FFN] blocks.5.mlp.fc1                         |  712/1536 |  53.6% pruned
 [ATTN] blocks.6.attn.qkv                        |    0/   6 | 100.0% pruned
 [FFN] blocks.6.mlp.fc1                         |  771/1536 |  49.8% pruned
 [ATTN] blocks.7.attn.qkv                        |    0/   6 | 100.0% pruned
 [FFN] blocks.7.mlp.fc1                         |  772/1536 |  49.7% pruned
 [ATTN] blocks.8.attn.qkv                        |    1/   6 |  83.3% pruned
 [FFN] blocks.8.mlp.fc1                         |  825/1536 |  46.3% pruned
 [ATTN] blocks.9.attn.qkv                        |    1/   6 |  83.3% pruned
 [FFN] blocks.9.mlp.fc1                         |  677/1536 |  55.9% pruned
 [ATTN] blocks.10.attn.qkv                       |    0/   6 | 100.0% pruned
 [FFN] blocks.10.mlp.fc1                        |  271/1536 |  82.4% pruned
 [ATTN] blocks.11.attn.qkv                       |    1/   6 |  83.3% pruned
 [FFN] blocks.11.mlp.fc1                        |  104/1536 |  93.2% pruned

 Size: 25.39MB | Sparsity(weight): 68.65% | Speedup: 3.19x
===================================================================
🧹 Post-Pruning Memory Cleared & Graph Destroyed.

[Scientific Metrics - Epoch 170]
 🟢 Model Size: 81.00 MB -> 25.39 MB
 🔵 Sparsity: 57.96 %
 🟡 Speedup: 3.19x
💾 Checkpoint saved: deit_small_patch16_224_vit_pdt_ep170_sp57.96.pth
 [Normal step time] batch 100: 0.0535s
 [Normal step time] batch 200: 0.0529s
 [Normal step time] batch 300: 0.0528s
 [Normal step time] batch 400: 0.0562s
 [Normal step time] batch 500: 0.0529s
 [Normal step time] batch 600: 0.0533s
 [Normal step time] batch 700: 0.0529s
 [Normal step time] batch 800: 0.0529s
 [Normal step time] batch 900: 0.0529s
 [Normal step time] batch 1000: 0.0578s
 [Normal step time] batch 1100: 0.0526s
 [Normal step time] batch 1200: 0.0527s
 [Normal step time] batch 1300: 0.0527s
 [Normal step time] batch 1400: 0.0527s
 [Normal step time] batch 1500: 0.0527s
 [Normal step time] batch 1600: 0.0534s
 [Normal step time] batch 1700: 0.0535s
 [Normal step time] batch 1800: 0.0530s
 [Normal step time] batch 1900: 0.0526s
 [Normal step time] batch 2000: 0.0527s
Epoch 170/200 | Loss: 0.8618 | Val Acc: 67.40% | Peak VRAM: 21695.16 MB
 [Normal step time] batch 0: 0.0534s
 [Normal step time] batch 100: 0.0528s
 [Normal step time] batch 200: 0.0529s
 [Normal step time] batch 300: 0.0531s
 [Normal step time] batch 400: 0.0527s
 [Normal step time] batch 500: 0.0531s
 [Normal step time] batch 600: 0.0526s
 [Normal step time] batch 700: 0.0526s
 [Normal step time] batch 800: 0.0527s
 [Normal step time] batch 900: 0.0526s
 [Normal step time] batch 1000: 0.0528s
 [Normal step time] batch 1100: 0.0528s
 [Normal step time] batch 1200: 0.0528s
 [Normal step time] batch 1300: 0.0585s
 [Normal step time] batch 1400: 0.0529s
 [Normal step time] batch 1500: 0.0543s
 [Normal step time] batch 1600: 0.0536s
 [Normal step time] batch 1700: 0.0532s
 [Normal step time] batch 1800: 0.0537s
 [Normal step time] batch 1900: 0.0555s
 [Normal step time] batch 2000: 0.0527s
Epoch 171/200 | Loss: 0.8022 | Val Acc: 68.06% | Peak VRAM: 4680.76 MB
 [Normal step time] batch 0: 0.0651s
 [Normal step time] batch 100: 0.0528s
 [Normal step time] batch 200: 0.0541s
 [Normal step time] batch 300: 0.0528s
 [Normal step time] batch 400: 0.0549s
 [Normal step time] batch 500: 0.0531s
 [Normal step time] batch 600: 0.0528s
 [Normal step time] batch 700: 0.0540s
 [Normal step time] batch 800: 0.0531s
 [Normal step time] batch 900: 0.0529s
 [Normal step time] batch 1000: 0.0535s
 [Normal step time] batch 1100: 0.0529s
 [Normal step time] batch 1200: 0.0565s
 [Normal step time] batch 1300: 0.0533s
 [Normal step time] batch 1400: 0.0528s
 [Normal step time] batch 1500: 0.0526s
 [Normal step time] batch 1600: 0.0526s
 [Normal step time] batch 1700: 0.0581s
 [Normal step time] batch 1800: 0.0537s
 [Normal step time] batch 1900: 0.0534s
 [Normal step time] batch 2000: 0.0526s
Epoch 172/200 | Loss: 0.7901 | Val Acc: 66.44% | Peak VRAM: 4680.76 MB
 [Normal step time] batch 0: 0.0588s
 [Normal step time] batch 100: 0.0526s
 [Normal step time] batch 200: 0.0527s
 [Normal step time] batch 300: 0.0537s
 [Normal step time] batch 400: 0.0526s
 [Normal step time] batch 500: 0.0527s
 [Normal step time] batch 600: 0.0542s
 [Normal step time] batch 700: 0.0528s
 [Normal step time] batch 800: 0.0528s
 [Normal step time] batch 900: 0.0529s
 [Normal step time] batch 1000: 0.0547s
 [Normal step time] batch 1100: 0.0529s
 [Normal step time] batch 1200: 0.0528s
 [Normal step time] batch 1300: 0.0568s
 [Normal step time] batch 1400: 0.0530s
 [Normal step time] batch 1500: 0.0529s
 [Normal step time] batch 1600: 0.0528s
 [Normal step time] batch 1700: 0.0530s
 [Normal step time] batch 1800: 0.0529s
 [Normal step time] batch 1900: 0.0531s
 [Normal step time] batch 2000: 0.0530s
Epoch 173/200 | Loss: 0.7759 | Val Acc: 66.68% | Peak VRAM: 4680.76 MB
 [Normal step time] batch 0: 0.0625s
 [Normal step time] batch 100: 0.0528s
 [Normal step time] batch 200: 0.0529s
 [Normal step time] batch 300: 0.0530s
 [Normal step time] batch 400: 0.0528s
 [Normal step time] batch 500: 0.0531s
 [Normal step time] batch 600: 0.0529s
 [Normal step time] batch 700: 0.0530s
 [Normal step time] batch 800: 0.0543s
 [Normal step time] batch 900: 0.0529s
 [Normal step time] batch 1000: 0.0529s
 [Normal step time] batch 1100: 0.0535s
 [Normal step time] batch 1200: 0.0536s
 [Normal step time] batch 1300: 0.0530s
 [Normal step time] batch 1400: 0.0529s
 [Normal step time] batch 1500: 0.0545s
 [Normal step time] batch 1600: 0.0526s
 [Normal step time] batch 1700: 0.0532s
 [Normal step time] batch 1800: 0.0526s
 [Normal step time] batch 1900: 0.0530s
 [Normal step time] batch 2000: 0.0526s
Epoch 174/200 | Loss: 0.7688 | Val Acc: 67.74% | Peak VRAM: 4680.76 MB
 [Normal step time] batch 0: 0.0588s
 [Normal step time] batch 100: 0.0532s
 [Normal step time] batch 200: 0.0607s
 [Normal step time] batch 300: 0.0528s
 [Normal step time] batch 400: 0.0586s
 [Normal step time] batch 500: 0.0529s
 [Normal step time] batch 600: 0.0526s
 [Normal step time] batch 700: 0.0530s
 [Normal step time] batch 800: 0.0526s
 [Normal step time] batch 900: 0.0529s
 [Normal step time] batch 1000: 0.0583s
 [Normal step time] batch 1100: 0.0532s
 [Normal step time] batch 1200: 0.0528s
 [Normal step time] batch 1300: 0.0531s
 [Normal step time] batch 1400: 0.0606s
 [Normal step time] batch 1500: 0.0530s
 [Normal step time] batch 1600: 0.0526s
 [Normal step time] batch 1700: 0.0572s
 [Normal step time] batch 1800: 0.0528s
 [Normal step time] batch 1900: 0.0529s
 [Normal step time] batch 2000: 0.0530s
Epoch 175/200 | Loss: 0.7617 | Val Acc: 67.62% | Peak VRAM: 4680.76 MB
 [Normal step time] batch 0: 0.0575s
 [Normal step time] batch 100: 0.0528s
 [Normal step time] batch 200: 0.0547s
 [Normal step time] batch 300: 0.0528s
 [Normal step time] batch 400: 0.0527s
 [Normal step time] batch 500: 0.0535s
 [Normal step time] batch 600: 0.0529s
 [Normal step time] batch 700: 0.0529s
 [Normal step time] batch 800: 0.0528s
 [Normal step time] batch 900: 0.0531s
 [Normal step time] batch 1000: 0.0527s
 [Normal step time] batch 1100: 0.0529s
 [Normal step time] batch 1200: 0.0530s
 [Normal step time] batch 1300: 0.0529s
 [Normal step time] batch 1400: 0.0534s
 [Normal step time] batch 1500: 0.0527s
 [Normal step time] batch 1600: 0.0596s
 [Normal step time] batch 1700: 0.0526s
 [Normal step time] batch 1800: 0.0528s
 [Normal step time] batch 1900: 0.0526s
 [Normal step time] batch 2000: 0.0528s
Epoch 176/200 | Loss: 0.7560 | Val Acc: 66.78% | Peak VRAM: 4680.76 MB
 [Normal step time] batch 0: 0.0664s
 [Normal step time] batch 100: 0.0531s
 [Normal step time] batch 200: 0.0526s
 [Normal step time] batch 300: 0.0528s
 [Normal step time] batch 400: 0.0531s
 [Normal step time] batch 500: 0.0528s
 [Normal step time] batch 600: 0.0529s
 [Normal step time] batch 700: 0.0529s
 [Normal step time] batch 800: 0.0533s
 [Normal step time] batch 900: 0.0530s
 [Normal step time] batch 1000: 0.0535s
 [Normal step time] batch 1100: 0.0528s
 [Normal step time] batch 1200: 0.0529s
 [Normal step time] batch 1300: 0.0536s
 [Normal step time] batch 1400: 0.0531s
 [Normal step time] batch 1500: 0.0572s
 [Normal step time] batch 1600: 0.0533s
 [Normal step time] batch 1700: 0.0529s
 [Normal step time] batch 1800: 0.0529s
 [Normal step time] batch 1900: 0.0528s
 [Normal step time] batch 2000: 0.0528s
Epoch 177/200 | Loss: 0.7568 | Val Acc: 67.18% | Peak VRAM: 4680.76 MB
 [Normal step time] batch 0: 0.0550s
 [Normal step time] batch 100: 0.0529s
 [Normal step time] batch 200: 0.0527s
 [Normal step time] batch 300: 0.0526s
 [Normal step time] batch 400: 0.0526s
 [Normal step time] batch 500: 0.0527s
 [Normal step time] batch 600: 0.0526s
 [Normal step time] batch 700: 0.0526s
 [Normal step time] batch 800: 0.0526s
 [Normal step time] batch 900: 0.0644s
 [Normal step time] batch 1000: 0.0526s
 [Normal step time] batch 1100: 0.0526s
 [Normal step time] batch 1200: 0.0526s
 [Normal step time] batch 1300: 0.0526s
 [Normal step time] batch 1400: 0.0526s
 [Normal step time] batch 1500: 0.0530s
 [Normal step time] batch 1600: 0.0526s
 [Normal step time] batch 1700: 0.0560s
 [Normal step time] batch 1800: 0.0526s
 [Normal step time] batch 1900: 0.0526s
 [Normal step time] batch 2000: 0.0526s
Epoch 178/200 | Loss: 0.7476 | Val Acc: 65.66% | Peak VRAM: 4680.76 MB
 [Normal step time] batch 0: 0.0610s
 [Normal step time] batch 100: 0.0531s
 [Normal step time] batch 200: 0.0534s
 [Normal step time] batch 300: 0.0526s
 [Normal step time] batch 400: 0.0530s
 [Normal step time] batch 500: 0.0526s
 [Normal step time] batch 600: 0.0529s
 [Normal step time] batch 700: 0.0527s
 [Normal step time] batch 800: 0.0530s
 [Normal step time] batch 900: 0.0526s
 [Normal step time] batch 1000: 0.0527s
 [Normal step time] batch 1100: 0.0528s
 [Normal step time] batch 1200: 0.0530s
 [Normal step time] batch 1300: 0.0536s
 [Normal step time] batch 1400: 0.0561s
 [Normal step time] batch 1500: 0.0584s
 [Normal step time] batch 1600: 0.0527s
 [Normal step time] batch 1700: 0.0528s
 [Normal step time] batch 1800: 0.0604s
 [Normal step time] batch 1900: 0.0530s
 [Normal step time] batch 2000: 0.0531s
Epoch 179/200 | Loss: 0.7524 | Val Acc: 67.46% | Peak VRAM: 4680.76 MB
 [Normal step time] batch 0: 0.0614s
 [Normal step time] batch 100: 0.0534s
 [Normal step time] batch 200: 0.0546s
 [Normal step time] batch 300: 0.0556s
 [Normal step time] batch 400: 0.0530s
 [Normal step time] batch 500: 0.0526s
 [Normal step time] batch 600: 0.0526s
 [Normal step time] batch 700: 0.0532s
 [Normal step time] batch 800: 0.0526s
 [Normal step time] batch 900: 0.0561s
 [Normal step time] batch 1000: 0.0531s
 [Normal step time] batch 1100: 0.0529s
 [Normal step time] batch 1200: 0.0532s
 [Normal step time] batch 1300: 0.0531s
 [Normal step time] batch 1400: 0.0532s
 [Normal step time] batch 1500: 0.0528s
 [Normal step time] batch 1600: 0.0531s
 [Normal step time] batch 1700: 0.0530s
 [Normal step time] batch 1800: 0.0532s
 [Normal step time] batch 1900: 0.0529s
 [Normal step time] batch 2000: 0.0532s
Epoch 180/200 | Loss: 0.7425 | Val Acc: 67.84% | Peak VRAM: 4680.76 MB
 [Normal step time] batch 0: 0.0654s
 [Normal step time] batch 100: 0.0604s
 [Normal step time] batch 200: 0.0528s
 [Normal step time] batch 300: 0.0526s
 [Normal step time] batch 400: 0.0526s
 [Normal step time] batch 500: 0.0530s
 [Normal step time] batch 600: 0.0543s
 [Normal step time] batch 700: 0.0529s
 [Normal step time] batch 800: 0.0537s
 [Normal step time] batch 900: 0.0530s
 [Normal step time] batch 1000: 0.0528s
 [Normal step time] batch 1100: 0.0535s
 [Normal step time] batch 1200: 0.0530s
 [Normal step time] batch 1300: 0.0530s
 [Normal step time] batch 1400: 0.0532s
 [Normal step time] batch 1500: 0.0528s
 [Normal step time] batch 1600: 0.0531s
 [Normal step time] batch 1700: 0.0530s
 [Normal step time] batch 1800: 0.0531s
 [Normal step time] batch 1900: 0.0530s
 [Normal step time] batch 2000: 0.0577s
Epoch 181/200 | Loss: 0.7385 | Val Acc: 65.60% | Peak VRAM: 4680.76 MB
 [Normal step time] batch 0: 0.0578s
 [Normal step time] batch 100: 0.0530s
 [Normal step time] batch 200: 0.0527s
 [Normal step time] batch 300: 0.0609s
 [Normal step time] batch 400: 0.0528s
 [Normal step time] batch 500: 0.0531s
 [Normal step time] batch 600: 0.0567s
 [Normal step time] batch 700: 0.0526s
 [Normal step time] batch 800: 0.0549s
 [Normal step time] batch 900: 0.0526s
 [Normal step time] batch 1000: 0.0526s
 [Normal step time] batch 1100: 0.0528s
 [Normal step time] batch 1200: 0.0564s
 [Normal step time] batch 1300: 0.0529s
 [Normal step time] batch 1400: 0.0532s
 [Normal step time] batch 1500: 0.0613s
 [Normal step time] batch 1600: 0.0531s
 [Normal step time] batch 1700: 0.0533s
 [Normal step time] batch 1800: 0.0534s
 [Normal step time] batch 1900: 0.0529s
 [Normal step time] batch 2000: 0.0528s
Epoch 182/200 | Loss: 0.7349 | Val Acc: 66.56% | Peak VRAM: 4680.76 MB
 [Normal step time] batch 0: 0.0565s
 [Normal step time] batch 100: 0.0528s
 [Normal step time] batch 200: 0.0530s
 [Normal step time] batch 300: 0.0529s
 [Normal step time] batch 400: 0.0528s
 [Normal step time] batch 500: 0.0529s
 [Normal step time] batch 600: 0.0536s
 [Normal step time] batch 700: 0.0530s
 [Normal step time] batch 800: 0.0531s
 [Normal step time] batch 900: 0.0528s
 [Normal step time] batch 1000: 0.0532s
 [Normal step time] batch 1100: 0.0529s
 [Normal step time] batch 1200: 0.0587s
 [Normal step time] batch 1300: 0.0527s
 [Normal step time] batch 1400: 0.0527s
 [Normal step time] batch 1500: 0.0527s
 [Normal step time] batch 1600: 0.0578s
 [Normal step time] batch 1700: 0.0527s
 [Normal step time] batch 1800: 0.0527s
 [Normal step time] batch 1900: 0.0531s
 [Normal step time] batch 2000: 0.0527s
Epoch 183/200 | Loss: 0.7396 | Val Acc: 66.14% | Peak VRAM: 4680.76 MB
 [Normal step time] batch 0: 0.0713s
 [Normal step time] batch 100: 0.0529s
 [Normal step time] batch 200: 0.0568s
 [Normal step time] batch 300: 0.0527s
 [Normal step time] batch 400: 0.0529s
 [Normal step time] batch 500: 0.0530s
 [Normal step time] batch 600: 0.0531s
 [Normal step time] batch 700: 0.0551s
 [Normal step time] batch 800: 0.0536s
 [Normal step time] batch 900: 0.0531s
 [Normal step time] batch 1000: 0.0595s
 [Normal step time] batch 1100: 0.0532s
 [Normal step time] batch 1200: 0.0534s
 [Normal step time] batch 1300: 0.0528s
 [Normal step time] batch 1400: 0.0528s
 [Normal step time] batch 1500: 0.0526s
 [Normal step time] batch 1600: 0.0526s
 [Normal step time] batch 1700: 0.0527s
 [Normal step time] batch 1800: 0.0527s
 [Normal step time] batch 1900: 0.0527s
 [Normal step time] batch 2000: 0.0526s
Epoch 184/200 | Loss: 0.7320 | Val Acc: 66.88% | Peak VRAM: 4680.76 MB
 [Normal step time] batch 0: 0.0550s
 [Normal step time] batch 100: 0.0529s
 [Normal step time] batch 200: 0.0535s
 [Normal step time] batch 300: 0.0527s
 [Normal step time] batch 400: 0.0527s
 [Normal step time] batch 500: 0.0527s
 [Normal step time] batch 600: 0.0527s
 [Normal step time] batch 700: 0.0527s
 [Normal step time] batch 800: 0.0527s
 [Normal step time] batch 900: 0.0527s
 [Normal step time] batch 1000: 0.0527s
 [Normal step time] batch 1100: 0.0528s
 [Normal step time] batch 1200: 0.0530s
 [Normal step time] batch 1300: 0.0529s
 [Normal step time] batch 1400: 0.0529s
 [Normal step time] batch 1500: 0.0526s
 [Normal step time] batch 1600: 0.0528s
 [Normal step time] batch 1700: 0.0543s
 [Normal step time] batch 1800: 0.0529s
 [Normal step time] batch 1900: 0.0532s
 [Normal step time] batch 2000: 0.0600s
Epoch 185/200 | Loss: 0.7313 | Val Acc: 67.44% | Peak VRAM: 4680.76 MB
 [Normal step time] batch 0: 0.0633s
 [Normal step time] batch 100: 0.0528s
 [Normal step time] batch 200: 0.0529s
 [Normal step time] batch 300: 0.0529s
 [Normal step time] batch 400: 0.0532s
 [Normal step time] batch 500: 0.0526s
 [Normal step time] batch 600: 0.0530s
 [Normal step time] batch 700: 0.0539s
 [Normal step time] batch 800: 0.0528s
 [Normal step time] batch 900: 0.0529s
 [Normal step time] batch 1000: 0.0530s
 [Normal step time] batch 1100: 0.0526s
 [Normal step time] batch 1200: 0.0529s
 [Normal step time] batch 1300: 0.0528s
 [Normal step time] batch 1400: 0.0579s
 [Normal step time] batch 1500: 0.0526s
 [Normal step time] batch 1600: 0.0533s
 [Normal step time] batch 1700: 0.0527s
 [Normal step time] batch 1800: 0.0530s
 [Normal step time] batch 1900: 0.0542s
 [Normal step time] batch 2000: 0.0533s
Epoch 186/200 | Loss: 0.7250 | Val Acc: 65.92% | Peak VRAM: 4680.76 MB
 [Normal step time] batch 0: 0.0612s
 [Normal step time] batch 100: 0.0526s
 [Normal step time] batch 200: 0.0527s
 [Normal step time] batch 300: 0.0530s
 [Normal step time] batch 400: 0.0526s
 [Normal step time] batch 500: 0.0534s
 [Normal step time] batch 600: 0.0529s
 [Normal step time] batch 700: 0.0530s
 [Normal step time] batch 800: 0.0528s
 [Normal step time] batch 900: 0.0533s
 [Normal step time] batch 1000: 0.0533s
 [Normal step time] batch 1100: 0.0535s
 [Normal step time] batch 1200: 0.0526s
 [Normal step time] batch 1300: 0.0527s
 [Normal step time] batch 1400: 0.0532s
 [Normal step time] batch 1500: 0.0533s
 [Normal step time] batch 1600: 0.0531s
 [Normal step time] batch 1700: 0.0527s
 [Normal step time] batch 1800: 0.0599s
 [Normal step time] batch 1900: 0.0532s
 [Normal step time] batch 2000: 0.0541s
Epoch 187/200 | Loss: 0.7305 | Val Acc: 66.24% | Peak VRAM: 4680.76 MB
 [Normal step time] batch 0: 0.0589s
 [Normal step time] batch 100: 0.0531s
 [Normal step time] batch 200: 0.0528s
 [Normal step time] batch 300: 0.0531s
 [Normal step time] batch 400: 0.0528s
 [Normal step time] batch 500: 0.0533s
 [Normal step time] batch 600: 0.0536s
 [Normal step time] batch 700: 0.0529s
 [Normal step time] batch 800: 0.0526s
 [Normal step time] batch 900: 0.0528s
 [Normal step time] batch 1000: 0.0551s
 [Normal step time] batch 1100: 0.0536s
 [Normal step time] batch 1200: 0.0526s
 [Normal step time] batch 1300: 0.0529s
 [Normal step time] batch 1400: 0.0526s
 [Normal step time] batch 1500: 0.0529s
 [Normal step time] batch 1600: 0.0526s
 [Normal step time] batch 1700: 0.0529s
 [Normal step time] batch 1800: 0.0558s
 [Normal step time] batch 1900: 0.0529s
 [Normal step time] batch 2000: 0.0527s
Epoch 188/200 | Loss: 0.7219 | Val Acc: 66.14% | Peak VRAM: 4680.76 MB
 [Normal step time] batch 0: 0.0651s
 [Normal step time] batch 100: 0.0529s
 [Normal step time] batch 200: 0.0529s
 [Normal step time] batch 300: 0.0526s
 [Normal step time] batch 400: 0.0529s
 [Normal step time] batch 500: 0.0527s
 [Normal step time] batch 600: 0.0527s
 [Normal step time] batch 700: 0.0526s
 [Normal step time] batch 800: 0.0526s
 [Normal step time] batch 900: 0.0532s
 [Normal step time] batch 1000: 0.0531s
 [Normal step time] batch 1100: 0.0529s
 [Normal step time] batch 1200: 0.0601s
 [Normal step time] batch 1300: 0.0539s
 [Normal step time] batch 1400: 0.0529s
 [Normal step time] batch 1500: 0.0531s
 [Normal step time] batch 1600: 0.0533s
 [Normal step time] batch 1700: 0.0535s
 [Normal step time] batch 1800: 0.0532s
 [Normal step time] batch 1900: 0.0529s
 [Normal step time] batch 2000: 0.0529s
Epoch 189/200 | Loss: 0.7231 | Val Acc: 66.58% | Peak VRAM: 4680.76 MB

[DEBUG] >>> PRUNING @ Epoch 190

[DEBUG] === ViT PDT Pruning (k-horizon=5): Epoch 190 ===

============================== ViT PDT k-horizon Pruning Report ==============================
 k_horizon=5 | Pruned: 2704 units | Overhead: 13.66s
 [ATTN] blocks.0.attn.qkv                        |    0/   6 | 100.0% pruned
 [FFN] blocks.0.mlp.fc1                         |  569/1536 |  63.0% pruned
 [ATTN] blocks.1.attn.qkv                        |    0/   6 | 100.0% pruned
 [FFN] blocks.1.mlp.fc1                         |  700/1536 |  54.4% pruned
 [ATTN] blocks.2.attn.qkv                        |    0/   6 | 100.0% pruned
 [FFN] blocks.2.mlp.fc1                         |  641/1536 |  58.3% pruned
 [ATTN] blocks.3.attn.qkv                        |    1/   6 |  83.3% pruned
 [FFN] blocks.3.mlp.fc1                         |  511/1536 |  66.7% pruned
 [ATTN] blocks.4.attn.qkv                        |    1/   6 |  83.3% pruned
 [FFN] blocks.4.mlp.fc1                         |  613/1536 |  60.1% pruned
 [ATTN] blocks.5.attn.qkv                        |    2/   6 |  66.7% pruned
 [FFN] blocks.5.mlp.fc1                         |  653/1536 |  57.5% pruned
 [ATTN] blocks.6.attn.qkv                        |    0/   6 | 100.0% pruned
 [FFN] blocks.6.mlp.fc1                         |  589/1536 |  61.7% pruned
 [ATTN] blocks.7.attn.qkv                        |    0/   6 | 100.0% pruned
 [FFN] blocks.7.mlp.fc1                         |  605/1536 |  60.6% pruned
 [ATTN] blocks.8.attn.qkv                        |    1/   6 |  83.3% pruned
 [FFN] blocks.8.mlp.fc1                         |  708/1536 |  53.9% pruned
 [ATTN] blocks.9.attn.qkv                        |    1/   6 |  83.3% pruned
 [FFN] blocks.9.mlp.fc1                         |  501/1536 |  67.4% pruned
 [ATTN] blocks.10.attn.qkv                       |    0/   6 | 100.0% pruned
 [FFN] blocks.10.mlp.fc1                        |  236/1536 |  84.6% pruned
 [ATTN] blocks.11.attn.qkv                       |    1/   6 |  83.3% pruned
 [FFN] blocks.11.mlp.fc1                        |   94/1536 |  93.9% pruned

 Size: 21.43MB | Sparsity(weight): 73.54% | Speedup: 3.78x
===================================================================
🧹 Post-Pruning Memory Cleared & Graph Destroyed.

[Scientific Metrics - Epoch 190]
 🟢 Model Size: 81.00 MB -> 21.43 MB
 🔵 Sparsity: 65.27 %
 🟡 Speedup: 3.78x
💾 Checkpoint saved: deit_small_patch16_224_vit_pdt_ep190_sp65.27.pth
 [Normal step time] batch 100: 0.0526s
 [Normal step time] batch 200: 0.0530s
 [Normal step time] batch 300: 0.0527s
 [Normal step time] batch 400: 0.0532s
 [Normal step time] batch 500: 0.0532s
 [Normal step time] batch 600: 0.0532s
 [Normal step time] batch 700: 0.0527s
 [Normal step time] batch 800: 0.0527s
 [Normal step time] batch 900: 0.0561s
 [Normal step time] batch 1000: 0.0531s
 [Normal step time] batch 1100: 0.0564s
 [Normal step time] batch 1200: 0.0531s
 [Normal step time] batch 1300: 0.0527s
 [Normal step time] batch 1400: 0.0537s
 [Normal step time] batch 1500: 0.0527s
 [Normal step time] batch 1600: 0.0526s
 [Normal step time] batch 1700: 0.0527s
 [Normal step time] batch 1800: 0.0530s
 [Normal step time] batch 1900: 0.0528s
 [Normal step time] batch 2000: 0.0527s
Epoch 190/200 | Loss: 0.8221 | Val Acc: 66.08% | Peak VRAM: 21695.16 MB
 [Normal step time] batch 0: 0.0588s
 [Normal step time] batch 100: 0.0534s
 [Normal step time] batch 200: 0.0527s
 [Normal step time] batch 300: 0.0533s
 [Normal step time] batch 400: 0.0526s
 [Normal step time] batch 500: 0.0528s
 [Normal step time] batch 600: 0.0527s
 [Normal step time] batch 700: 0.0537s
 [Normal step time] batch 800: 0.0526s
 [Normal step time] batch 900: 0.0526s
 [Normal step time] batch 1000: 0.0530s
 [Normal step time] batch 1100: 0.0527s
 [Normal step time] batch 1200: 0.0524s
 [Normal step time] batch 1300: 0.0525s
 [Normal step time] batch 1400: 0.0528s
 [Normal step time] batch 1500: 0.0524s
 [Normal step time] batch 1600: 0.0527s
 [Normal step time] batch 1700: 0.0523s
 [Normal step time] batch 1800: 0.0523s
 [Normal step time] batch 1900: 0.0524s
 [Normal step time] batch 2000: 0.0528s
Epoch 191/200 | Loss: 0.7880 | Val Acc: 67.32% | Peak VRAM: 4680.76 MB
 [Normal step time] batch 0: 0.0702s
 [Normal step time] batch 100: 0.0530s
 [Normal step time] batch 200: 0.0554s
 [Normal step time] batch 300: 0.0524s
 [Normal step time] batch 400: 0.0532s
 [Normal step time] batch 500: 0.0529s
 [Normal step time] batch 600: 0.0526s
 [Normal step time] batch 700: 0.0543s
 [Normal step time] batch 800: 0.0528s
 [Normal step time] batch 900: 0.0525s
 [Normal step time] batch 1000: 0.0524s
 [Normal step time] batch 1100: 0.0524s
 [Normal step time] batch 1200: 0.0524s
 [Normal step time] batch 1300: 0.0529s
 [Normal step time] batch 1400: 0.0524s
 [Normal step time] batch 1500: 0.0526s
 [Normal step time] batch 1600: 0.0528s
 [Normal step time] batch 1700: 0.0532s
 [Normal step time] batch 1800: 0.0525s
 [Normal step time] batch 1900: 0.0524s
 [Normal step time] batch 2000: 0.0525s
Epoch 192/200 | Loss: 0.7779 | Val Acc: 66.90% | Peak VRAM: 4680.76 MB
 [Normal step time] batch 0: 0.0562s
 [Normal step time] batch 100: 0.0526s
 [Normal step time] batch 200: 0.0533s
 [Normal step time] batch 300: 0.0527s
 [Normal step time] batch 400: 0.0529s
 [Normal step time] batch 500: 0.0528s
 [Normal step time] batch 600: 0.0525s
 [Normal step time] batch 700: 0.0526s
 [Normal step time] batch 800: 0.0538s
 [Normal step time] batch 900: 0.0529s
 [Normal step time] batch 1000: 0.0527s
 [Normal step time] batch 1100: 0.0527s
 [Normal step time] batch 1200: 0.0527s
 [Normal step time] batch 1300: 0.0528s
 [Normal step time] batch 1400: 0.0527s
 [Normal step time] batch 1500: 0.0527s
/home/stella/anaconda3/envs/pdt/lib/python3.10/site-packages/torch_pruning/dependency/graph.py:390: UserWarning: Unwrapped parameters detected: ['cls_token', 'pos_embed'].
 Torch-Pruning will prune the last non-singleton dimension of these parameters. If you wish to change this behavior, please provide an unwrapped_parameters argument.
  warnings.warn(warning_str)
